split,filename,path,sha256
train,0001.png,/mnt/wmcontent/GLX/icassp/MBRS/datasets/train/0001.png,cdb20d7a462744c269d8e197f735c7bc42e7cda367a940a9b7bc27803b1c8619
train,0002.png,/mnt/wmcontent/GLX/icassp/MBRS/datasets/train/0002.png,82325cea74c2cd4681f69a10e36ba15c896d99ec47dc2c687ef07f7497781e09
train,0003.png,/mnt/wmcontent/GLX/icassp/MBRS/datasets/train/0003.png,ca9df4e0b258dee3ca63182e7204096818356a63e44f7c6eb3a632ca91516eb3
train,0004.png,/mnt/wmcontent/GLX/icassp/MBRS/datasets/train/0004.png,6675cdedc1665477fd40ea026080083244aab895012e2571383661c1d5614776
train,0005.png,/mnt/wmcontent/GLX/icassp/MBRS/datasets/train/0005.png,480d3a479aa5e317b070a952a75162974622ee7c2518fbf6327432151cbc3fba
train,0006.png,/mnt/wmcontent/GLX/icassp/MBRS/datasets/train/0006.png,bb01a167662a12c570d36f7653798bde06d6ff09f713519dd24309e1e6dffbba
train,0007.png,/mnt/wmcontent/GLX/icassp/MBRS/datasets/train/0007.png,5e9400ebfa394ed8966437bf83e12cf56f04c41cadd2a00820b51746c04551cd
train,0008.png,/mnt/wmcontent/GLX/icassp/MBRS/datasets/train/0008.png,d3ca47ccccac86959e75065205e6fa084c9479adf31901d52c39d7be8ae8377f
train,0009.png,/mnt/wmcontent/GLX/icassp/MBRS/datasets/train/0009.png,8a508c3fbe3731e947e9a7decf629b0accf052f266962389221f1aeb2148bafc
train,0010.png,/mnt/wmcontent/GLX/icassp/MBRS/datasets/train/0010.png,d916c83a32aeb5a812fb20f2b36c3b7395a39fac66d99b2637cf157cf4bf2687
train,0011.png,/mnt/wmcontent/GLX/icassp/MBRS/datasets/train/0011.png,eb4e0dc6828755dcd0a8977f7d84d128de00da6415456702442ba187a2d74c11
train,0012.png,/mnt/wmcontent/GLX/icassp/MBRS/datasets/train/0012.png,33617d0cda2dfc91890d13462e70c4a57b495db1391a3d1930213aadbd9ad955
train,0013.png,/mnt/wmcontent/GLX/icassp/MBRS/datasets/train/0013.png,64158f359000e81c3e19bc8a43632ee40ef9b400768322ff21046f51c59ae2dc
train,0014.png,/mnt/wmcontent/GLX/icassp/MBRS/datasets/train/0014.png,889f6c91540d49632e3d55fadeced0d8afb05d8c352fbf78b86461826eb31cd1
train,0015.png,/mnt/wmcontent/GLX/icassp/MBRS/datasets/train/0015.png,269800f7a5bf449ac260560b29bb9997c99b97db205509af6a0245421d5b2d70
train,0016.png,/mnt/wmcontent/GLX/icassp/MBRS/datasets/train/0016.png,d9863e6c6f0ffad885d0a6085865dd90f272a278e2681f03dc410a488e227cd3
train,0017.png,/mnt/wmcontent/GLX/icassp/MBRS/datasets/train/0017.png,ef5e86d335c807fcaa696bc4616ec052d5df5eda81ca9af3dd5bb550c3c66dd9
train,0018.png,/mnt/wmcontent/GLX/icassp/MBRS/datasets/train/0018.png,ed54c64959e8fc7c0db11b2b355909eebc83d5d0786dc6c25fe46edd5e2071cd
train,0019.png,/mnt/wmcontent/GLX/icassp/MBRS/datasets/train/0019.png,ffe28d0e27ae27ba533c54cafc7ff555066ccfe770d0fee7d2299e0c10be6668
train,0020.png,/mnt/wmcontent/GLX/icassp/MBRS/datasets/train/0020.png,dd0eca7b184c42e1d4cf92cd252af9a47eb1d099f0637844ed658929f2712b0b
train,0021.png,/mnt/wmcontent/GLX/icassp/MBRS/datasets/train/0021.png,db209727f57f4e2704afc97b034323b688b8fc787e64eb347327b4b2a74345fe
train,0022.png,/mnt/wmcontent/GLX/icassp/MBRS/datasets/train/0022.png,355073a33f0e281cbf1265d2cf275c85445eed6d54fcd4c6a3e18c57d0fbfb75
train,0023.png,/mnt/wmcontent/GLX/icassp/MBRS/datasets/train/0023.png,9b7f64067823e9bea8aae650e2cbff0d6482b24af111cc8728136e165d43e216
train,0024.png,/mnt/wmcontent/GLX/icassp/MBRS/datasets/train/0024.png,bbd58cb2a5b1f8c4e78a123ddc0bd950b1d433d7f0a0cc75d8c4544b0db48434
train,0025.png,/mnt/wmcontent/GLX/icassp/MBRS/datasets/train/0025.png,acf348dbd091edbbc8b485f6b846aefa84ad79e3777403534ae8457973e2e4dc
train,0026.png,/mnt/wmcontent/GLX/icassp/MBRS/datasets/train/0026.png,1187f8104782b6afdf3494b010272d76f3f1a4cbadc702172802de1af07e560c
train,0027.png,/mnt/wmcontent/GLX/icassp/MBRS/datasets/train/0027.png,a0acf5170e6d83818a5d11fc7a7505e59a2f5808d21c066bcee762ba870602e5
train,0028.png,/mnt/wmcontent/GLX/icassp/MBRS/datasets/train/0028.png,3001a82078238b2436a6ce8be9a5d7b5125d7fd7ce94c4a3c9b4ab1051df6867
train,0029.png,/mnt/wmcontent/GLX/icassp/MBRS/datasets/train/0029.png,2ea806b9ed81391db424b8936f3b721e7c30a98bc904eb599aec23f53060a39d
train,0030.png,/mnt/wmcontent/GLX/icassp/MBRS/datasets/train/0030.png,c3f5e4c388e62f356db1463e851a576bb2f71d60daa15fad01dfcb46844b2158
train,0031.png,/mnt/wmcontent/GLX/icassp/MBRS/datasets/train/0031.png,b85975a37b5573d62b44f17946758bfae27de0ed2e61c0cffd594af73356a7df
train,0032.png,/mnt/wmcontent/GLX/icassp/MBRS/datasets/train/0032.png,22eba96aa4473f913b5680f9dd3c515391c0a244a73f94d877f83450d47856f4
train,0033.png,/mnt/wmcontent/GLX/icassp/MBRS/datasets/train/0033.png,b8387c0a631a455b54a3d30d2e13da4790e2ac1c0dbef8fcb8b126d70cab8e75
train,0034.png,/mnt/wmcontent/GLX/icassp/MBRS/datasets/train/0034.png,aa96008e8970e61523db10ec07bc68847f39dcb4dc4e263b4f3f35b76bf832ad
train,0035.png,/mnt/wmcontent/GLX/icassp/MBRS/datasets/train/0035.png,3da333caf87ebffb5d5fe41796ec9d3b3786017ebd8a6d2c5b901457e3c26065
train,0036.png,/mnt/wmcontent/GLX/icassp/MBRS/datasets/train/0036.png,20fcb9d1d5656076152c45069eb9c11b7ff39ffd5f953ad285be34e8ecd36d4d
train,0037.png,/mnt/wmcontent/GLX/icassp/MBRS/datasets/train/0037.png,cefa928c443f2fe8d40e06be3e2ca5f6b2909fed240fd2b6c13104d560d540b4
train,0038.png,/mnt/wmcontent/GLX/icassp/MBRS/datasets/train/0038.png,26978f22aced05803848b76e5e973d0505d9fdb63dab0ca4aaf818a280540cb1
train,0039.png,/mnt/wmcontent/GLX/icassp/MBRS/datasets/train/0039.png,d695177bc34e023d93b7fe641d9d6c05a24dc18f61b9340b6dc14b30f1793127
train,0040.png,/mnt/wmcontent/GLX/icassp/MBRS/datasets/train/0040.png,6ad282af914594b465c7a85b7cfb62ff3217965972507ab8c19a182410b94afb
train,0041.png,/mnt/wmcontent/GLX/icassp/MBRS/datasets/train/0041.png,0d51db383545d05c9dc58aa72d4443fe0c1c2d722932b775adc369ab096682ce
train,0042.png,/mnt/wmcontent/GLX/icassp/MBRS/datasets/train/0042.png,407e771222779770767e7da6326861c634a8a4b58a2636aaf0cecc3a27dbc5bc
train,0043.png,/mnt/wmcontent/GLX/icassp/MBRS/datasets/train/0043.png,b8175c1b3283a3446dace54a8923a763fa57a9771bff1b139fe9e568f35ae2a2
train,0044.png,/mnt/wmcontent/GLX/icassp/MBRS/datasets/train/0044.png,9bd8c33275a95d23a90b23fb61036ed46b4ef79d5aee58630fccf57bb2e16c92
train,0045.png,/mnt/wmcontent/GLX/icassp/MBRS/datasets/train/0045.png,3533963e4d5636e858cee849e7795c34bb7ece9df01f7e1bda76bd6534d7130e
train,0046.png,/mnt/wmcontent/GLX/icassp/MBRS/datasets/train/0046.png,7d93cfe3b0d3b0f8d151cc9628b1a18458ede730e399e995574fcdfa9ff819a2
train,0047.png,/mnt/wmcontent/GLX/icassp/MBRS/datasets/train/0047.png,09dcd42ba113259c8c6ff8a32856b0a2ce4ff4a006f00f90324dcce8263cbdcb
train,0048.png,/mnt/wmcontent/GLX/icassp/MBRS/datasets/train/0048.png,10cec6d9f086aa5dba44ac25764bf60a656bc715bde7badb06e60d8f97a95bc8
train,0049.png,/mnt/wmcontent/GLX/icassp/MBRS/datasets/train/0049.png,78877e90175ad87cad996c302c0158f11c32779772af0b95363258b50f1f4122
train,0050.png,/mnt/wmcontent/GLX/icassp/MBRS/datasets/train/0050.png,a5c5e4edc3c67e23077367a1686a3b17b28d15be53a870a714de072aef5357ae
train,0051.png,/mnt/wmcontent/GLX/icassp/MBRS/datasets/train/0051.png,f25ec1c2b48880a1c18d0aea35e58e4c3fca88f232e8d68b53fd3a2f64e1d4ca
train,0052.png,/mnt/wmcontent/GLX/icassp/MBRS/datasets/train/0052.png,c71e0d23c8404a10e802d8ae12596808e5a8fe6d799f7dc991109e7e8967a830
train,0053.png,/mnt/wmcontent/GLX/icassp/MBRS/datasets/train/0053.png,851bd616928f0bdcb3f0fd12e4e132aaf23d7921e2d72979480e1c1712fe39b3
train,0054.png,/mnt/wmcontent/GLX/icassp/MBRS/datasets/train/0054.png,895c6a2652e8e26c325464f5664392795116b5b2587a2ddaf4e1fa46d15db862
train,0055.png,/mnt/wmcontent/GLX/icassp/MBRS/datasets/train/0055.png,90365ae45ad57b38aaf7f0307e3a175dafaa34ee067801b6a38e82421cde356a
train,0056.png,/mnt/wmcontent/GLX/icassp/MBRS/datasets/train/0056.png,71292fe0b5872579b6e50c13676792e3099e3e32a3964ba859723acd8c87de87
train,0057.png,/mnt/wmcontent/GLX/icassp/MBRS/datasets/train/0057.png,02a279fb64807b026e820b9b54548aee51e4fa17266d4952a2964f0fcf79dae3
train,0058.png,/mnt/wmcontent/GLX/icassp/MBRS/datasets/train/0058.png,2e0395db3b92dcd98f6027091769933b828a20266cbc2d76dc6ac7798df3e9d8
train,0059.png,/mnt/wmcontent/GLX/icassp/MBRS/datasets/train/0059.png,ac67d1c78e9d7ea46554a19976468a2fb0e7e12f14cd503c9679d842fc3579e9
train,0060.png,/mnt/wmcontent/GLX/icassp/MBRS/datasets/train/0060.png,d8e9509d5343f890a2ab1b6ff91eb880f06378bc89d835b686706df9ae150ce7
train,0061.png,/mnt/wmcontent/GLX/icassp/MBRS/datasets/train/0061.png,e263b3720f8b9e8504bebe0d92a7036403d07a4f9624ed30a54f3a01502a3ce6
train,0062.png,/mnt/wmcontent/GLX/icassp/MBRS/datasets/train/0062.png,924bb1ff23fbd80f4e175a96bd6fc6ffb90f45b8296885cab8af822b80e3f8f6
train,0063.png,/mnt/wmcontent/GLX/icassp/MBRS/datasets/train/0063.png,7ea1957be776d54b8eab579d7c59e9d7b6f8f667cc96da9498e39bfa29340df3
train,0064.png,/mnt/wmcontent/GLX/icassp/MBRS/datasets/train/0064.png,bfdb89ac1bfa888b34bf15146430116c1c7be4e7bc3b866197c57e3c75bc25cb
train,0065.png,/mnt/wmcontent/GLX/icassp/MBRS/datasets/train/0065.png,cb7d305ee9607573cbbc748c5138d048c5c236d770bee715808f8a939dabb487
train,0066.png,/mnt/wmcontent/GLX/icassp/MBRS/datasets/train/0066.png,06a4f7d753a59556e9787a71b326ec586dd0eef89f0a4c198b5da4e91a48b3b5
train,0067.png,/mnt/wmcontent/GLX/icassp/MBRS/datasets/train/0067.png,2b14c0a9e7eda643f34ff925b0c47eaff372fafa473ed7215079381d9e4477c7
train,0068.png,/mnt/wmcontent/GLX/icassp/MBRS/datasets/train/0068.png,7c096ad6d09277939848976aa02a8c4fc08e531c8012a1c3aa78edecd9ed7894
train,0069.png,/mnt/wmcontent/GLX/icassp/MBRS/datasets/train/0069.png,02a79c81f826a00b4705dc399bfb66c2e5d31640fc05d32e9c56dadbce7610b7
train,0070.png,/mnt/wmcontent/GLX/icassp/MBRS/datasets/train/0070.png,26fba4615c8977f11f0c54ab6eb345c7fe9ae0c5a18e7bd54d438587bff05ccf
train,0071.png,/mnt/wmcontent/GLX/icassp/MBRS/datasets/train/0071.png,a2ce809b0de6dac6144973c9d3a8e20ab2c595c2ce36ec29fec586b45d9f0870
train,0072.png,/mnt/wmcontent/GLX/icassp/MBRS/datasets/train/0072.png,6b3d172893f65651034b17847c352e1758e504e29b066c4d44c31bd189b3adef
train,0073.png,/mnt/wmcontent/GLX/icassp/MBRS/datasets/train/0073.png,e6b168949bdba8011b1d76b20697b3f463f6859567421b018ee19c10a3983d52
train,0074.png,/mnt/wmcontent/GLX/icassp/MBRS/datasets/train/0074.png,88b85fb08073769297fce6f819d28b849d5c97f655c7d73a9434b7a2d8aec7d2
train,0075.png,/mnt/wmcontent/GLX/icassp/MBRS/datasets/train/0075.png,11da011c99e964f07580f0b9696b5581fedfc020d4ed975b0d33a8a0e0f2c35e
train,0076.png,/mnt/wmcontent/GLX/icassp/MBRS/datasets/train/0076.png,ff975d15ac234df43951499eb6083b210f725bf5f5db60a02a01b38258df8b95
train,0077.png,/mnt/wmcontent/GLX/icassp/MBRS/datasets/train/0077.png,e9388b39ebc477d991872d6f8ff040e9b1d8462e4dd7002fdbfa2515a2ee022b
train,0078.png,/mnt/wmcontent/GLX/icassp/MBRS/datasets/train/0078.png,4821643b8deccdb1820b7a1638215a9aed8a34af6e765269eac0ccaca40b77da
train,0079.png,/mnt/wmcontent/GLX/icassp/MBRS/datasets/train/0079.png,1a3f88127a839182a791432302b38293970dfe4f928d40c73fafb3d412c8639c
train,0080.png,/mnt/wmcontent/GLX/icassp/MBRS/datasets/train/0080.png,0b5bd8c35a47a29d8e27db4542cf72d9f1ce14859410ddfaa7b8f9cabf2c8642
train,0081.png,/mnt/wmcontent/GLX/icassp/MBRS/datasets/train/0081.png,64793a9f56f92a3cabfd3d667cec35918e2119b67cb5db413a166eb35bf84154
train,0082.png,/mnt/wmcontent/GLX/icassp/MBRS/datasets/train/0082.png,14b94cd2112f812df702bc837c1852e1d827e58faef2f5b2e84483bb9b71d33d
train,0083.png,/mnt/wmcontent/GLX/icassp/MBRS/datasets/train/0083.png,a9a28db7e2d7b657d90c768b7723983b713f22d2940e1b90da696e325062c186
train,0084.png,/mnt/wmcontent/GLX/icassp/MBRS/datasets/train/0084.png,b9656b3ff694cc4d93886532276fa668dd8056ec0714dace654129e62a62426f
train,0085.png,/mnt/wmcontent/GLX/icassp/MBRS/datasets/train/0085.png,90af8713a5d9a18af7a761d0adad7c4cfba563a73c88240f5ad8f3119f76bfb5
train,0086.png,/mnt/wmcontent/GLX/icassp/MBRS/datasets/train/0086.png,d551c229e7801a8550a9e85575a1fbcffe3445c353a2c6cf5a7bf0b8f0f34224
train,0087.png,/mnt/wmcontent/GLX/icassp/MBRS/datasets/train/0087.png,d6c309cb59a9e74c4c2ac102c25c2b3e6102612de688e894ef9ce07f2c8a7a03
train,0088.png,/mnt/wmcontent/GLX/icassp/MBRS/datasets/train/0088.png,1a0e0bb1984074c83b76c5ecf2167f0bdd878d2db9ad3689d16752d04157de71
train,0089.png,/mnt/wmcontent/GLX/icassp/MBRS/datasets/train/0089.png,a223a6533b27e7db45fe3537264656df555b9a4cb51e59635f001bd7280cd972
train,0090.png,/mnt/wmcontent/GLX/icassp/MBRS/datasets/train/0090.png,8136bd49ae0f44221dffa0c9bf9e7e31d555b9fd21d9147a20a4d635c308cfd0
train,0091.png,/mnt/wmcontent/GLX/icassp/MBRS/datasets/train/0091.png,d8ef9a1811e57cc3d0edb058c3a61aeedcf5a9cf8f10e2829e4430c5c2293c30
train,0092.png,/mnt/wmcontent/GLX/icassp/MBRS/datasets/train/0092.png,fa995e4df605ab9170e02e03b03f90242397a32b6b69ad3974074a9827cb3b3e
train,0093.png,/mnt/wmcontent/GLX/icassp/MBRS/datasets/train/0093.png,700dad9353a71307aaf845233b57fdf9ab3b8e90ded35c20b6278411b7df9e28
train,0094.png,/mnt/wmcontent/GLX/icassp/MBRS/datasets/train/0094.png,357510ffef06557a5f5a31e379cf3e2b7538079326450d03c37d96064f2a1496
train,0095.png,/mnt/wmcontent/GLX/icassp/MBRS/datasets/train/0095.png,0165a6463557d59ef90a9753c0f5e41e8e3321cd411e77cc2ea0bca42e0e6227
train,0096.png,/mnt/wmcontent/GLX/icassp/MBRS/datasets/train/0096.png,220e960407020d28e0971d4e010c9621c9e3ec89709e121d4fcabd7ac5ff05cc
train,0097.png,/mnt/wmcontent/GLX/icassp/MBRS/datasets/train/0097.png,f996d901a7a94c9140c4513965648f0c636743e6263744004b233cfd124e0c18
train,0098.png,/mnt/wmcontent/GLX/icassp/MBRS/datasets/train/0098.png,6b66a311ef8d92768f0e219dc45c62412efd4da989a6b5906c5ec2ef9cc817ba
train,0099.png,/mnt/wmcontent/GLX/icassp/MBRS/datasets/train/0099.png,0a1c8c64624c91dea9f24c085453845beee6a907af8279371b0bb96442142dc1
train,0100.png,/mnt/wmcontent/GLX/icassp/MBRS/datasets/train/0100.png,8ec3d185e5abae7d7c003a3064a2cc4c3fa428f877a09ab15261296c46410318
train,0101.png,/mnt/wmcontent/GLX/icassp/MBRS/datasets/train/0101.png,a17199aa0248b44f92f06abcf6ba1584e35a515acdc317c0a1431032bccdb2ea
train,0102.png,/mnt/wmcontent/GLX/icassp/MBRS/datasets/train/0102.png,ee1a03217f4efce60fcfbd19d3a5cb4e878e59fa189866db10a6144158ad0972
train,0103.png,/mnt/wmcontent/GLX/icassp/MBRS/datasets/train/0103.png,436504555440a043104f1f3bd80c31e4a7d4181fe1732f1e5a20669055a92588
train,0104.png,/mnt/wmcontent/GLX/icassp/MBRS/datasets/train/0104.png,faae82ad5b49a289348927071585b0778416bde11ce2d4237fc97a8faa3538a2
train,0105.png,/mnt/wmcontent/GLX/icassp/MBRS/datasets/train/0105.png,0cd639c71229b4f44e328f4a701a2d295c92b777f1c9599c239247b196860547
train,0106.png,/mnt/wmcontent/GLX/icassp/MBRS/datasets/train/0106.png,4b4e1c22c4cf232b6d1fd7172d9f6da5372b7e0d59bd17ff5d12caf39f35d901
train,0107.png,/mnt/wmcontent/GLX/icassp/MBRS/datasets/train/0107.png,b13b86e484d0f3bdf4fa566fe24469958ea49eeef3d157751f830639d6743e12
train,0108.png,/mnt/wmcontent/GLX/icassp/MBRS/datasets/train/0108.png,228ef9bb2a1051e92cc91890f2f4369bdf78fc664937ce82c53dd9fab07e3453
train,0109.png,/mnt/wmcontent/GLX/icassp/MBRS/datasets/train/0109.png,61103546a278d0d4864cbbc86d76408cbeee591b931f62877c4a1e5443b14bfc
train,0110.png,/mnt/wmcontent/GLX/icassp/MBRS/datasets/train/0110.png,49fbec6570d657a29a807f4dd2292855b80c0ea617358aab85835c8db93a8c64
train,0111.png,/mnt/wmcontent/GLX/icassp/MBRS/datasets/train/0111.png,d631fb12f5a38ecc118358183bf251688fdd19d96a9333355826fbeb895652ae
train,0112.png,/mnt/wmcontent/GLX/icassp/MBRS/datasets/train/0112.png,1597880347c73afdf957264c66da8b2eb8d31b6ce150f78d10cf3567b617c790
train,0113.png,/mnt/wmcontent/GLX/icassp/MBRS/datasets/train/0113.png,27897c5fe79b85d0e9ec735b8f38c328ab1e5a7125140bf64b7f7c5948b912ad
train,0114.png,/mnt/wmcontent/GLX/icassp/MBRS/datasets/train/0114.png,f5a15f7f6f549998b134c46ae2eb108deed87c4ef934c8d8f8fb4ec67a73ab4c
train,0115.png,/mnt/wmcontent/GLX/icassp/MBRS/datasets/train/0115.png,b08214ed8a205d5ff148eb14541de6117f282350bc3e4fc46d2efa8c848073e1
train,0116.png,/mnt/wmcontent/GLX/icassp/MBRS/datasets/train/0116.png,c1a05137c5a86f9fccf8453feb52e6273c858365dc5d6f570c0264bc2a6744ff
train,0117.png,/mnt/wmcontent/GLX/icassp/MBRS/datasets/train/0117.png,d31c929b75f986cc8cf2eb02cb1bb9830651e707f8dcdeb5a22254a668f002b9
train,0118.png,/mnt/wmcontent/GLX/icassp/MBRS/datasets/train/0118.png,2728eb13443a5a36c3cf2648164437d2483048ef7c41d4b237c5c43d05f7f94c
train,0119.png,/mnt/wmcontent/GLX/icassp/MBRS/datasets/train/0119.png,70a378c67eb19757f0378304b55dee062546f6c995d016a943d1e0db6a66daab
train,0120.png,/mnt/wmcontent/GLX/icassp/MBRS/datasets/train/0120.png,2fc59bc6c8c620e5e4aa98a770d9003b9e6e8c36d27fd40445dd46166efa1985
train,0121.png,/mnt/wmcontent/GLX/icassp/MBRS/datasets/train/0121.png,dbcb599eda1ffee563ff4fa854607ac8bd1c769fac65d30b4a4cbf50225c2dd8
train,0122.png,/mnt/wmcontent/GLX/icassp/MBRS/datasets/train/0122.png,0a63f961e461355eceb4fd2ea359bc642bb33274255284f251877b5f9db3962f
train,0123.png,/mnt/wmcontent/GLX/icassp/MBRS/datasets/train/0123.png,c81f8443ca091c84a64f47326d6731f1976640fa932da7aca85ef7be22f27d5d
train,0124.png,/mnt/wmcontent/GLX/icassp/MBRS/datasets/train/0124.png,e377e842d15a9cb325a883015ae94376a59db1c965232b973ebbdb2e8536d563
train,0125.png,/mnt/wmcontent/GLX/icassp/MBRS/datasets/train/0125.png,c68c53f6265b33735f9e88d4129ba1d92b0b511b3fd58d67d8e9ae762bcac769
train,0126.png,/mnt/wmcontent/GLX/icassp/MBRS/datasets/train/0126.png,9bf3748b8b7434f70a8ebdc5e1e06aa1686440415fc59170163d2c73c9c4d9eb
train,0127.png,/mnt/wmcontent/GLX/icassp/MBRS/datasets/train/0127.png,b80e6ab7551cdf234c3b41402b7eae90de890df4797dc8f355cf72cd1d36a5fd
train,0128.png,/mnt/wmcontent/GLX/icassp/MBRS/datasets/train/0128.png,b16a2b058ce3883b90f5106db375d41a9f57e75d12acf7ec58d52e81e3215d85
train,0129.png,/mnt/wmcontent/GLX/icassp/MBRS/datasets/train/0129.png,102cd067f6d25399aeb35aa6fbc284948fea63f7424246c4f2efd70fce79b367
train,0130.png,/mnt/wmcontent/GLX/icassp/MBRS/datasets/train/0130.png,abeb48fc701ae171f19b0bd6a319a6fbff250c10c79c3130263d51fe34ea3c47
train,0131.png,/mnt/wmcontent/GLX/icassp/MBRS/datasets/train/0131.png,9cda6bf4d1f0f2c2eb6691ff54c2448970b725ea768595f702c3f5f9787ce46b
train,0132.png,/mnt/wmcontent/GLX/icassp/MBRS/datasets/train/0132.png,f0a67bc7ce4b692f9b083f63a2897d5471b6d87ad7c83b4155d244d37e73be32
train,0133.png,/mnt/wmcontent/GLX/icassp/MBRS/datasets/train/0133.png,51f0d62ac3989620333868b1b6076628adbe1ac71be6a1f90fc03e0c6c593410
train,0134.png,/mnt/wmcontent/GLX/icassp/MBRS/datasets/train/0134.png,31dda565c507008f611fd7e62e0539aa2a5725202c9774e2b9dbabd154d2347e
train,0135.png,/mnt/wmcontent/GLX/icassp/MBRS/datasets/train/0135.png,179ceae2c5a55e29e0fa669d1ec86eadbcfb21175e62c5b6ccc27ea3929f92af
train,0136.png,/mnt/wmcontent/GLX/icassp/MBRS/datasets/train/0136.png,a984a76edf6ec2d451f173506f750d9ff9299605c5b6bdbdfe4c54ae06cdb7dc
train,0137.png,/mnt/wmcontent/GLX/icassp/MBRS/datasets/train/0137.png,247751d4a6776074b8afcb5d73f87445f24f23afacf1a14e493bb56c298e4d26
train,0138.png,/mnt/wmcontent/GLX/icassp/MBRS/datasets/train/0138.png,8a5cbd87172b993973f4cc2955b8b7d44ac3ef34ec4a9cc15366bb2db00df4ad
train,0139.png,/mnt/wmcontent/GLX/icassp/MBRS/datasets/train/0139.png,290376853f81ec56ae8c33fbbc4092ae8e263e46b6802a303354c4ce8b1a80d8
train,0140.png,/mnt/wmcontent/GLX/icassp/MBRS/datasets/train/0140.png,4ddab3216c317bec2e80c930917db0441ee6b4da0c5f2d9d2aadf7fd607c5305
train,0141.png,/mnt/wmcontent/GLX/icassp/MBRS/datasets/train/0141.png,a61bc27ef097085c5d3d023872d60bee6e4e2c8745ea3ad8a9c04407d7d8c2cd
train,0142.png,/mnt/wmcontent/GLX/icassp/MBRS/datasets/train/0142.png,60763a4183b94f9af013525217999f6a4379afed3d0d11509d76f116784342a2
train,0143.png,/mnt/wmcontent/GLX/icassp/MBRS/datasets/train/0143.png,8dfe46f9471cd02dfd2ed8210b20eda798566066b30c5e66539933a6e67124d7
train,0144.png,/mnt/wmcontent/GLX/icassp/MBRS/datasets/train/0144.png,1d19dbebecc14a73e4fc18eb1fd666eec078958920b6af38125223045bd76cc7
train,0145.png,/mnt/wmcontent/GLX/icassp/MBRS/datasets/train/0145.png,19b9945e8c21a9cd4c62cffae87cdaaf785d6880efb1073d6a254efa2352f1f8
train,0146.png,/mnt/wmcontent/GLX/icassp/MBRS/datasets/train/0146.png,a42a42b058e0c2dc58eda688722f90764b1ce580f85356686e7089dd46ce696c
train,0147.png,/mnt/wmcontent/GLX/icassp/MBRS/datasets/train/0147.png,a0041977f478f9af7912f91fc343a466284939d25d25ecf7dc91cbbdbff2d16e
train,0148.png,/mnt/wmcontent/GLX/icassp/MBRS/datasets/train/0148.png,9c1aaf32482899c1b315a44b8fc63f01df1de1c9bc428b77f098a5049026f312
train,0149.png,/mnt/wmcontent/GLX/icassp/MBRS/datasets/train/0149.png,84e00ba8ddbc5a58289257924ebb356d715cb8b7231b0e20d2c2786a8d4cd1d8
train,0150.png,/mnt/wmcontent/GLX/icassp/MBRS/datasets/train/0150.png,639f4abcafd4d4f11a089b368efe73cd46c0a1494174553c929919a6fd706369
train,0151.png,/mnt/wmcontent/GLX/icassp/MBRS/datasets/train/0151.png,11b0b67db20d1fa45897708d109a02813a566c1f360905c7bd0cf5c3c3565dd7
train,0152.png,/mnt/wmcontent/GLX/icassp/MBRS/datasets/train/0152.png,11e31aa9aed30a530184fff1b71bd6b01dd5a21f1656e734510fdb5e1acd4227
train,0153.png,/mnt/wmcontent/GLX/icassp/MBRS/datasets/train/0153.png,ae042b96d80ec472c8b3a66d6368d877bf5692967821f269343e17323b8e481c
train,0154.png,/mnt/wmcontent/GLX/icassp/MBRS/datasets/train/0154.png,dd84473d645d4af932da23343343aa0e31e5e2bcc6c2a49d254df316ebef5ab7
train,0155.png,/mnt/wmcontent/GLX/icassp/MBRS/datasets/train/0155.png,04613267744853a28799957473723fc7ba4f448b4d74426737bc687706e3a773
train,0156.png,/mnt/wmcontent/GLX/icassp/MBRS/datasets/train/0156.png,fde40d2a64e5423518318b5563964674bfa05aed8c5aa194a65ceed2dece80d7
train,0157.png,/mnt/wmcontent/GLX/icassp/MBRS/datasets/train/0157.png,2b51ff8ff0ac94b7b5bd140b50284ebadec0b4bc636dbe92988ac2b7784bb4be
train,0158.png,/mnt/wmcontent/GLX/icassp/MBRS/datasets/train/0158.png,7a6db36bcbf17a0ad606583b0d929ec99045a843a9ec6b7af2eff1c9ee40c62d
train,0159.png,/mnt/wmcontent/GLX/icassp/MBRS/datasets/train/0159.png,888e76c6e071942d52afea140f9cadb0fe732d9974e4c4b5df9a00c9df73c7fa
train,0160.png,/mnt/wmcontent/GLX/icassp/MBRS/datasets/train/0160.png,08752b937851374c8654c559cf60ad015a7e2447eb2ebe8b74b5bcee8676b995
train,0161.png,/mnt/wmcontent/GLX/icassp/MBRS/datasets/train/0161.png,581833fc9536c0c06fed6d5f2cec9094bf34d65137c15df179fad260eefeb689
train,0162.png,/mnt/wmcontent/GLX/icassp/MBRS/datasets/train/0162.png,b5a92abb04bb3d455d492d584aeff57ee5dd836cee6c47b90ca578d0f7c2e655
train,0163.png,/mnt/wmcontent/GLX/icassp/MBRS/datasets/train/0163.png,910682b64d20803270315a14f8887a7ff140782e2a568373a88a2343a84bca9f
train,0164.png,/mnt/wmcontent/GLX/icassp/MBRS/datasets/train/0164.png,4a35437e2e817d0b67e766b50d2a39a9d217a0a30655e4de65ad8c660479e145
train,0165.png,/mnt/wmcontent/GLX/icassp/MBRS/datasets/train/0165.png,df6056ca4d53e571fcdf676d6d9c5e9bcf2beedab03e57cd4ec3d7a4f6287d70
train,0166.png,/mnt/wmcontent/GLX/icassp/MBRS/datasets/train/0166.png,b089293f9428e0a13ea33d11dfeb899c70e971d0e7cc98f2d3c06fff795c7956
train,0167.png,/mnt/wmcontent/GLX/icassp/MBRS/datasets/train/0167.png,2721bcad3bf73a85f550aba1aafd3d44ade18b474495384fd5deb0e9370a88fa
train,0168.png,/mnt/wmcontent/GLX/icassp/MBRS/datasets/train/0168.png,7da57c142fdf2598c530d23bc512e4afe8ca78f6c8fe5f1583e9f853b5011f15
train,0169.png,/mnt/wmcontent/GLX/icassp/MBRS/datasets/train/0169.png,6e7f1eab55c93b0e32b2f527805c55121c3ae273625c55bcef0eee66a0316329
train,0170.png,/mnt/wmcontent/GLX/icassp/MBRS/datasets/train/0170.png,ddc3f0f56066ddbb5c2f0bade7a9a07ad7f1a23136980a0a87cda2e4c89f1a36
train,0171.png,/mnt/wmcontent/GLX/icassp/MBRS/datasets/train/0171.png,462d7a1c3690b969630c6d64351bc607269a4a63a3b526ba2145170cc4b5535a
train,0172.png,/mnt/wmcontent/GLX/icassp/MBRS/datasets/train/0172.png,148bed7e282ca7ba6111e02acdb7d610a154541f859cee28c7401bc672f01996
train,0173.png,/mnt/wmcontent/GLX/icassp/MBRS/datasets/train/0173.png,03b93c41d4f8263a1e56b0c89c68619aaddfe0c9f6a8f8593a0fb47395d976c4
train,0174.png,/mnt/wmcontent/GLX/icassp/MBRS/datasets/train/0174.png,69787f41cb13c825cf23db17ed52cd42d67d05636333203a9af1b8a61043fceb
train,0175.png,/mnt/wmcontent/GLX/icassp/MBRS/datasets/train/0175.png,8669d942e5ac12386a29f9a10b5980140592780cdd878470c6f4a21ec8923e77
train,0176.png,/mnt/wmcontent/GLX/icassp/MBRS/datasets/train/0176.png,2a47aab848f0318f697c9719871dc8a1688e08e0c26f6766d9479f2bc5b43c42
train,0177.png,/mnt/wmcontent/GLX/icassp/MBRS/datasets/train/0177.png,8501c6d613bab50c3721c7201dcab2fb39c2e9a5d120ff03d1fc7e584cb778ad
train,0178.png,/mnt/wmcontent/GLX/icassp/MBRS/datasets/train/0178.png,74a83f6bac166dba09ac2110c7e1660945ee76616f8bd27824385197afded72b
train,0179.png,/mnt/wmcontent/GLX/icassp/MBRS/datasets/train/0179.png,3107595c3513ca6d3e22f4c0865577986556c90d4074dfc43c355aa621a77233
train,0180.png,/mnt/wmcontent/GLX/icassp/MBRS/datasets/train/0180.png,c3237bdb692b7b2b71b477ba7ff09d6dd3ac761a7237344538250399d95ab784
train,0181.png,/mnt/wmcontent/GLX/icassp/MBRS/datasets/train/0181.png,5ecff5a413d5368eeb4dc8ae57d238feb17632a91319dbeb99b5ffb8d9e0122d
train,0182.png,/mnt/wmcontent/GLX/icassp/MBRS/datasets/train/0182.png,36060546387eafcaf7010b8100cf69ac24f1823d59224a485753a542b49bb287
train,0183.png,/mnt/wmcontent/GLX/icassp/MBRS/datasets/train/0183.png,8407206f9d37c2a4d44f6d2368ee5e2d8b262bdeb051bdbdfdb74c06802a1e3a
train,0184.png,/mnt/wmcontent/GLX/icassp/MBRS/datasets/train/0184.png,0d0e553138164feaacea0b9989aae9a1f9c7ca81bfa874fbd8dbd6dc65b0ee44
train,0185.png,/mnt/wmcontent/GLX/icassp/MBRS/datasets/train/0185.png,ed141bf08a492f7c70765158f93cea9022bbf745a87ff49925a27ffdc8aaaafd
train,0186.png,/mnt/wmcontent/GLX/icassp/MBRS/datasets/train/0186.png,2898b56dce9e31815222f4225a5939438dee54e9adecc296744126b28e7ad9fe
train,0187.png,/mnt/wmcontent/GLX/icassp/MBRS/datasets/train/0187.png,4e4069c398c780e23a890156eed39329136b09a4279e35b2600d67cbf5b659a1
train,0188.png,/mnt/wmcontent/GLX/icassp/MBRS/datasets/train/0188.png,20758ead8003c01a119650dfadcc5aee334e1b4e5059c972bfc2a0cc1d347283
train,0189.png,/mnt/wmcontent/GLX/icassp/MBRS/datasets/train/0189.png,6ba872ba271909f54dc2cfdfaaa1683f6d580e6ed960af0fc42a0e93bc242d4a
train,0190.png,/mnt/wmcontent/GLX/icassp/MBRS/datasets/train/0190.png,0ca93559f8ca17c8eefee5b127e3c066cb8f29ec22e969329ec4d8ab7511538e
train,0191.png,/mnt/wmcontent/GLX/icassp/MBRS/datasets/train/0191.png,1e69b8e2de2e7bba45afbd4a7890b3dc26662af5224649233878cc635b13b679
train,0192.png,/mnt/wmcontent/GLX/icassp/MBRS/datasets/train/0192.png,0e6dd87752aa811d1b60de9908c7017f1ec16860974d8899ed211e1fdcc61210
train,0193.png,/mnt/wmcontent/GLX/icassp/MBRS/datasets/train/0193.png,01c95d8e55b9c9102fb55be86464ad17b7c5c65689b677c1a3431d6fbcaf1e45
train,0194.png,/mnt/wmcontent/GLX/icassp/MBRS/datasets/train/0194.png,d3fcdef1c56e016dad4d5db059623850681f0d4d854edee4a83eafeb693b9035
train,0195.png,/mnt/wmcontent/GLX/icassp/MBRS/datasets/train/0195.png,baa3477dcd8bbfcf71bb87b75dd807caaa101509f3556750f5acd2115ce86852
train,0196.png,/mnt/wmcontent/GLX/icassp/MBRS/datasets/train/0196.png,9fd05098caaaeeb06dff01b890bd68bc63a19971f03c388aad2aa5a83bf11c44
train,0197.png,/mnt/wmcontent/GLX/icassp/MBRS/datasets/train/0197.png,3c03412cdde2871dfa0fe9f814888dee290e76d785150d508cee3420b4ed8933
train,0198.png,/mnt/wmcontent/GLX/icassp/MBRS/datasets/train/0198.png,b7eab2a59aea4c1b12f091a110c470838805170ef1bf8958d6f9cf25d05e5a92
train,0199.png,/mnt/wmcontent/GLX/icassp/MBRS/datasets/train/0199.png,d237dd67084a657f5d5d7c4a7440ed63f8db886a2a2bb53cbc8cc929bb914b12
train,0200.png,/mnt/wmcontent/GLX/icassp/MBRS/datasets/train/0200.png,7a44c7fe49c3f3a2fbd64f5bcf7ec783267c56a357c140ed8c5f2cc821e1af7e
train,0201.png,/mnt/wmcontent/GLX/icassp/MBRS/datasets/train/0201.png,7375c012959d3f057e4eeb167d56ad4c80374506b230351b09875b8f9e233a3b
train,0202.png,/mnt/wmcontent/GLX/icassp/MBRS/datasets/train/0202.png,e2716a2b23ee6813d94bacf522be047baaec98033c9f3a1ccffd18763409229b
train,0203.png,/mnt/wmcontent/GLX/icassp/MBRS/datasets/train/0203.png,b66ab6f03acad23e67243d9ba027c76cdb69dbd051a35badb2789d5552d1fd77
train,0204.png,/mnt/wmcontent/GLX/icassp/MBRS/datasets/train/0204.png,518cbd479674f5ebebc23269adb5c3b546690802b2ad3c267ba8022302bd14b6
train,0205.png,/mnt/wmcontent/GLX/icassp/MBRS/datasets/train/0205.png,fa5d4df04890d130162555ce7b3c3f2a979159f35a5edace05810d07661901e0
train,0206.png,/mnt/wmcontent/GLX/icassp/MBRS/datasets/train/0206.png,2245804110a27e7ad60b3be0ec5cc2afd81eebdf3b26dcb3d0fe32d4c71d65bb
train,0207.png,/mnt/wmcontent/GLX/icassp/MBRS/datasets/train/0207.png,7a28b9eb02f4d2779bfac5a28f4d7ad8929f2de6440526fb23f79723f5d64ece
train,0208.png,/mnt/wmcontent/GLX/icassp/MBRS/datasets/train/0208.png,457164bbc543d490dbe203561e313c22e2d89717a39571d533476b9ceabe0f9d
train,0209.png,/mnt/wmcontent/GLX/icassp/MBRS/datasets/train/0209.png,38579bb9e5cc29fa6a46af80912e968eb3f6a403b9ee1eeb6298895f76318788
train,0210.png,/mnt/wmcontent/GLX/icassp/MBRS/datasets/train/0210.png,52e4108bedaff92a5723b436d176f00f9bfba3a223e3f736a331828992a418b3
train,0211.png,/mnt/wmcontent/GLX/icassp/MBRS/datasets/train/0211.png,85c5b5773cd31b538a6f3bb40b0ecfa324401e0ba0bd301cc6930c41206ec83f
train,0212.png,/mnt/wmcontent/GLX/icassp/MBRS/datasets/train/0212.png,0da99695da03c7b024d82353c15d085461fc4663e55d0469a7fe519547bef528
train,0213.png,/mnt/wmcontent/GLX/icassp/MBRS/datasets/train/0213.png,e802fa092b1439b0d9a19091a75bb0034e70332ce2ff958b1efbb1437715762a
train,0214.png,/mnt/wmcontent/GLX/icassp/MBRS/datasets/train/0214.png,560a38eadda630d9321f70e5093f990de8147c3df91605be56b9438947eb2262
train,0215.png,/mnt/wmcontent/GLX/icassp/MBRS/datasets/train/0215.png,5bbafccaf893cbdf3c67d87995a57113bc68ee7769e330bacadef74b23bfc367
train,0216.png,/mnt/wmcontent/GLX/icassp/MBRS/datasets/train/0216.png,dc5425da65c952b8a12fd53298ac275d706b8d59b3c62220f1080bdc46829fd4
train,0217.png,/mnt/wmcontent/GLX/icassp/MBRS/datasets/train/0217.png,e27b78711affc7cf64cf2c7b04ecf3164508edee15462d8256ad41b9e3ec14c6
train,0218.png,/mnt/wmcontent/GLX/icassp/MBRS/datasets/train/0218.png,59c7e24075a0ad8755b83a0dea603a86f2d4c676ebeb75643155b6fa4224becc
train,0219.png,/mnt/wmcontent/GLX/icassp/MBRS/datasets/train/0219.png,51887cdff3dc37fde7f8211c2cd46d8a845e7eb421276d202e1448c38a4bcb45
train,0220.png,/mnt/wmcontent/GLX/icassp/MBRS/datasets/train/0220.png,f610182caba69e2e7f15bd306b949d912c873b7a87dde092d06b1d07d617b300
train,0221.png,/mnt/wmcontent/GLX/icassp/MBRS/datasets/train/0221.png,58dab133c333d84e4a60250797f1c6fdee235640b7e46d3a46a5a52754dafb06
train,0222.png,/mnt/wmcontent/GLX/icassp/MBRS/datasets/train/0222.png,efb9127b7fc465ad41eca390c43fa89b5f1f57cabd869788424a45bb6658428b
train,0223.png,/mnt/wmcontent/GLX/icassp/MBRS/datasets/train/0223.png,bd9961cfc41aebfbfe90626013f41c8130e575f7841d1224136936ea1c6952eb
train,0224.png,/mnt/wmcontent/GLX/icassp/MBRS/datasets/train/0224.png,28388eed8b919d32a78d5fddf968e8155797eab9962ad80b0ac16d8047f6fcd0
train,0225.png,/mnt/wmcontent/GLX/icassp/MBRS/datasets/train/0225.png,26c4e6c4861d4014ea31e5e1164543b047936a4778f74b8a1e491ebbe347241a
train,0226.png,/mnt/wmcontent/GLX/icassp/MBRS/datasets/train/0226.png,cdc735cfce004536c287d5a7f1e2d4704a1ba73feb11fc5c4f9328d901e29754
train,0227.png,/mnt/wmcontent/GLX/icassp/MBRS/datasets/train/0227.png,f8e843509885f07baf2cee2e6ad79482812b73106ff75d3223adfacf05c0fd44
train,0228.png,/mnt/wmcontent/GLX/icassp/MBRS/datasets/train/0228.png,477a8fd810f4c93954ff26d88de840cf865270e4c26453214c6b75f1a86a83c8
train,0229.png,/mnt/wmcontent/GLX/icassp/MBRS/datasets/train/0229.png,e985cdadc0861ae47a76ae66a46290b7aa322b4d2596727634b144cb205c2d18
train,0230.png,/mnt/wmcontent/GLX/icassp/MBRS/datasets/train/0230.png,853a998600107043c3129e60efc94515bbc5396d51e2eed401f247e32108b614
train,0231.png,/mnt/wmcontent/GLX/icassp/MBRS/datasets/train/0231.png,cf83b5fa090b4e7c61b5396a96637ff5e5f3264009bda82f6c20ac70b9dff202
train,0232.png,/mnt/wmcontent/GLX/icassp/MBRS/datasets/train/0232.png,ea0441623821b921584dc5ae4d0a44316ee728a382af9bea06153a9d3e24719c
train,0233.png,/mnt/wmcontent/GLX/icassp/MBRS/datasets/train/0233.png,b8f169ce2076d66ef10434263ce9df1ba8975a147fa40db506e456371d6e2e7a
train,0234.png,/mnt/wmcontent/GLX/icassp/MBRS/datasets/train/0234.png,2cd4d84a96f0a483b2df22098df7a2906cd28cfe90f963d642c5a2278cc26166
train,0235.png,/mnt/wmcontent/GLX/icassp/MBRS/datasets/train/0235.png,9947bc5e4c412e9bce6673c49816845c0159f2d4eda1a5d68b6944a876f68b15
train,0236.png,/mnt/wmcontent/GLX/icassp/MBRS/datasets/train/0236.png,9a7f0fdbd808927031003de0c5cbbb1d2cc5b468f70146ac9d1fa2c630648652
train,0237.png,/mnt/wmcontent/GLX/icassp/MBRS/datasets/train/0237.png,b21bf511d6f04cd8059d72a453393ac38af652e8a68e38088dbcbc8889214ee2
train,0238.png,/mnt/wmcontent/GLX/icassp/MBRS/datasets/train/0238.png,10cd6d3cbeb88472fbbcd688a48060eb55ee6596927dfd0a8ec253b8ba388c27
train,0239.png,/mnt/wmcontent/GLX/icassp/MBRS/datasets/train/0239.png,4bb06796ec8ce11d04c1ed4e5e5bd55161bd79787e5e54a4d349645e80173bd1
train,0240.png,/mnt/wmcontent/GLX/icassp/MBRS/datasets/train/0240.png,6ae0e1750a063e7ef8a425dd58881647029b63cf19751d4c9fcb019807853758
train,0241.png,/mnt/wmcontent/GLX/icassp/MBRS/datasets/train/0241.png,5f0818b4e5fed33d7ab310755d2caf1cfc450467c491d80825c9640a567c2b60
train,0242.png,/mnt/wmcontent/GLX/icassp/MBRS/datasets/train/0242.png,d48b70c7b7403c40f2dbec4215c58e0dcf7d2b81e19334d2ed47db6e34582658
train,0243.png,/mnt/wmcontent/GLX/icassp/MBRS/datasets/train/0243.png,527d38f2ac83a783e8f13f106088aff9256aebd66a1a5dd0fea1d6d5a533a44c
train,0244.png,/mnt/wmcontent/GLX/icassp/MBRS/datasets/train/0244.png,2c3be5c77be6bd586037248ee156942fa6461c691d0023de0bd9beb3da6dcf26
train,0245.png,/mnt/wmcontent/GLX/icassp/MBRS/datasets/train/0245.png,8548d03660113143137b3b9421e861246556a3b91dcbddb411803312230e74a7
train,0246.png,/mnt/wmcontent/GLX/icassp/MBRS/datasets/train/0246.png,ca52f444477387d8a24d9bbb3f2bae7870d912e9f3b6aaedeeed320cd755ce81
train,0247.png,/mnt/wmcontent/GLX/icassp/MBRS/datasets/train/0247.png,81e5f35e2bbdeb0128137639e53cf217bfa720bb8af0bd229bcf76177ebf14df
train,0248.png,/mnt/wmcontent/GLX/icassp/MBRS/datasets/train/0248.png,786804ffefffcf8b22ae6c64abc3b9e69ddade3d1bf762e9ef0b568a7d4e2430
train,0249.png,/mnt/wmcontent/GLX/icassp/MBRS/datasets/train/0249.png,ef938b2489091114f6e69d7c348db40141428699eaffa39ccd965012ed2cdbd5
train,0250.png,/mnt/wmcontent/GLX/icassp/MBRS/datasets/train/0250.png,7347943a7b0139e453188f33bde03529efcedbcd608f53bc5e178a5ff2d8875c
train,0251.png,/mnt/wmcontent/GLX/icassp/MBRS/datasets/train/0251.png,3c225f4ef41fe816f0ad1617b20db5cf92c0bd73c09aac6b3b8be5e7adbe7f48
train,0252.png,/mnt/wmcontent/GLX/icassp/MBRS/datasets/train/0252.png,f0dbe99aafc815430b6ba455c00b063e7e04c235c869729580951554ce50b0e8
train,0253.png,/mnt/wmcontent/GLX/icassp/MBRS/datasets/train/0253.png,780fdf0055a171b7d099918d48d9410ba8abe274eac746204ebd88cbfd11970e
train,0254.png,/mnt/wmcontent/GLX/icassp/MBRS/datasets/train/0254.png,4d0fa218f1f1d1e591980ecd32c5c5a3f7b4af23e62d7588a7fed7bbe99ac61a
train,0255.png,/mnt/wmcontent/GLX/icassp/MBRS/datasets/train/0255.png,49976e223dbf9da8e5c0ca82aee6a9588acecf1c9e51f7e1ba221cbfba6e8d44
train,0256.png,/mnt/wmcontent/GLX/icassp/MBRS/datasets/train/0256.png,89e404a4cbab9139bef7aed887da2deda3292685fdf9fee1d9539f382d41e52d
train,0257.png,/mnt/wmcontent/GLX/icassp/MBRS/datasets/train/0257.png,4cdd45a2f575857878079dd3928988e5394dccc0878327efaa923905a284d0e4
train,0258.png,/mnt/wmcontent/GLX/icassp/MBRS/datasets/train/0258.png,7eebf50e2799ab36c479214aae9fc8108d6fb948d071c1283eaf89a964a2080f
train,0259.png,/mnt/wmcontent/GLX/icassp/MBRS/datasets/train/0259.png,5a71e67320b2626b45288c0ef86a8f219b8b06805c02b1ce59e8eaa861831a0f
train,0260.png,/mnt/wmcontent/GLX/icassp/MBRS/datasets/train/0260.png,cf7424dc79cd7e2f513aff416c81bfd58b9cd4757d1e1dafe8242111ed51b609
train,0261.png,/mnt/wmcontent/GLX/icassp/MBRS/datasets/train/0261.png,1c189afe331facf05ef8e0131cdf04187ad60d47a3011dfcb8b485fb1b019a90
train,0262.png,/mnt/wmcontent/GLX/icassp/MBRS/datasets/train/0262.png,3afd7b8b36ab79f5ac70f3fca2624d26bb13f596d5705eb4324dad48a1602491
train,0263.png,/mnt/wmcontent/GLX/icassp/MBRS/datasets/train/0263.png,72b03794bc20764c93973eb88ff77966ec1e8a362f53892ff88e29cedbff9537
train,0264.png,/mnt/wmcontent/GLX/icassp/MBRS/datasets/train/0264.png,4c53b2c60807ff4ea7666f9ade519d67554ee2a304716eff00c2c0530abc40d0
train,0265.png,/mnt/wmcontent/GLX/icassp/MBRS/datasets/train/0265.png,6dfd306249600c668d79feb9129ceaab1b37ae84d725a1a0d43a5a0ada4e1f8e
train,0266.png,/mnt/wmcontent/GLX/icassp/MBRS/datasets/train/0266.png,8a75aeb3226674c0d3d72415cd1908e76744de925c629448e8c6ee8cefa82809
train,0267.png,/mnt/wmcontent/GLX/icassp/MBRS/datasets/train/0267.png,eaa1ecca88e62d970b5ee0b817518e710d6baa8dbd0c344d4a04e14a948369b1
train,0268.png,/mnt/wmcontent/GLX/icassp/MBRS/datasets/train/0268.png,455a05afcc60e0638259bb6dd98018606786cd73ee7118049cff94b48b5d4e7b
train,0269.png,/mnt/wmcontent/GLX/icassp/MBRS/datasets/train/0269.png,648b4861993ed081244a0174d1090aa28129495b4005db3042342ff68aceafc8
train,0270.png,/mnt/wmcontent/GLX/icassp/MBRS/datasets/train/0270.png,7e1cda1ac314c0f4d743a718d2179c41b5f7fb08b89de3d941cba995e1e275d1
train,0271.png,/mnt/wmcontent/GLX/icassp/MBRS/datasets/train/0271.png,b9787e2d00a8d0217526e90b62c9336243a6815fbf40b43d88d5abf80293f826
train,0272.png,/mnt/wmcontent/GLX/icassp/MBRS/datasets/train/0272.png,e1ae32f4495cd5af8cc0f3da3359bb462d094e9145b32ff734a0173ce410ea74
train,0273.png,/mnt/wmcontent/GLX/icassp/MBRS/datasets/train/0273.png,3581dc4a78557867ca92e216c716b6ac36c7d9818f6b6403629d3b7bf5f77795
train,0274.png,/mnt/wmcontent/GLX/icassp/MBRS/datasets/train/0274.png,d8384966a33c4a05fb1316f13860b56080c57fb93c7081b573e6dbc0c858a37c
train,0275.png,/mnt/wmcontent/GLX/icassp/MBRS/datasets/train/0275.png,b9199ebc4e52ede976c94a81b710e11391539f6a92301ad10007fe4bd0744924
train,0276.png,/mnt/wmcontent/GLX/icassp/MBRS/datasets/train/0276.png,e25ee7d26668fea523e914e4809ff018ab81ea2b5d71c6dccac5e2081f644c43
train,0277.png,/mnt/wmcontent/GLX/icassp/MBRS/datasets/train/0277.png,023e38339a0a82e6531825e267211e0b3b2c62584550377dfa30683eae3b0a80
train,0278.png,/mnt/wmcontent/GLX/icassp/MBRS/datasets/train/0278.png,3db633ccdc132c76d4770e0ba35fe609a6e06c167b3e6029fc290c19c073cc6b
train,0279.png,/mnt/wmcontent/GLX/icassp/MBRS/datasets/train/0279.png,bf9e5e83727f7f3ad0efb6fd7a5b9f16444702006e9b93388f355f324db141e1
train,0280.png,/mnt/wmcontent/GLX/icassp/MBRS/datasets/train/0280.png,b14df8088042c48360028c6029413ff5f4108f75f2ac425d1a0bdbb7176740e0
train,0281.png,/mnt/wmcontent/GLX/icassp/MBRS/datasets/train/0281.png,561d12023bf584cded8a48d46fae2ea43cbefd11bae91d8237df75ab394b083e
train,0282.png,/mnt/wmcontent/GLX/icassp/MBRS/datasets/train/0282.png,279e84efa9772316ae3bae88a144fb418230b65d1afb45cd4c365b4bea08eca9
train,0283.png,/mnt/wmcontent/GLX/icassp/MBRS/datasets/train/0283.png,a3c08dfd9f2474810ebd927b5e5056e4d520671261827824b9363dfc67199c61
train,0284.png,/mnt/wmcontent/GLX/icassp/MBRS/datasets/train/0284.png,9f2c823e049fdf1baf2408500d1b372e65aaadf90c99ae8ce1a44c97ecbe945d
train,0285.png,/mnt/wmcontent/GLX/icassp/MBRS/datasets/train/0285.png,ad7d70752e7b9bdbfd5827f37e7ebb3d54cb67d900b8921ff4a512b5a1e4c411
train,0286.png,/mnt/wmcontent/GLX/icassp/MBRS/datasets/train/0286.png,90d5ac55791132c10b8ddaf66c606cede85c131bce907b2afca4ed4e1d14a16a
train,0287.png,/mnt/wmcontent/GLX/icassp/MBRS/datasets/train/0287.png,c71baed8a2f3c198777811ad2a28764d29a9c490149926414b59e496ca5dc27b
train,0288.png,/mnt/wmcontent/GLX/icassp/MBRS/datasets/train/0288.png,826e5f26f0c40eb3260cf9dd2d9d56e078894c5ec16dcfcaeb7a5713a81c3ce8
train,0289.png,/mnt/wmcontent/GLX/icassp/MBRS/datasets/train/0289.png,a9691ed26d9db683812832d23db8b3263c95e0bb0f7888822934e2b9f89c9c96
train,0290.png,/mnt/wmcontent/GLX/icassp/MBRS/datasets/train/0290.png,cdbda8b2ec50920adba6363e0f0338652c5e348f767a31d1d09aea4696701c7b
train,0291.png,/mnt/wmcontent/GLX/icassp/MBRS/datasets/train/0291.png,9509be33ba9cd639b2a07836bb049e4a779cb36837d4aa811f33121ca85bcd42
train,0292.png,/mnt/wmcontent/GLX/icassp/MBRS/datasets/train/0292.png,10cd0ceece236c7a503d32b0c870ae9d80093d16a3e71535fbc3c185fb949f40
train,0293.png,/mnt/wmcontent/GLX/icassp/MBRS/datasets/train/0293.png,ff37ab6af5d6f16897643d6d37a0a94919d18f12f870470f1dc3b3babc0cdafd
train,0294.png,/mnt/wmcontent/GLX/icassp/MBRS/datasets/train/0294.png,f238949c4cee8d803145770f88e4cce5e30151883a2939b12dd5b123045a2bf0
train,0295.png,/mnt/wmcontent/GLX/icassp/MBRS/datasets/train/0295.png,ca4b0ea2d098b62271483893ffbf7f60d92e2ea8013c7688cd93de7344239fc5
train,0296.png,/mnt/wmcontent/GLX/icassp/MBRS/datasets/train/0296.png,9529a4226d4119e6d5576c9de2d9a39b28c74db2b8317cfd604dd75b9eede77f
train,0297.png,/mnt/wmcontent/GLX/icassp/MBRS/datasets/train/0297.png,bb988268650e04c88107baabf300d6ec1c7f4f5ce54e9450c52053fb3054cfb5
train,0298.png,/mnt/wmcontent/GLX/icassp/MBRS/datasets/train/0298.png,9598fdbdeab8e13fbdec735644ad5f30fc9ccfbce2d6f98f8c11481c7776b222
train,0299.png,/mnt/wmcontent/GLX/icassp/MBRS/datasets/train/0299.png,bebfa78b187a2586b497c11f45371586aa38ca962f3af8fd912c2da118f2e492
train,0300.png,/mnt/wmcontent/GLX/icassp/MBRS/datasets/train/0300.png,6d7112318b910b41b7be2765484f18087570a79bb9a8fc556bbc8129e2b189e3
train,0301.png,/mnt/wmcontent/GLX/icassp/MBRS/datasets/train/0301.png,ecb45b7c407509cc09903ccecf24a317c161905e756fdc0d585fe608ef8fe64e
train,0302.png,/mnt/wmcontent/GLX/icassp/MBRS/datasets/train/0302.png,54b0d6f3fc42f52d1e2ae390477a75f963b7f652832ab62e48c43dbb74b2097d
train,0303.png,/mnt/wmcontent/GLX/icassp/MBRS/datasets/train/0303.png,a3ea1e40a07eb095737714d254d6b55c58369f58929646d71f985cc5c18156e4
train,0304.png,/mnt/wmcontent/GLX/icassp/MBRS/datasets/train/0304.png,4aeffad0f3c67947c123d7ed1fa72b2c19f66e5154d238b60203bb32ff923d41
train,0305.png,/mnt/wmcontent/GLX/icassp/MBRS/datasets/train/0305.png,841a905a2ded2833dc4a1cb726f95bb2ee84cb20bf17d5c7f1aa875030a06819
train,0306.png,/mnt/wmcontent/GLX/icassp/MBRS/datasets/train/0306.png,46907d8ed6fd353e9f59e78cd4b72e010c3c7da964defe5a183591a578566d87
train,0307.png,/mnt/wmcontent/GLX/icassp/MBRS/datasets/train/0307.png,faa243224d8c90676ff3af32c95f27f7077531d662e3c1a04c99a427d09d4eac
train,0308.png,/mnt/wmcontent/GLX/icassp/MBRS/datasets/train/0308.png,38cabd88bfd3f011e6284c42f860e8bd4f8d0177889611dfcd6cdfa19edf1338
train,0309.png,/mnt/wmcontent/GLX/icassp/MBRS/datasets/train/0309.png,cab447d0f2f453aafac5c45364b8c387ad6b5a0ec106bbec9756ee8dbf3673a1
train,0310.png,/mnt/wmcontent/GLX/icassp/MBRS/datasets/train/0310.png,c14555ba252d9b76787929a1ce06a5d3e8f0e5ed434ab392ab9597fb676a5fd3
train,0311.png,/mnt/wmcontent/GLX/icassp/MBRS/datasets/train/0311.png,16b4f72669cb564235bc9045118d1e8c8257a82caacc20231b7c736f14f02b02
train,0312.png,/mnt/wmcontent/GLX/icassp/MBRS/datasets/train/0312.png,7f3dd4f96edf9e8d401890e9d0504c1baec600919b5ff1eba73171af0ebf00ae
train,0313.png,/mnt/wmcontent/GLX/icassp/MBRS/datasets/train/0313.png,020767120afc9cc0eb0b1e9ef8e688028113447bc5600ff88a8ba97bb9127b3c
train,0314.png,/mnt/wmcontent/GLX/icassp/MBRS/datasets/train/0314.png,31207f3e2b322409bf2006a730dc8e287393327e45375f1733e8023d2584bca0
train,0315.png,/mnt/wmcontent/GLX/icassp/MBRS/datasets/train/0315.png,32c0aa815923c38cbcece356b8240735dceba623ec4e559e13a8b0b5d7481e7f
train,0316.png,/mnt/wmcontent/GLX/icassp/MBRS/datasets/train/0316.png,15736460c3414bb9264f2b356ede07a804733a95ec4f6e80840d4340a9b5d380
train,0317.png,/mnt/wmcontent/GLX/icassp/MBRS/datasets/train/0317.png,eacac2e005f95a74baec01024af18311ddfd5aa297975a50edcaebbaf98de7aa
train,0318.png,/mnt/wmcontent/GLX/icassp/MBRS/datasets/train/0318.png,946f51d910de0960f01fedcd7188d17d0c7ecc7226ef1f6f9ae7f471749606ea
train,0319.png,/mnt/wmcontent/GLX/icassp/MBRS/datasets/train/0319.png,09f60fe3ff3b1d9f45bba90e8a23990214bfef30b34ffaf37cf592377bfa8dc8
train,0320.png,/mnt/wmcontent/GLX/icassp/MBRS/datasets/train/0320.png,3f4be273faf0ff775bd798143eafd32c7bb1301e81f8ce2fc0f6fd5226f391dd
train,0321.png,/mnt/wmcontent/GLX/icassp/MBRS/datasets/train/0321.png,9095655a5ca499bc2f724192d9c9861347325a4b586b82f318bc32d268087221
train,0322.png,/mnt/wmcontent/GLX/icassp/MBRS/datasets/train/0322.png,596f9fff9a597fd8713330733bc8e3e82ecf289f1a934d765b27239060c99195
train,0323.png,/mnt/wmcontent/GLX/icassp/MBRS/datasets/train/0323.png,8c6814c56c51f69ae182276eff5ead6c47dcea813ba91c8cec858eef57bce483
train,0324.png,/mnt/wmcontent/GLX/icassp/MBRS/datasets/train/0324.png,abbbee642fbaded31350873cbee7c1ba55bfc3c6240c9ff6565648d67efd0df5
train,0325.png,/mnt/wmcontent/GLX/icassp/MBRS/datasets/train/0325.png,42678566fdfd33de83eefa7ed38c1ce069bcb50832a15b54909fd2397bcfb53e
train,0326.png,/mnt/wmcontent/GLX/icassp/MBRS/datasets/train/0326.png,cfefea20aff41a019b7d4a4fcbfce9bbff32389f274a978aee91f0a4d31ffa3c
train,0327.png,/mnt/wmcontent/GLX/icassp/MBRS/datasets/train/0327.png,016bb66e97e964ca9ac1755ad226432e3fba176bf1e6c3667b3507f2cd42a808
train,0328.png,/mnt/wmcontent/GLX/icassp/MBRS/datasets/train/0328.png,6606bc0d80b877a8c509d909f634cfe69576af81526f103569cf4e8624192110
train,0329.png,/mnt/wmcontent/GLX/icassp/MBRS/datasets/train/0329.png,f2ed40efc62205ff678d12a1a7d45dbb8ed98da50e7896f9147046a142e2e6d1
train,0330.png,/mnt/wmcontent/GLX/icassp/MBRS/datasets/train/0330.png,ae93fc2b284219ede34ed83e864e3885cb109faaff51e1988222a3db700d7e74
train,0331.png,/mnt/wmcontent/GLX/icassp/MBRS/datasets/train/0331.png,35aba60bf93b4c2dec28b05ed16b9e256eb7cdb743c6fd2021c86a144bb0a844
train,0332.png,/mnt/wmcontent/GLX/icassp/MBRS/datasets/train/0332.png,2c5bad150fffe39392603248fb6f78b770a7a342a9b7513f04a982d983dcd282
train,0333.png,/mnt/wmcontent/GLX/icassp/MBRS/datasets/train/0333.png,9b6f69d0c06098e1955c88d6e4217cde8e0969b7609714f8d8f0ab858d182613
train,0334.png,/mnt/wmcontent/GLX/icassp/MBRS/datasets/train/0334.png,5e96921c54cbe61a59e3000afc5209509eea81bd3b0b044e31f6f6a4e5ec9f2e
train,0335.png,/mnt/wmcontent/GLX/icassp/MBRS/datasets/train/0335.png,475848d35e7bfb3cda9da8ed2ceb3fca6fd5c62f5054ba34adcab587ba8ad620
train,0336.png,/mnt/wmcontent/GLX/icassp/MBRS/datasets/train/0336.png,f083b6357c30fa1f36dbc0fd60e397f44d34119f938adfc0dfa351e62ff19c81
train,0337.png,/mnt/wmcontent/GLX/icassp/MBRS/datasets/train/0337.png,5aef9cb469fda0f0e25b35d033eea6d70b69cb571323913c4063e940d8aaaa36
train,0338.png,/mnt/wmcontent/GLX/icassp/MBRS/datasets/train/0338.png,685bb0ffbe7358f31fc4444003af44610d5744f3170141b96b1a2e6e1e427a70
train,0339.png,/mnt/wmcontent/GLX/icassp/MBRS/datasets/train/0339.png,d5ed240fc8b1cbc6f2cb0375b96514cc21e16eb225760265dc601479e4f8ff42
train,0340.png,/mnt/wmcontent/GLX/icassp/MBRS/datasets/train/0340.png,262e2efc5cfb408ad34d932d7f59cdc981104f7f2702deac3187d309ada9b4f3
train,0341.png,/mnt/wmcontent/GLX/icassp/MBRS/datasets/train/0341.png,76b1a886ea7deed68f791725d09152d8d2064dbcdffb410e1def3419815e0a0d
train,0342.png,/mnt/wmcontent/GLX/icassp/MBRS/datasets/train/0342.png,2432f9b5971da6fd917366cad571e571a829174bf22a4fe8ca6d2653c523fc5d
train,0343.png,/mnt/wmcontent/GLX/icassp/MBRS/datasets/train/0343.png,f70f775deb82a5744fae0640b5b095e35374f7228893dead5750a4b9d7ef8781
train,0344.png,/mnt/wmcontent/GLX/icassp/MBRS/datasets/train/0344.png,6ae0eb9129f0066fb47febe2e8c04f3d8766699d8a00bd5cfaabae04709b2383
train,0345.png,/mnt/wmcontent/GLX/icassp/MBRS/datasets/train/0345.png,f7e404ed56173a4766a65fbf45e18906dcac46454d98ee1761ed066b1293d929
train,0346.png,/mnt/wmcontent/GLX/icassp/MBRS/datasets/train/0346.png,2d35199f5c7d464963d381dde6ce58351eb82b7ee54503fbc5f9bfde5c607744
train,0347.png,/mnt/wmcontent/GLX/icassp/MBRS/datasets/train/0347.png,8f76229890c846fc46265a9ccaaa9c18b7cf3d7bd47379c2e707620ffb11f7ff
train,0348.png,/mnt/wmcontent/GLX/icassp/MBRS/datasets/train/0348.png,a8bf367308d392053204333260ae032930bdc13f4d1c5f3ae9b8808de7779c59
train,0349.png,/mnt/wmcontent/GLX/icassp/MBRS/datasets/train/0349.png,530e003ee083964f369736826435ff68e58392835eccc957fd16a6b6705b99c4
train,0350.png,/mnt/wmcontent/GLX/icassp/MBRS/datasets/train/0350.png,2c188ac4948c14646cc87d697cc206b5a71f5e2da052b4ab2cc66f3a58185553
train,0351.png,/mnt/wmcontent/GLX/icassp/MBRS/datasets/train/0351.png,760e73efb41c68ad43b91edd0d804b523feb5942837f96e02a3dd8dd67edae48
train,0352.png,/mnt/wmcontent/GLX/icassp/MBRS/datasets/train/0352.png,4c10b2c113fec3b136906b140de05812f65448e7f3142e687ebd11db14b15d79
train,0353.png,/mnt/wmcontent/GLX/icassp/MBRS/datasets/train/0353.png,0d50c8e6210c8a29fcbbeb0bf270e7ee8446104902beb74b547b28c096c04fc6
train,0354.png,/mnt/wmcontent/GLX/icassp/MBRS/datasets/train/0354.png,9c3f4fd0438f72dd67c2fecb15f159f1dccc224d5371d6b8adaae59f1521b3ee
train,0355.png,/mnt/wmcontent/GLX/icassp/MBRS/datasets/train/0355.png,a333ebebc38ede17adcbeee58a7455d206403e0fca2724e67c038faf32ae27d3
train,0356.png,/mnt/wmcontent/GLX/icassp/MBRS/datasets/train/0356.png,037948b1a5ddff68b7701f636c0fd005e3daba56a07751bdb389696758139e13
train,0357.png,/mnt/wmcontent/GLX/icassp/MBRS/datasets/train/0357.png,9e3621cbcfcdd8bbc512dd7fb64f9de4fa8701df6189a4b63d910b399a7f26d9
train,0358.png,/mnt/wmcontent/GLX/icassp/MBRS/datasets/train/0358.png,9f737f9b502c6da29fce9a4e59fdc0b6815beaddb4f46b6c1030410ee0d5897c
train,0359.png,/mnt/wmcontent/GLX/icassp/MBRS/datasets/train/0359.png,8c740f31a8f1133f7ac5b2ee56a563cbf85f0fe6aa8721af976f088bb50c51d8
train,0360.png,/mnt/wmcontent/GLX/icassp/MBRS/datasets/train/0360.png,e62f999b0af06f399f3a2f75d534d7e755c977a618fd770979e4261320209d3d
train,0361.png,/mnt/wmcontent/GLX/icassp/MBRS/datasets/train/0361.png,81f3ca485de9d6082f73523667a06c81562de6298f8f6151db38cd55f624e8a4
train,0362.png,/mnt/wmcontent/GLX/icassp/MBRS/datasets/train/0362.png,7821d00655533b1938aa5ad0c66e1dea3fe37ded6b71030044e3e360730cf52e
train,0363.png,/mnt/wmcontent/GLX/icassp/MBRS/datasets/train/0363.png,69ccc2dbad4b088b7cd1914f928bf0a646f846a7cdcd075848fdf743f9a0fc98
train,0364.png,/mnt/wmcontent/GLX/icassp/MBRS/datasets/train/0364.png,d2c4770125eaa246f3558edc14ff92978f89f9c60b9148c560a71dfd8f266410
train,0365.png,/mnt/wmcontent/GLX/icassp/MBRS/datasets/train/0365.png,866b184732d3f8186f68033cfeaf5a1005192715a5bf0693cd14189a066b2158
train,0366.png,/mnt/wmcontent/GLX/icassp/MBRS/datasets/train/0366.png,b75a183b5c3d7c38508faf0d4ab4bbd4918f3a379932c677fb4fcb44919d6874
train,0367.png,/mnt/wmcontent/GLX/icassp/MBRS/datasets/train/0367.png,6bbffd7caebca5e920c8abb375bf63d344ed4141427a4acab967174c66350fdb
train,0368.png,/mnt/wmcontent/GLX/icassp/MBRS/datasets/train/0368.png,2f8a4d91c2ea2a6f3b5de4aba3da8cd7537f43bb8c302e274c7b5a91f543071f
train,0369.png,/mnt/wmcontent/GLX/icassp/MBRS/datasets/train/0369.png,64821f40ba5b84fd6d4411ee245ea6c3f49e42d6104cda0eb407601d653f0557
train,0370.png,/mnt/wmcontent/GLX/icassp/MBRS/datasets/train/0370.png,e7290706c3d94bbf167dc6c0ef1380fcfa52babba27aca76f6c3e80d863395c3
train,0371.png,/mnt/wmcontent/GLX/icassp/MBRS/datasets/train/0371.png,f6f964c8e0619b3b06191c6c353c4fdbb24145a1882ce6fa19ddaa1a4ba3f1a5
train,0372.png,/mnt/wmcontent/GLX/icassp/MBRS/datasets/train/0372.png,2b01603b943e60fd4523a12d5a9a1d7a5ff2579c5a81f38631002309035a3754
train,0373.png,/mnt/wmcontent/GLX/icassp/MBRS/datasets/train/0373.png,0b4ea1373cf812980a0f4d86d859847f1ec2bf15206e524e843449979853fc61
train,0374.png,/mnt/wmcontent/GLX/icassp/MBRS/datasets/train/0374.png,3b9d7edbaa6a7c18ff384f45904a119102401425cd1f2800a8b985f5bc40488b
train,0375.png,/mnt/wmcontent/GLX/icassp/MBRS/datasets/train/0375.png,b942023672b86e44689d562b44a313b8409188b2e2551e8bab23b69f0b5b5b7c
train,0376.png,/mnt/wmcontent/GLX/icassp/MBRS/datasets/train/0376.png,96a2a129e4fc0ccb64b67874ed4e01c27c17f664e6c161b5ed6c43d834f72471
train,0377.png,/mnt/wmcontent/GLX/icassp/MBRS/datasets/train/0377.png,eff6ac3a9b3b9726a54c8b3f83d73d25e5a6796fae8a505e2259aac13dfa3517
train,0378.png,/mnt/wmcontent/GLX/icassp/MBRS/datasets/train/0378.png,6efb0ce19d1d63ff7bf62e1870ecc42ec05db8c96c6c0824d9578b13aa522fa1
train,0379.png,/mnt/wmcontent/GLX/icassp/MBRS/datasets/train/0379.png,d4bf4ad5b94fbe6d6a86e5408d5077dfc6263968909ea8876c858c378e4fe530
train,0380.png,/mnt/wmcontent/GLX/icassp/MBRS/datasets/train/0380.png,97857e480de024056a6401319b6852447388575ffab583e2b749ec86f95c42c9
train,0381.png,/mnt/wmcontent/GLX/icassp/MBRS/datasets/train/0381.png,dc5fbcedc42bd8a11aa7970eb6fce2ecddf3f1686dd3db6a3740a784d61adedc
train,0382.png,/mnt/wmcontent/GLX/icassp/MBRS/datasets/train/0382.png,b142626f44dd31b0e4b1648e90063c153eaf74350f0e166ff87e06f4ad431107
train,0383.png,/mnt/wmcontent/GLX/icassp/MBRS/datasets/train/0383.png,9cac7faca050c2def58c056476bc40520844cd8bdbe602dff4a9be6282db3464
train,0384.png,/mnt/wmcontent/GLX/icassp/MBRS/datasets/train/0384.png,fc09ad4970423e002ab69d1281a71ca746d750b1e38cfa947371cd003e1c2d9f
train,0385.png,/mnt/wmcontent/GLX/icassp/MBRS/datasets/train/0385.png,03ce1e9fd6a165988d29d5d2d9991cc19d233e7601ee1f2ec899a047915fb09b
train,0386.png,/mnt/wmcontent/GLX/icassp/MBRS/datasets/train/0386.png,a1199aac35c0c0541369f9ba71530b461aa0b9674fef6cc6a6d120ce10580da3
train,0387.png,/mnt/wmcontent/GLX/icassp/MBRS/datasets/train/0387.png,2650d9f16e4f66e7ad02785b59849a005fe6036a3d068785fe770263ce18dbb1
train,0388.png,/mnt/wmcontent/GLX/icassp/MBRS/datasets/train/0388.png,d053768780f925f34e3358ea8aca1ff04a6b6bf5c065a50f0a90601b00606e8e
train,0389.png,/mnt/wmcontent/GLX/icassp/MBRS/datasets/train/0389.png,807f3cf7d7b5688370c3cc4f9fc897742820b50508f000ec0e033e4569a0a3a5
train,0390.png,/mnt/wmcontent/GLX/icassp/MBRS/datasets/train/0390.png,979e6accbfffe4d8a32b9c8f92a3c1e9ef58780b627f157c8b7e2ca2d8f2c10f
train,0391.png,/mnt/wmcontent/GLX/icassp/MBRS/datasets/train/0391.png,e9944a752c45d5060f2b5e3f549836a369b302d99050a63b2e145a9cee4c2f8a
train,0392.png,/mnt/wmcontent/GLX/icassp/MBRS/datasets/train/0392.png,0b4d899520ec69a5d4258ca6581751a80c2635a6468f9928149d65686b10e246
train,0393.png,/mnt/wmcontent/GLX/icassp/MBRS/datasets/train/0393.png,427eb1824defee3b8d477c84725b140d2d1957f23e64dc396d74040f80172b22
train,0394.png,/mnt/wmcontent/GLX/icassp/MBRS/datasets/train/0394.png,b70207f2b306a8afb3840af0a65e2decbce9122e975f68da21586962f09d38cf
train,0395.png,/mnt/wmcontent/GLX/icassp/MBRS/datasets/train/0395.png,3e255daf5d88a7ce07d515aa6eb7f81e79dce27c1a475c8425b2e27cc1e2ccf5
train,0396.png,/mnt/wmcontent/GLX/icassp/MBRS/datasets/train/0396.png,00af258b3fff54c42e14ea9e365d0d42c0ae9e78679e1930994c96e74f1fa81d
train,0397.png,/mnt/wmcontent/GLX/icassp/MBRS/datasets/train/0397.png,0cb70bb359bc144257154258d4dd0b7e74398fd6defbbc1c2a6d39daaaafbe41
train,0398.png,/mnt/wmcontent/GLX/icassp/MBRS/datasets/train/0398.png,02832ccccaa73a82a199800e2607a957dfe373dd2aebee27dce5582c690ed2eb
train,0399.png,/mnt/wmcontent/GLX/icassp/MBRS/datasets/train/0399.png,38aa94afc406e42e2ffc6616dbdea4365b2860304d25a9aedbc33ae70a95bdac
train,0400.png,/mnt/wmcontent/GLX/icassp/MBRS/datasets/train/0400.png,9c3cff4e6e46e97e37f9180effb944621b31e32f0418299a655c06da386fc56b
train,0401.png,/mnt/wmcontent/GLX/icassp/MBRS/datasets/train/0401.png,ca78fb13a9a13239417b4f845e52c46e8df39965bc8eebbe27b9ed7d20418bed
train,0402.png,/mnt/wmcontent/GLX/icassp/MBRS/datasets/train/0402.png,b39fbd88cfe98f6d87ac19a962e4303931353379082d11b75f5b121da24c61b3
train,0403.png,/mnt/wmcontent/GLX/icassp/MBRS/datasets/train/0403.png,fbdcbb86e3adc57c34fb9d4867e03478dd8b5eeef17fc8347ed3d4ae0f04c532
train,0404.png,/mnt/wmcontent/GLX/icassp/MBRS/datasets/train/0404.png,877b813b109a1157eb07eeb1a04dc1e1ee462de86c507eb2f8123281f76c58a3
train,0405.png,/mnt/wmcontent/GLX/icassp/MBRS/datasets/train/0405.png,5579fb79d27a9a5978a90551863ecbf21f9e3c3367d6f9ae12e524bbc04d8eb6
train,0406.png,/mnt/wmcontent/GLX/icassp/MBRS/datasets/train/0406.png,d1f58dc7b0fde76e2fb8c432fe7836763d5944be1fe748b9fde8f03b7f020f01
train,0407.png,/mnt/wmcontent/GLX/icassp/MBRS/datasets/train/0407.png,ae4b195bc099efd77aa52df68c45353129100175d28ac52062960c0aad17b0fa
train,0408.png,/mnt/wmcontent/GLX/icassp/MBRS/datasets/train/0408.png,14566c96385b063e43e00b39f41f8d861ec216832a9f724c8a3bb64a332179a5
train,0409.png,/mnt/wmcontent/GLX/icassp/MBRS/datasets/train/0409.png,d35d9e2f3b50824a6b5def8bad4877882dbb0e3067a9fd609130ae01a458b1ee
train,0410.png,/mnt/wmcontent/GLX/icassp/MBRS/datasets/train/0410.png,2dd620e509ce80c58f0e92c65f8fcdc6080053bd51fe84187d62b0fdccf9ea6e
train,0411.png,/mnt/wmcontent/GLX/icassp/MBRS/datasets/train/0411.png,1bcba2329e987602abf50f07d8a2c31d511d4c1ea3ec3a423000a15c0d702178
train,0412.png,/mnt/wmcontent/GLX/icassp/MBRS/datasets/train/0412.png,7e5a312de1a994f97ab73511c16fc6d2cbf822a002932f56a2e8b5c9ab36beea
train,0413.png,/mnt/wmcontent/GLX/icassp/MBRS/datasets/train/0413.png,24fa16b02a877ff82250db2a59b9a07847f6ad75167acc27c3ab85c995f5c5e0
train,0414.png,/mnt/wmcontent/GLX/icassp/MBRS/datasets/train/0414.png,351bfaafb0f17784d0831b91d9cbf120c026ade9c27a30d294d2a1f8cee2f9bb
train,0415.png,/mnt/wmcontent/GLX/icassp/MBRS/datasets/train/0415.png,3815e61636bfa7ddbcad377d27688145fd61b3eba6b54dfd51c862c0ee7be392
train,0416.png,/mnt/wmcontent/GLX/icassp/MBRS/datasets/train/0416.png,23b875fb1dcc60411fd27cb3349ea591262e72f5215aaddfd67f368659cbea8b
train,0417.png,/mnt/wmcontent/GLX/icassp/MBRS/datasets/train/0417.png,09e434e888f518636ad173b05f2654a0ace9ffd902b5b3f7bc9f6fa74230a5a0
train,0418.png,/mnt/wmcontent/GLX/icassp/MBRS/datasets/train/0418.png,701fd8c6bcd5a113bf5fe3fdb406ecf032d06539c00a63b06079b8bb6e3df2ce
train,0419.png,/mnt/wmcontent/GLX/icassp/MBRS/datasets/train/0419.png,2a2657a0123dcd10ceff160792d7db1dbafb69a7e6dfc460d92ac9c7f0d4ef21
train,0420.png,/mnt/wmcontent/GLX/icassp/MBRS/datasets/train/0420.png,c45c03e539d1c335141666333d545be57677ff59d75004c2350a176ec6518fcf
train,0421.png,/mnt/wmcontent/GLX/icassp/MBRS/datasets/train/0421.png,4d06390d5aa90e07ccb5bef60d465f4834772ba644b783f12c2d48ad6fa6e3dc
train,0422.png,/mnt/wmcontent/GLX/icassp/MBRS/datasets/train/0422.png,6e3fd7cc9d5d517b3e3cb9c760eaeb374790969df3cbc3738e7f83753477c064
train,0423.png,/mnt/wmcontent/GLX/icassp/MBRS/datasets/train/0423.png,2fb50f8a8c5518cbded9a7e62c73718bb33ec1a53756b8fe26c9f85f01d0e443
train,0424.png,/mnt/wmcontent/GLX/icassp/MBRS/datasets/train/0424.png,85204e9d8ca022199aef1710906ad240a399afe2a5b4f8e7ff4ab25a56b06e4b
train,0425.png,/mnt/wmcontent/GLX/icassp/MBRS/datasets/train/0425.png,2eea59f618002b4991c5806ee66ccef514b780c18e8902b3063afafff9166aff
train,0426.png,/mnt/wmcontent/GLX/icassp/MBRS/datasets/train/0426.png,798676b2f6b03feb4683fb5bfe335f78a5ac9815e451fd9a60d64077535fb505
train,0427.png,/mnt/wmcontent/GLX/icassp/MBRS/datasets/train/0427.png,dbd08f470d83467d47086bf1af78d970c8f7c7631806bde9962d3c39d6bfbb06
train,0428.png,/mnt/wmcontent/GLX/icassp/MBRS/datasets/train/0428.png,e12ebf3072c2b59b11ea9bf5f73949d5c34d44fc5e57f9fb75e21d7743213c61
train,0429.png,/mnt/wmcontent/GLX/icassp/MBRS/datasets/train/0429.png,d4ef26c77c1c7f02c4f12cc904a3c722cbe6113156e966bf7418924d47c1ae92
train,0430.png,/mnt/wmcontent/GLX/icassp/MBRS/datasets/train/0430.png,e7f06185709e580eaea902e1412c017375a56bcaf7ea5b27dda64b3d9da707e4
train,0431.png,/mnt/wmcontent/GLX/icassp/MBRS/datasets/train/0431.png,c4f92eb01a2ffe9bb03e1b46e81987148be46428686dd8a1700f0dc22b9751e8
train,0432.png,/mnt/wmcontent/GLX/icassp/MBRS/datasets/train/0432.png,763ef664156fdd2192ad35585f66625d9a7a994d463a24e314443b1190e7d114
train,0433.png,/mnt/wmcontent/GLX/icassp/MBRS/datasets/train/0433.png,88f7c7103f3598eded276a382a9f098222092143c8760332bc2d1244a36397f5
train,0434.png,/mnt/wmcontent/GLX/icassp/MBRS/datasets/train/0434.png,cf9de1b3c481317f5076aa459f1083d1a7085f6ad1a42b38afb27596a59ed5f0
train,0435.png,/mnt/wmcontent/GLX/icassp/MBRS/datasets/train/0435.png,83017eda1b26b63c8c11c43665691177360e8eebd01d33659abe8b8cbb65cd20
train,0436.png,/mnt/wmcontent/GLX/icassp/MBRS/datasets/train/0436.png,989b1e8a2708347397de934fd0312d25579017f128d6534ba5b3fc2db6ab98f5
train,0437.png,/mnt/wmcontent/GLX/icassp/MBRS/datasets/train/0437.png,4a84eca5ae216d0bb8984154a2eed5d83f6839daf35c156954321986050effcf
train,0438.png,/mnt/wmcontent/GLX/icassp/MBRS/datasets/train/0438.png,9b8c4720043a36c52e2c0820c1db60c621cec2ae512f66e23f6ba860dc113da1
train,0439.png,/mnt/wmcontent/GLX/icassp/MBRS/datasets/train/0439.png,14047f5285c1499315cffccf78feda52e62802c97fad0858428ea4cae1fd1a5a
train,0440.png,/mnt/wmcontent/GLX/icassp/MBRS/datasets/train/0440.png,0b3bc37fe435c23a507ef28b37ee7835b21cf5ccd5a3e9edd11f4470dd4fe17c
train,0441.png,/mnt/wmcontent/GLX/icassp/MBRS/datasets/train/0441.png,6b3a7d32eb3efd908803bc1b2b2448e202f38a64aafeeb1f0f3f353b3743548e
train,0442.png,/mnt/wmcontent/GLX/icassp/MBRS/datasets/train/0442.png,9e4766aaa3963ba838e0992782b2ae80553efc46b9130d125de71c9e5010eadf
train,0443.png,/mnt/wmcontent/GLX/icassp/MBRS/datasets/train/0443.png,c47bb77389a6a0c03d8e1b4613a8c3d5dd547215a3df5b4454999aa798d2c43c
train,0444.png,/mnt/wmcontent/GLX/icassp/MBRS/datasets/train/0444.png,028f3ebc0530ccf3a89f64bd089a05619bbeeeb112481d9efc43a625d9122518
train,0445.png,/mnt/wmcontent/GLX/icassp/MBRS/datasets/train/0445.png,684adc2e5e9d1c1e84bff88bdd534463e95e0c75ac0fa292abc70a1d3c2218e1
train,0446.png,/mnt/wmcontent/GLX/icassp/MBRS/datasets/train/0446.png,846b28ba20697fbd7f059ad21c0909a82125a901db09c707a6ca6a3e2e1b0fb0
train,0447.png,/mnt/wmcontent/GLX/icassp/MBRS/datasets/train/0447.png,a87e45c204bb27a54df53d0d927fb03639b767a59728287665552443750523c3
train,0448.png,/mnt/wmcontent/GLX/icassp/MBRS/datasets/train/0448.png,d535cb14f46135b9c37c5342d8008fc98d5f4d1b12610346b9eb6788fcc63be5
train,0449.png,/mnt/wmcontent/GLX/icassp/MBRS/datasets/train/0449.png,3fa848a05f184fefa17c05413c198c75d2857cf17c967ee309eb20e2f637f4e4
train,0450.png,/mnt/wmcontent/GLX/icassp/MBRS/datasets/train/0450.png,c176e4c741b1100ce986700b8afd2caf58e60691b52ad35bc8d5b974311430b6
train,0451.png,/mnt/wmcontent/GLX/icassp/MBRS/datasets/train/0451.png,001592ad43ac9baed05213e69b5404a3ad24f60a44272743b8b6808577725aba
train,0452.png,/mnt/wmcontent/GLX/icassp/MBRS/datasets/train/0452.png,898a1c0aa036f97317124219ba9fb1a6b60a59ceda8a031befdebab4aeaba023
train,0453.png,/mnt/wmcontent/GLX/icassp/MBRS/datasets/train/0453.png,74640b623d95c7a9aed8c59ae0e54d78db0878ea082e8e6e62073c3eeff4b584
train,0454.png,/mnt/wmcontent/GLX/icassp/MBRS/datasets/train/0454.png,28c7ad493cd69aa391115d4c82307d164265f0fc6a681aa4d395659b51f623eb
train,0455.png,/mnt/wmcontent/GLX/icassp/MBRS/datasets/train/0455.png,1955cd89d42189e9cea44634bdf29960b544a9513b6b7b234e7a4706dcc3612b
train,0456.png,/mnt/wmcontent/GLX/icassp/MBRS/datasets/train/0456.png,12f05cc4009a6df4576aad929806ec57ca20a8247aee7901e577b944d7d7ae74
train,0457.png,/mnt/wmcontent/GLX/icassp/MBRS/datasets/train/0457.png,565bb5b65c50abd4b0715b9318851de400cae1475db9c44a138a3bae275d2a05
train,0458.png,/mnt/wmcontent/GLX/icassp/MBRS/datasets/train/0458.png,9a64efc7c67ce1f407a6abaadc2ea68645fe8f6b2e25a4ffcf7419ec8a8f00f5
train,0459.png,/mnt/wmcontent/GLX/icassp/MBRS/datasets/train/0459.png,ddce9d0404b789ed5cccc4b55a9b9d91c42692368b9e3b4978937c339fb58a24
train,0460.png,/mnt/wmcontent/GLX/icassp/MBRS/datasets/train/0460.png,6454e494f736e463bef6baeca9c0a9c30bf2724afc09c324339b8a5fcb19fbaa
train,0461.png,/mnt/wmcontent/GLX/icassp/MBRS/datasets/train/0461.png,8e0854e8a6de38746ca5f559c6e349f7e81db02453379c1b93d6a7bfc7fddfd6
train,0462.png,/mnt/wmcontent/GLX/icassp/MBRS/datasets/train/0462.png,eb5e8ea7a2d5d1de43af7adc1f421c9521978a0da60c0692a4e19ef8c83564ea
train,0463.png,/mnt/wmcontent/GLX/icassp/MBRS/datasets/train/0463.png,9849ae43b3a729fd194a2b9a05d533c179d90651b6dce1aeab084e568d0d957d
train,0464.png,/mnt/wmcontent/GLX/icassp/MBRS/datasets/train/0464.png,99d87f05739095ece9da68900b333daf28b3ea719aa625e0838ac941ef2fc1fa
train,0465.png,/mnt/wmcontent/GLX/icassp/MBRS/datasets/train/0465.png,828ca871663e32436ab4334349df91597e416f5713a467db8a16fe94dc53f928
train,0466.png,/mnt/wmcontent/GLX/icassp/MBRS/datasets/train/0466.png,e2ee783e493a405b9fa969396e5795d17e7da620fac20d4b23c07c3d997d1e79
train,0467.png,/mnt/wmcontent/GLX/icassp/MBRS/datasets/train/0467.png,e00ee25063d816edfeaa26a14bc857fb11b19d5d62d3fed01d5d9c7b886e87f3
train,0468.png,/mnt/wmcontent/GLX/icassp/MBRS/datasets/train/0468.png,c1dc3403220a1de450a8ca4a52d7bb69377aa647bc7e27be9f47cc1d2abadedd
train,0469.png,/mnt/wmcontent/GLX/icassp/MBRS/datasets/train/0469.png,c7ce1daef3901787da28e2d79c4426c8af2fbbc0548c1b81a9e0aab518042bcc
train,0470.png,/mnt/wmcontent/GLX/icassp/MBRS/datasets/train/0470.png,e671fb3aaa9be0b02aa236ba369f668cb020d4393be8ac4056380340075fc043
train,0471.png,/mnt/wmcontent/GLX/icassp/MBRS/datasets/train/0471.png,313babbe4b2c8d8a03bd251b1fc3dfe67b3541d61a7458a67a8cf46c895727b3
train,0472.png,/mnt/wmcontent/GLX/icassp/MBRS/datasets/train/0472.png,e39d1f9f93dc4599e36bf42310e577752d54c95130c97d857bfffb93204a77b8
train,0473.png,/mnt/wmcontent/GLX/icassp/MBRS/datasets/train/0473.png,2734aa38ffc526340fa9a70344139fb8592b3ab31a9ef969cc16db697af8e86f
train,0474.png,/mnt/wmcontent/GLX/icassp/MBRS/datasets/train/0474.png,8cb811cb48aa6d2c03c7a97b004db9852bc34fe0f7b5953f9fb42324ade7b2cd
train,0475.png,/mnt/wmcontent/GLX/icassp/MBRS/datasets/train/0475.png,c96c11ba3d21dc10175bdecfa76aaae7e29f2a95b96852bcd9ace3409e9e6585
train,0476.png,/mnt/wmcontent/GLX/icassp/MBRS/datasets/train/0476.png,8891b102580a055071b4d028d13493405d8e6cf63b6fe1a18065cabc03313205
train,0477.png,/mnt/wmcontent/GLX/icassp/MBRS/datasets/train/0477.png,2a78f252ce40b23bb3e171e97d329ceed8f5294f184ec1914a1bfcaecaa6667a
train,0478.png,/mnt/wmcontent/GLX/icassp/MBRS/datasets/train/0478.png,428a472c5bc61deff3539687265c7d46745cc2efe851bf46835c41eafcb12965
train,0479.png,/mnt/wmcontent/GLX/icassp/MBRS/datasets/train/0479.png,5627484aad99db4201c49553995b90b9b73647f75b2f844e065a1fb1fe47df20
train,0480.png,/mnt/wmcontent/GLX/icassp/MBRS/datasets/train/0480.png,9a621ca92718a78ea4ee65d1b3f9aff50653995cabeab01fd09f28b2fa614a04
train,0481.png,/mnt/wmcontent/GLX/icassp/MBRS/datasets/train/0481.png,cd75987207e60df7ddbb65b42fb677a4f4b98411766980566896d5fc667a96c4
train,0482.png,/mnt/wmcontent/GLX/icassp/MBRS/datasets/train/0482.png,75017fb52020a0c93d4bc912b608d36cd18e2c0f759b5e7b3cb649fb601409d5
train,0483.png,/mnt/wmcontent/GLX/icassp/MBRS/datasets/train/0483.png,c05dd96ab4fc595a04b6d009137971075e910310655e7908694d54442beabd9e
train,0484.png,/mnt/wmcontent/GLX/icassp/MBRS/datasets/train/0484.png,fe79f8d3a3ceea08c258df4665977861aea3b85be6eb6494863579fa4c4afa04
train,0485.png,/mnt/wmcontent/GLX/icassp/MBRS/datasets/train/0485.png,2185de53486e2c85104d3b51085da4887d70a1a55080e1dba22c81268e78730f
train,0486.png,/mnt/wmcontent/GLX/icassp/MBRS/datasets/train/0486.png,1daeea78b64f18a928f554d3e57d54e7c14b6381d7fdaaf4d951181d905159be
train,0487.png,/mnt/wmcontent/GLX/icassp/MBRS/datasets/train/0487.png,49dec9b5231eee61e954ad228a9468c3cd2045b31880d3b1e3d61ec8b52c9701
train,0488.png,/mnt/wmcontent/GLX/icassp/MBRS/datasets/train/0488.png,56d1c4003f12658cc04a82e150c149be7359695af692a51aef9e638fbaf31af1
train,0489.png,/mnt/wmcontent/GLX/icassp/MBRS/datasets/train/0489.png,6db14e2580b141b29a79c9a359bbe4d2e20e10a0a03b568f94f5aa9a29f0e043
train,0490.png,/mnt/wmcontent/GLX/icassp/MBRS/datasets/train/0490.png,3d95868cc8a91cf48687c5f848591a69ed5fe2b5721c852d3b3686a8a7fd42ee
train,0491.png,/mnt/wmcontent/GLX/icassp/MBRS/datasets/train/0491.png,4853d4b6aefbf2b7630d038ce6ab99ce3eff4b83e8ee3584c7abb32329515ef3
train,0492.png,/mnt/wmcontent/GLX/icassp/MBRS/datasets/train/0492.png,ebb52a6c1e1ee8af7d83ae7f4d3a63fc9165a48fddce0e2c31324bc4dbf053e0
train,0493.png,/mnt/wmcontent/GLX/icassp/MBRS/datasets/train/0493.png,29ad3c9684e9441d137cbe32fa203ce6a83c7fbd096fff6b15cd2cdfd9a98313
train,0494.png,/mnt/wmcontent/GLX/icassp/MBRS/datasets/train/0494.png,0f8dc452f9a347269d407e971a41be68c67e8e9fb8dd0e9af49e64abd97226b6
train,0495.png,/mnt/wmcontent/GLX/icassp/MBRS/datasets/train/0495.png,06247e39d88d34319e7a25d18a6528db031f95f31ac12164ab097c2406a200fb
train,0496.png,/mnt/wmcontent/GLX/icassp/MBRS/datasets/train/0496.png,d8740c5aa1f3209cbb6279fb82867e327e7c98e231f4cc6df1a0b884b721dbff
train,0497.png,/mnt/wmcontent/GLX/icassp/MBRS/datasets/train/0497.png,c3e1fefacfd380f7ace007b52ef11e1a515aec6a0424d10296c5fe0c16125970
train,0498.png,/mnt/wmcontent/GLX/icassp/MBRS/datasets/train/0498.png,4d52a60c070a577f8333260389f265f42f82ffc1723a3d25140386dca2cf647a
train,0499.png,/mnt/wmcontent/GLX/icassp/MBRS/datasets/train/0499.png,487628318e4be888bdef8a34d98a9de81fefaac2f89ea683a20cfd080638a2e6
train,0500.png,/mnt/wmcontent/GLX/icassp/MBRS/datasets/train/0500.png,237b0baa142ca35e46a926dc94c2daf6eec0ce8a582936ee35ae6fd8543260b9
train,0501.png,/mnt/wmcontent/GLX/icassp/MBRS/datasets/train/0501.png,2eb95a7c626f81a0ef6ad45483ba494b45ad41a7545a7bf88aca9b52d05116ec
train,0502.png,/mnt/wmcontent/GLX/icassp/MBRS/datasets/train/0502.png,5b83a723fbbc4c2b3ce0f12cc3cbba2e59325374bc9a2e94bfa1e84ebbeba6ef
train,0503.png,/mnt/wmcontent/GLX/icassp/MBRS/datasets/train/0503.png,21f4730504950e2eab96d19f2fd28ef1a7d9ce8138d39e9e10b94cacd2531525
train,0504.png,/mnt/wmcontent/GLX/icassp/MBRS/datasets/train/0504.png,a99e9721e2b828725adbacc801b7c8229722e066fe5c8ede1f62e04b969866d3
train,0505.png,/mnt/wmcontent/GLX/icassp/MBRS/datasets/train/0505.png,e1df7cbc1e1e959254ca226625f6266e90580962f3ea5b7f0ebdc2ff8950b9a0
train,0506.png,/mnt/wmcontent/GLX/icassp/MBRS/datasets/train/0506.png,277362426272c7e80d642b686143e911423dae43d6977f5c79338782867c164d
train,0507.png,/mnt/wmcontent/GLX/icassp/MBRS/datasets/train/0507.png,23673614028863c73dfc2f5c5ddfae3d1cd55ba0079a05f60953bae5266c4faf
train,0508.png,/mnt/wmcontent/GLX/icassp/MBRS/datasets/train/0508.png,5bbc6afa162df2c0acca58774470d9c18a9d8d1226bba41b320ad8fc35c2f44d
train,0509.png,/mnt/wmcontent/GLX/icassp/MBRS/datasets/train/0509.png,7874b0d1d2a1c4895459b1f1d2ade077b1056e65aebd4398465d1e2e2e80be71
train,0510.png,/mnt/wmcontent/GLX/icassp/MBRS/datasets/train/0510.png,912c5f91e00e2189b4d1b75c9ab841e643dea06389343f26a9cfd70804a4f800
train,0511.png,/mnt/wmcontent/GLX/icassp/MBRS/datasets/train/0511.png,f010e6e4c7e88dc99eab10fd707bd83010573a4615e24127e00be14221d654c6
train,0512.png,/mnt/wmcontent/GLX/icassp/MBRS/datasets/train/0512.png,97516e1fd732d650defeb0c7fb7560f577896f0efb72d2b51bde24eedfe7617e
train,0513.png,/mnt/wmcontent/GLX/icassp/MBRS/datasets/train/0513.png,e9bd644139107e535cfe1034eddcb4ee708305457c3e1bcc5e777dbe12d2dc02
train,0514.png,/mnt/wmcontent/GLX/icassp/MBRS/datasets/train/0514.png,0d47a29b5a5aef211af22d5c2fef7eae78072176e8220e2ef0f9974bfa1fcc06
train,0515.png,/mnt/wmcontent/GLX/icassp/MBRS/datasets/train/0515.png,6b0b60082078277fc6b34f6ab7b46ddbb32a001c5fdf8908fbc059acb26ba7ff
train,0516.png,/mnt/wmcontent/GLX/icassp/MBRS/datasets/train/0516.png,a262eebd050cb298f37eff04201839b0b0b589e10c9461184e70d5d780bbeb08
train,0517.png,/mnt/wmcontent/GLX/icassp/MBRS/datasets/train/0517.png,596e837b61aa0ed02047a67ac220a1cad7347f4805b4173eb9ea8f4d7e79d6f2
train,0518.png,/mnt/wmcontent/GLX/icassp/MBRS/datasets/train/0518.png,99d1e1530ec824b5f767d2263ccc621f076d0125fc7be1c63c526167e08d6fb5
train,0519.png,/mnt/wmcontent/GLX/icassp/MBRS/datasets/train/0519.png,bed05225952f5287698e4708e50cfa0e54ecf2d57345a2b3cd9c154361d78680
train,0520.png,/mnt/wmcontent/GLX/icassp/MBRS/datasets/train/0520.png,6019b87ece0491042fe46b9d0507bc3a6e3a7e03ca9943f7ce253e32d5813348
train,0521.png,/mnt/wmcontent/GLX/icassp/MBRS/datasets/train/0521.png,9797249d3cf7ba12300961867486ffdaa4f91d6c54a48763baf75b2d1cee300d
train,0522.png,/mnt/wmcontent/GLX/icassp/MBRS/datasets/train/0522.png,6daa4061e78f91000bdf63d4c12a0bbe10ad9167bf1c936d21b09a773884bffa
train,0523.png,/mnt/wmcontent/GLX/icassp/MBRS/datasets/train/0523.png,d0d02c739ea6ec6742eb49f001f40f0f59f6b99a71b37cde73e0e2d2c253511d
train,0524.png,/mnt/wmcontent/GLX/icassp/MBRS/datasets/train/0524.png,b7060a513717d717519d925c485348f2dfe5421add4c23e05c79eb1f94157d35
train,0525.png,/mnt/wmcontent/GLX/icassp/MBRS/datasets/train/0525.png,76fef162f7bda6937a050af69d4ceeffb138dbfaa2e7a3c949ba1a3c48cde2a5
train,0526.png,/mnt/wmcontent/GLX/icassp/MBRS/datasets/train/0526.png,64397c723e8d27d3551ba38085f0419f37eacce82b2039a6c8a9b9aeea8b8472
train,0527.png,/mnt/wmcontent/GLX/icassp/MBRS/datasets/train/0527.png,94ace360ee7a948cfa5318d4bb6275748e14b4d7fd0f5ed8d6ab49836b69a1c1
train,0528.png,/mnt/wmcontent/GLX/icassp/MBRS/datasets/train/0528.png,ed495c1357ee738132962a9d8c004d3b049beb8b6bc65a173ce38590b7a6a434
train,0529.png,/mnt/wmcontent/GLX/icassp/MBRS/datasets/train/0529.png,908f2a6598d2dd7b8235a7771e43c2e6125d78f3fffb9aa3237bd8820b5b7ecb
train,0530.png,/mnt/wmcontent/GLX/icassp/MBRS/datasets/train/0530.png,5c168f40faf4e4169a6bbdd1d642ec3dadf38b3611baa1d4686d3c2ca5337a86
train,0531.png,/mnt/wmcontent/GLX/icassp/MBRS/datasets/train/0531.png,bf9c0d8878b78c8c3c82b9cb9a1a36a696161cbc602bc6f0267e551309c712da
train,0532.png,/mnt/wmcontent/GLX/icassp/MBRS/datasets/train/0532.png,7ba86c1611b519eb262f012dcccbd8b13a63e3ba2bc1a0da85cf52143763dbdc
train,0533.png,/mnt/wmcontent/GLX/icassp/MBRS/datasets/train/0533.png,1da5abd8e3db0373cfa9226c0b211d748bcabeb70ad9dbf28a30702acf97e477
train,0534.png,/mnt/wmcontent/GLX/icassp/MBRS/datasets/train/0534.png,c605f2a1092cafc85280d618eb55344c58830313dc75b0469a8f7321f11aa4d3
train,0535.png,/mnt/wmcontent/GLX/icassp/MBRS/datasets/train/0535.png,e619c6b6e1aacf30559bef4bac7be7ae807a5bb3225242320e2be442572edce7
train,0536.png,/mnt/wmcontent/GLX/icassp/MBRS/datasets/train/0536.png,05fed5b4b8574ace4231d0b3ec4b98ae0a655afeeb8e556b153c37209302b7a8
train,0537.png,/mnt/wmcontent/GLX/icassp/MBRS/datasets/train/0537.png,3e3438cc9aafb4bc8c1a60f6d2bd2e29b116e523a2a29fde7e655830a2465976
train,0538.png,/mnt/wmcontent/GLX/icassp/MBRS/datasets/train/0538.png,b6484a70b81b1430e9bf3431fc5e63d00930a1dfcb2e423b4089b30d9e173550
train,0539.png,/mnt/wmcontent/GLX/icassp/MBRS/datasets/train/0539.png,6bc898b6506ced093b01b8641acfc53557cfdfcddcfe35ac1297e0ef2714ee3e
train,0540.png,/mnt/wmcontent/GLX/icassp/MBRS/datasets/train/0540.png,f401a97c2133d495e9b7dfade5acf7e9d6df9d9bc0deebedec206419f9288092
train,0541.png,/mnt/wmcontent/GLX/icassp/MBRS/datasets/train/0541.png,c8fb654e354377d740cebcd63cda9c93a6241afe90c89339025ae7fb10d9d828
train,0542.png,/mnt/wmcontent/GLX/icassp/MBRS/datasets/train/0542.png,1525e02c208488301f6e6441073bfb09e54e44c6c9654bdf131e55bfc9b56431
train,0543.png,/mnt/wmcontent/GLX/icassp/MBRS/datasets/train/0543.png,da48e00062ae6ddc8f7650da52b2d2e0181151eeae5dde239837a8b8c2f6188a
train,0544.png,/mnt/wmcontent/GLX/icassp/MBRS/datasets/train/0544.png,32f5b8e637f2bdc9a8c8dda0ec079d9840b686e689b37dff08f3f24b72c3eac2
train,0545.png,/mnt/wmcontent/GLX/icassp/MBRS/datasets/train/0545.png,0946aeab167f83bfd80af99d1f813e382cebc3cb0c8dee924c2e43d71cec5e8e
train,0546.png,/mnt/wmcontent/GLX/icassp/MBRS/datasets/train/0546.png,f06ecf4a96ff719f4b89d3b2cf6cec511d68635ebfb9d30fdbbc4440f2f8f8d9
train,0547.png,/mnt/wmcontent/GLX/icassp/MBRS/datasets/train/0547.png,e35ac8fe89fbdd9b864854580e4aa9411462669ad2aeb333e280fa69c9d9bd6a
train,0548.png,/mnt/wmcontent/GLX/icassp/MBRS/datasets/train/0548.png,76190df48f04999dc0004ab21d2cf54d67de21d632d62b1079b3527e173b0660
train,0549.png,/mnt/wmcontent/GLX/icassp/MBRS/datasets/train/0549.png,5b82d0adc8dddf470b7d987cce8073059d70a2c85c6514983adf7bacea79d7d0
train,0550.png,/mnt/wmcontent/GLX/icassp/MBRS/datasets/train/0550.png,098ad6d0641079afce86a3a4edca4e023ef3d2c5a6716b6a31fa9be905a873e9
train,0551.png,/mnt/wmcontent/GLX/icassp/MBRS/datasets/train/0551.png,a5455a46fbfa40345b2dc16aeac9d5bb21b17cf6c2093bb9d494a25dce727e99
train,0552.png,/mnt/wmcontent/GLX/icassp/MBRS/datasets/train/0552.png,f9df0098e74193220733c901b4b50602104700049a60f3f3fc15c463b4d91abc
train,0553.png,/mnt/wmcontent/GLX/icassp/MBRS/datasets/train/0553.png,819d5ff728dd0d8336c7fdd3aec1019404301f95d25b287d3d1387d5ee712aa6
train,0554.png,/mnt/wmcontent/GLX/icassp/MBRS/datasets/train/0554.png,20090d3624cbf5be53598c508b3c8a050fb6ede0a5f6e9ad712fc2ed25b73fe9
train,0555.png,/mnt/wmcontent/GLX/icassp/MBRS/datasets/train/0555.png,3813bd5e58461f9fe1967b1dc75ed61c9e4d75639a33a5a0be9ddc693eee7cfa
train,0556.png,/mnt/wmcontent/GLX/icassp/MBRS/datasets/train/0556.png,c684f091d31a184171ffaa5f387874c65d946ee17be101f12cf1ccef2714d39d
train,0557.png,/mnt/wmcontent/GLX/icassp/MBRS/datasets/train/0557.png,ea6551bea725f1284a46fef889e1ec123802b6f204ef76691457c8352736aebe
train,0558.png,/mnt/wmcontent/GLX/icassp/MBRS/datasets/train/0558.png,dc9cb5368665112c694414cf35d788150bafc61f8e9e8b623ecd6e06eaa7ab48
train,0559.png,/mnt/wmcontent/GLX/icassp/MBRS/datasets/train/0559.png,1a1c4f64759b3681aebdf66489236b925144c7e2dc3238d923ba4484231458b7
train,0560.png,/mnt/wmcontent/GLX/icassp/MBRS/datasets/train/0560.png,f67b37ce0d00a223d3d5689353e24a08740e0b7a4eed1ca2584aaa1d0258ed11
train,0561.png,/mnt/wmcontent/GLX/icassp/MBRS/datasets/train/0561.png,a5683781ed88cacd5f9091fbceef52a684143b319be55394e02e0626506fc4a4
train,0562.png,/mnt/wmcontent/GLX/icassp/MBRS/datasets/train/0562.png,1775c24397421736e217e1120a945d1e57e315875dfa16dec10a0a21109e2bbd
train,0563.png,/mnt/wmcontent/GLX/icassp/MBRS/datasets/train/0563.png,73f3420f150193420e4bd3df45aa2abed07abd8e6dcb9e0ec8f9cf5146abc06d
train,0564.png,/mnt/wmcontent/GLX/icassp/MBRS/datasets/train/0564.png,3a26172d565dcad9a97853afd7961688b99fd9a57e0af30a2fbd5805874c07bc
train,0565.png,/mnt/wmcontent/GLX/icassp/MBRS/datasets/train/0565.png,6db96eb9bcc86e8d8f745e3f398a7663e8fff5889f627f1850e7caf16cbf2656
train,0566.png,/mnt/wmcontent/GLX/icassp/MBRS/datasets/train/0566.png,d49e238e153e0919bdceaf9e68b365aa27ebb9fead74402afb07a083b79e12d8
train,0567.png,/mnt/wmcontent/GLX/icassp/MBRS/datasets/train/0567.png,f4d1eefea32777328a75197326b6148c34c3126da464160b5e9996ca7888d5d4
train,0568.png,/mnt/wmcontent/GLX/icassp/MBRS/datasets/train/0568.png,716a5b58dd695c1ba136ada31777384d7d5a427af045a1ffc4eb8b349db013f4
train,0569.png,/mnt/wmcontent/GLX/icassp/MBRS/datasets/train/0569.png,942a2894e661ae783a094bf2dc1be0d9b506dcee991e33707276f4f9333c9838
train,0570.png,/mnt/wmcontent/GLX/icassp/MBRS/datasets/train/0570.png,462f71c59228fb832fee8a17ae62cf861a64826e3be7d39a17e9f5b2d99f30df
train,0571.png,/mnt/wmcontent/GLX/icassp/MBRS/datasets/train/0571.png,6de58e0706300b3496f538dca3b80d478062f4c4396990b3b5e6479300ed71ef
train,0572.png,/mnt/wmcontent/GLX/icassp/MBRS/datasets/train/0572.png,6c6acc994fd4a706ee4a4156aabee1fa71c784c17a7019c696d924da12cc456e
train,0573.png,/mnt/wmcontent/GLX/icassp/MBRS/datasets/train/0573.png,ff48d29a6c1c428c97ca634ee398927dc48b523f381e657e32a2a912a6fc76b2
train,0574.png,/mnt/wmcontent/GLX/icassp/MBRS/datasets/train/0574.png,a617f7e81fdab402120cd27d8be49e5938412406cde16eab8e2638729fa9210f
train,0575.png,/mnt/wmcontent/GLX/icassp/MBRS/datasets/train/0575.png,28eeecfd15de3ffd4ad5d018767e3279523e98367fbf71625c3eb70e568bd686
train,0576.png,/mnt/wmcontent/GLX/icassp/MBRS/datasets/train/0576.png,bd68374cc9b07daba156529b4a6092f336ea10bf5e3655b5a25230e3f1cadf24
train,0577.png,/mnt/wmcontent/GLX/icassp/MBRS/datasets/train/0577.png,5e0f6f7887a070f873df38bb18a2980f17ca8f4f6a9076b5cf5348929536bc14
train,0578.png,/mnt/wmcontent/GLX/icassp/MBRS/datasets/train/0578.png,2dbfbff2b999df94a1b6c20d497489b2372c86f4c0a74199578fe08d28efc2c4
train,0579.png,/mnt/wmcontent/GLX/icassp/MBRS/datasets/train/0579.png,268c4306f3f4c53338ed4b9ab81bbd7809fb7da0fe1fe2a084bc5b7f3124e841
train,0580.png,/mnt/wmcontent/GLX/icassp/MBRS/datasets/train/0580.png,cfeb066919a38fe2ba5a57b8b4a5f3537401cef37705d513293911e0a345e5f4
train,0581.png,/mnt/wmcontent/GLX/icassp/MBRS/datasets/train/0581.png,07010cfac469abcb20aaf8ae8faaff35479baac3004f6fb0fac5d92ecbf68486
train,0582.png,/mnt/wmcontent/GLX/icassp/MBRS/datasets/train/0582.png,ba74146406981a6c3c0e79c65e1adf06f49ff6816cb7b86341e05211c895ede9
train,0583.png,/mnt/wmcontent/GLX/icassp/MBRS/datasets/train/0583.png,32e9e80c503f466174b6bc1f0c4a3ba2e93e7b53d20b228da35bb4e51578b492
train,0584.png,/mnt/wmcontent/GLX/icassp/MBRS/datasets/train/0584.png,5fc600e3c3650ca7e5494f94d28a6bb11338ab3140d94ae2c8326fd7ab1bdc55
train,0585.png,/mnt/wmcontent/GLX/icassp/MBRS/datasets/train/0585.png,03b1e8b0014bb299e25384083d7060ece3aa4034b6f97c0a2c41de36ac8dc047
train,0586.png,/mnt/wmcontent/GLX/icassp/MBRS/datasets/train/0586.png,2d211f9f6b6a42f5f3f6e466f9a802268724e104c38f50f15e5a5ba49a946a5f
train,0587.png,/mnt/wmcontent/GLX/icassp/MBRS/datasets/train/0587.png,6248cf15fa454bdbed02f2633f32c9d5c3774f3eca54fe21cc188578ea8566be
train,0588.png,/mnt/wmcontent/GLX/icassp/MBRS/datasets/train/0588.png,ed9dc8a30d26c9c0740a53ba0f0425d3e5f7d726f02a42ebb66b2ebca56c2ac5
train,0589.png,/mnt/wmcontent/GLX/icassp/MBRS/datasets/train/0589.png,022f7bd9c8813d192180fe930b2ee896c518aaf9fc046871742ba04fcbb7b4d8
train,0590.png,/mnt/wmcontent/GLX/icassp/MBRS/datasets/train/0590.png,9863123c095fe1ad692a63cb4998c7b8e15aa200c782d2a350b3b3b15c2b09c0
train,0591.png,/mnt/wmcontent/GLX/icassp/MBRS/datasets/train/0591.png,c3f30fdd03187ec7e329b5ab7fffebf1734f4749ed3ce3e80cd40d36176e7bc2
train,0592.png,/mnt/wmcontent/GLX/icassp/MBRS/datasets/train/0592.png,34099dcfa4753bb4f7850c134942d5ab8922fd7f342c4e4e33d107c6e56a46ac
train,0593.png,/mnt/wmcontent/GLX/icassp/MBRS/datasets/train/0593.png,3c45e3c8f9034a65dc991c684cc8a433f2902f060a29de95bd91050436d84e44
train,0594.png,/mnt/wmcontent/GLX/icassp/MBRS/datasets/train/0594.png,351f7f5268e1c70d993bf5e49e97c2e925c3344831ce2e3fe4c21de83b321b1a
train,0595.png,/mnt/wmcontent/GLX/icassp/MBRS/datasets/train/0595.png,b34fd22ec73d9d3fe53afbb42c504f7d849e882d8da6ed653d686474be87862c
train,0596.png,/mnt/wmcontent/GLX/icassp/MBRS/datasets/train/0596.png,4b97593212f63c450faccc7f2d4f4919b939b6820dacbb0aa7a5c0c6d9f69ecd
train,0597.png,/mnt/wmcontent/GLX/icassp/MBRS/datasets/train/0597.png,4160d98591be930bd0dcfa1fc6bef1262286bfa346cc1d9c492df20a5bc6ed6f
train,0598.png,/mnt/wmcontent/GLX/icassp/MBRS/datasets/train/0598.png,a4bf1269a0556f41061052dfc41e97b235d41cc9da36f685c0ec94bb27c7433b
train,0599.png,/mnt/wmcontent/GLX/icassp/MBRS/datasets/train/0599.png,6982a0b6913f9cbd299fbe12c02f5b6300c0f521b4d2d1cefcfbdf64ddf559ef
train,0600.png,/mnt/wmcontent/GLX/icassp/MBRS/datasets/train/0600.png,6841ad4360f97e43406e901e75780c36410be0b0bca81fe133e3b02aa3e0c470
train,0601.png,/mnt/wmcontent/GLX/icassp/MBRS/datasets/train/0601.png,29237fd36e45be58fcc89b890b3d0a466c6c09fff8acc51c71a282bf93cefc7c
train,0602.png,/mnt/wmcontent/GLX/icassp/MBRS/datasets/train/0602.png,25a506b5b92a18d3b7d3bc94b2225108e8331d25d1ecb826500ab91c0b9880c8
train,0603.png,/mnt/wmcontent/GLX/icassp/MBRS/datasets/train/0603.png,60b5cd730d12277f0af05e5a714043858b7f460afbc312c0e07ac40809d2a4f1
train,0604.png,/mnt/wmcontent/GLX/icassp/MBRS/datasets/train/0604.png,3c3e1d97df67eb4747ff3ebb5f3328319a4073841e9c69b3d2ce37c499d5ccf1
train,0605.png,/mnt/wmcontent/GLX/icassp/MBRS/datasets/train/0605.png,6d0a2a7bc078b4416163a1f9912e0772585d39a0765320cc874cb3a86b03f058
train,0606.png,/mnt/wmcontent/GLX/icassp/MBRS/datasets/train/0606.png,0b416bae17e168cead8619107c661190b3751e465be78695a4330cf48fa0f074
train,0607.png,/mnt/wmcontent/GLX/icassp/MBRS/datasets/train/0607.png,39c1de5c671964acc6f458463522332c5749c7b27810e2a9514330e11fcdae9d
train,0608.png,/mnt/wmcontent/GLX/icassp/MBRS/datasets/train/0608.png,0ee177ec4abc12f8c85c95e06926195ba5047f975e1ef704bcbecb30acc0e695
train,0609.png,/mnt/wmcontent/GLX/icassp/MBRS/datasets/train/0609.png,e11d43e98a2a2682b6e9ca1b3dd63e0258d217f0cf85fca37745e441fca6f6fe
train,0610.png,/mnt/wmcontent/GLX/icassp/MBRS/datasets/train/0610.png,3eff8f32f9da0689433b6f384f5df3c2a17cbf68e38a134d3166fa30b25b7447
train,0611.png,/mnt/wmcontent/GLX/icassp/MBRS/datasets/train/0611.png,7603a13589259d02ea292f170bded01739aec984052cd096a1c3a9b669441ddd
train,0612.png,/mnt/wmcontent/GLX/icassp/MBRS/datasets/train/0612.png,33487e2c7551935ee20858ddf0e2bf9325f804b4a7dafaa483bc6303ad04dbaf
train,0613.png,/mnt/wmcontent/GLX/icassp/MBRS/datasets/train/0613.png,623e36d63b7e8e2e8a5bb83b37970725cfb697e0eaf17d8a241d19de5f623b62
train,0614.png,/mnt/wmcontent/GLX/icassp/MBRS/datasets/train/0614.png,78f73162b44dd442252472437b98d2823ec22b764eab9ba105e30213529d38cc
train,0615.png,/mnt/wmcontent/GLX/icassp/MBRS/datasets/train/0615.png,39470303f72a3a7030de43f0de48fa69ae5f6fce6c2779afcadc099c2976a303
train,0616.png,/mnt/wmcontent/GLX/icassp/MBRS/datasets/train/0616.png,85685473eede10144dc1a9b266fae8b543840432c1cbc41444bbe105a78b2e99
train,0617.png,/mnt/wmcontent/GLX/icassp/MBRS/datasets/train/0617.png,2ebc4b166dc79123e2588c681a741b927056be8c25e642836f9fec06bef850b5
train,0618.png,/mnt/wmcontent/GLX/icassp/MBRS/datasets/train/0618.png,c5c9dee54f31196bfa4b6b1233b45ed27ea3cd24aeaddaa106eeab2e70b74fab
train,0619.png,/mnt/wmcontent/GLX/icassp/MBRS/datasets/train/0619.png,f968dbdd95caa017851ab2c9d54348bd4d4b60dc618f2041b2a2e8cd6b4cb1fa
train,0620.png,/mnt/wmcontent/GLX/icassp/MBRS/datasets/train/0620.png,1e5ecc3fc5a8c5081ba3ef229c59ca8882accfb82b4fd03d0389083100741700
train,0621.png,/mnt/wmcontent/GLX/icassp/MBRS/datasets/train/0621.png,5430f4080126955a1cadbc45383bae427bdf36ad25ff8aac823b42800d4d2c83
train,0622.png,/mnt/wmcontent/GLX/icassp/MBRS/datasets/train/0622.png,aa9ec6eb1425dedfec314b51f5a63617ca144d6d8d65fc336486622780478d7d
train,0623.png,/mnt/wmcontent/GLX/icassp/MBRS/datasets/train/0623.png,5ab0be83d7e595860153c14fc6d37cb3c637c28ffd37422d85e3a463a8a6e4e3
train,0624.png,/mnt/wmcontent/GLX/icassp/MBRS/datasets/train/0624.png,8b23d10f9d1eae327024649a6098a2b55c02f062711747757066d6d1c7cee519
train,0625.png,/mnt/wmcontent/GLX/icassp/MBRS/datasets/train/0625.png,787bf30616d04672af136069e686fed72203376cefaf58fc4b6bb500cf2c440b
train,0626.png,/mnt/wmcontent/GLX/icassp/MBRS/datasets/train/0626.png,a557c211ffb1117c744064bb30b8ee0f66a420ab74cc9718e7148a3c51e968d0
train,0627.png,/mnt/wmcontent/GLX/icassp/MBRS/datasets/train/0627.png,ef4a914230b147a6135ae212a705715a7f1f4e1624d99e24db95f0d719c00ffa
train,0628.png,/mnt/wmcontent/GLX/icassp/MBRS/datasets/train/0628.png,71afb964f88b99bc7e41e7bf97a47c4e41ff0b5172037b3c889679b97e110015
train,0629.png,/mnt/wmcontent/GLX/icassp/MBRS/datasets/train/0629.png,b9f5aa68858150577f3351fca21dab33f6fb9256f9e1232d5d4fce772dcdf50f
train,0630.png,/mnt/wmcontent/GLX/icassp/MBRS/datasets/train/0630.png,073a3291473b0018fab69257cefaa9aa34f78213ef20cd5fc1c2e45460624e4b
train,0631.png,/mnt/wmcontent/GLX/icassp/MBRS/datasets/train/0631.png,5ceb41f783b7a4c24d459a27df194db9af074d0ac9aca5c9818a56c1f9bd1890
train,0632.png,/mnt/wmcontent/GLX/icassp/MBRS/datasets/train/0632.png,b289e83034a37f94c974fb8b73f736125022c68ad67becba7553f6401c4cd3b6
train,0633.png,/mnt/wmcontent/GLX/icassp/MBRS/datasets/train/0633.png,6a0d8687ba2eb98d063889ef990871a6ec288c10a8ebffdf36672ca49718b230
train,0634.png,/mnt/wmcontent/GLX/icassp/MBRS/datasets/train/0634.png,0c54d05215ca16edbf88ee864845b6fb97c325cfbaf1a0fc783a51fc0ff8ad59
train,0635.png,/mnt/wmcontent/GLX/icassp/MBRS/datasets/train/0635.png,2099354e7ef0f678391c9c34b05b3892b6a97c211a490c89e2a3b3ba681c3749
train,0636.png,/mnt/wmcontent/GLX/icassp/MBRS/datasets/train/0636.png,27fa6e2ef31dff8edff7b1fa489447fc4bf0a62e64b3548b6bbd0ac5734b6599
train,0637.png,/mnt/wmcontent/GLX/icassp/MBRS/datasets/train/0637.png,536fc2360ae337c6ab025ec7353b34d75e960b9515e0146d86b89f63778f2370
train,0638.png,/mnt/wmcontent/GLX/icassp/MBRS/datasets/train/0638.png,1f166c474a4b90e119d7767f07a433dda497c66618cae0fb9fe90abc61d4ba1a
train,0639.png,/mnt/wmcontent/GLX/icassp/MBRS/datasets/train/0639.png,af649609098f2d861dce67b7e139bdec3bff14517ef07e3001534b15fe333ebb
train,0640.png,/mnt/wmcontent/GLX/icassp/MBRS/datasets/train/0640.png,8c5532e2399589c4c1c764cea060e30241c430ca1358d2fb735aba65d200c068
train,0641.png,/mnt/wmcontent/GLX/icassp/MBRS/datasets/train/0641.png,071992c80323896add03f1be718b5313e500db3d7e4382c3df15b6f5288406ad
train,0642.png,/mnt/wmcontent/GLX/icassp/MBRS/datasets/train/0642.png,c13cdc5a990c21d7662e1d7a780f3316547eaed069dcbdc609731127c8ef24fd
train,0643.png,/mnt/wmcontent/GLX/icassp/MBRS/datasets/train/0643.png,e0459bf6a0b41e9ba59df7324de16eb21cf2d6cf12fdfa1ed08b32dba09c27f4
train,0644.png,/mnt/wmcontent/GLX/icassp/MBRS/datasets/train/0644.png,933ffe62700d0da8c966505fcc8218321f02654415d26e5b004e7ece493cc19b
train,0645.png,/mnt/wmcontent/GLX/icassp/MBRS/datasets/train/0645.png,044a9c38b4cdb4058343ab156b45fda61a56e35c52c5d5828bd5df2ff4249549
train,0646.png,/mnt/wmcontent/GLX/icassp/MBRS/datasets/train/0646.png,e19f55ad09b409e8dbbde510b2f60a9087780a217af393de260d1cf503db646f
train,0647.png,/mnt/wmcontent/GLX/icassp/MBRS/datasets/train/0647.png,591353c1a6aa5117d624aa9e1e2bdcd46b26ad1bddf2efa4ae97681858bc4981
train,0648.png,/mnt/wmcontent/GLX/icassp/MBRS/datasets/train/0648.png,771dfdebe67a37b5e9b3337975637fdc5766e5b6bd41c3a9974257f881693f1c
train,0649.png,/mnt/wmcontent/GLX/icassp/MBRS/datasets/train/0649.png,a45f550a2d8c2490015a66ceb9c202bcbee13f8ee8daf3f80e4a7e6214c035f7
train,0650.png,/mnt/wmcontent/GLX/icassp/MBRS/datasets/train/0650.png,b19f9b734b904df932c460182e503fa075b6dc59f64bfde31ec76d452a6894bc
train,0651.png,/mnt/wmcontent/GLX/icassp/MBRS/datasets/train/0651.png,3a417aa98aa2d608f9d46f8664e529de933462b73fe52843fe30fde3af3d24dc
train,0652.png,/mnt/wmcontent/GLX/icassp/MBRS/datasets/train/0652.png,c01418fdebaa0990cf94bbaf54245bd0d0f6b9c71b186d72f66ad8132e586016
train,0653.png,/mnt/wmcontent/GLX/icassp/MBRS/datasets/train/0653.png,969fd96b596de463908c106cf561d3d576b1e8a78d1600e014e1262df85369a8
train,0654.png,/mnt/wmcontent/GLX/icassp/MBRS/datasets/train/0654.png,7abc326bbfc6da8cc9699fe8baefe2aacfef7bc30d12cabfd2a9dffab199f7fa
train,0655.png,/mnt/wmcontent/GLX/icassp/MBRS/datasets/train/0655.png,824569068f9a9da940fd6f01c06601113605e64c1ba4cf6842849dcf17a91eb8
train,0656.png,/mnt/wmcontent/GLX/icassp/MBRS/datasets/train/0656.png,455060757bbc63214a8c1df8204170816c192ed100e592798558134875e0a736
train,0657.png,/mnt/wmcontent/GLX/icassp/MBRS/datasets/train/0657.png,c6b054e95148e67a2e32671044e2acd19230f325a1ec6080fa39c1930472db8e
train,0658.png,/mnt/wmcontent/GLX/icassp/MBRS/datasets/train/0658.png,6419944485aff42e0be1165ee467f57df9ae122cdd2b6ede208c5e0341e45fdf
train,0659.png,/mnt/wmcontent/GLX/icassp/MBRS/datasets/train/0659.png,3459cc330d36b362a455797ce3bab04b39678e7019e4d0834d057a36d9e779fb
train,0660.png,/mnt/wmcontent/GLX/icassp/MBRS/datasets/train/0660.png,74c951fa68209dfb1e77e6a543fb27ebf71482b183faed02d192888aa5c4c99c
train,0661.png,/mnt/wmcontent/GLX/icassp/MBRS/datasets/train/0661.png,19c50713b5463a3fcaf2399b1602b41714ccc24556e57287a51317780870ed62
train,0662.png,/mnt/wmcontent/GLX/icassp/MBRS/datasets/train/0662.png,65cc2cc830a40a9f6e4b98e236e84da9b32d9ecb425d9803df533ced7cdf32a7
train,0663.png,/mnt/wmcontent/GLX/icassp/MBRS/datasets/train/0663.png,ea9a9f948311e4d408a861003d92956ca6f1ce6cf1b4085aae2f3505d32480b8
train,0664.png,/mnt/wmcontent/GLX/icassp/MBRS/datasets/train/0664.png,af5c45af4c6a4c4f89dfb9a7690e44ea1b89bf2b715d644417885742202725b9
train,0665.png,/mnt/wmcontent/GLX/icassp/MBRS/datasets/train/0665.png,8ef96c3b55b680a6a47a1d49267fd97eaa437709e300e3d01ba98a6ad30eeb44
train,0666.png,/mnt/wmcontent/GLX/icassp/MBRS/datasets/train/0666.png,11a90dd77a685f8717f58bacd1d3afd13698e6e015886c737c16d5a9d5a079d3
train,0667.png,/mnt/wmcontent/GLX/icassp/MBRS/datasets/train/0667.png,c444a2f2fba54e900ea33bd2422a5dc631c7c48f991ad73f1b86d99ba26a2e3d
train,0668.png,/mnt/wmcontent/GLX/icassp/MBRS/datasets/train/0668.png,9835728e959cffd1dbb9dd08ca3b30c03e2a837aa93b53171eaffc6c337b3dd0
train,0669.png,/mnt/wmcontent/GLX/icassp/MBRS/datasets/train/0669.png,933e9db29fded0a8d23405c565081a6cd00349a27aff5f1436feba16a74f5c10
train,0670.png,/mnt/wmcontent/GLX/icassp/MBRS/datasets/train/0670.png,b5769dfaf2efb291d1ef5114c68ec83f2a3acf72840b4f292dd7c4e76f026559
train,0671.png,/mnt/wmcontent/GLX/icassp/MBRS/datasets/train/0671.png,a173c81a0a92c9424ae7b1866dbcf4ee8ff3c7367b35a21d9abf96ec0c393403
train,0672.png,/mnt/wmcontent/GLX/icassp/MBRS/datasets/train/0672.png,74a8169be9a692a6401f7aae4dda4fa35eed14d1763640df5a3d64f38708dac4
train,0673.png,/mnt/wmcontent/GLX/icassp/MBRS/datasets/train/0673.png,6390c57c98262d5b243e4bb1738e20e11d56ac129101a8d684c42b10b164abd4
train,0674.png,/mnt/wmcontent/GLX/icassp/MBRS/datasets/train/0674.png,58a9607483e9e8d5272cb906df045ff18b433e9a972dd4c2776d33fb8ba55310
train,0675.png,/mnt/wmcontent/GLX/icassp/MBRS/datasets/train/0675.png,57b5be4cc909fa4c4e8052aba699ad8e1038385010542b6f8fc32eead3abd099
train,0676.png,/mnt/wmcontent/GLX/icassp/MBRS/datasets/train/0676.png,3c2163bbe95510d674e50c7dd8e425c7c8d2064d0736b9b83b1dd32633c84ad3
train,0677.png,/mnt/wmcontent/GLX/icassp/MBRS/datasets/train/0677.png,9f99e1daddbfe336adbc8f6b692a4b803c450e111d0095ffcf4e879ec59e559f
train,0678.png,/mnt/wmcontent/GLX/icassp/MBRS/datasets/train/0678.png,9ffe0ad73385b1228b6bf4a7ce6aef001771ed854a05009b5d79f57af409efcb
train,0679.png,/mnt/wmcontent/GLX/icassp/MBRS/datasets/train/0679.png,6b36d855f6342147d4ac5ae4d6da6c2a70f8d4cbc18f3914e84a19fe21309f21
train,0680.png,/mnt/wmcontent/GLX/icassp/MBRS/datasets/train/0680.png,997d4106adfbc8b6fcd8ca7169de0190cd88a34259a74c79cad4b5ea86bd1897
train,0681.png,/mnt/wmcontent/GLX/icassp/MBRS/datasets/train/0681.png,4286eda21accff4d31350c90460ca4a8c29ebcbfd987f073ba549355380e0dea
train,0682.png,/mnt/wmcontent/GLX/icassp/MBRS/datasets/train/0682.png,4db4d1f9568d9ee20158b0f4b5979efd11cc495a0eadce2336c9cff1cb328706
train,0683.png,/mnt/wmcontent/GLX/icassp/MBRS/datasets/train/0683.png,c05b58b687132d40f7d0399daf7f7ad70e6b69c8334ca25eaa5c4a1b675b3586
train,0684.png,/mnt/wmcontent/GLX/icassp/MBRS/datasets/train/0684.png,25e421af0e80c9b94659956b952870a53057c17a7a63da32bda9b9df9b25919c
train,0685.png,/mnt/wmcontent/GLX/icassp/MBRS/datasets/train/0685.png,c42e9a8e92f57ed8ebff3ba247c7578aa85b59785021123f673c56d895e63364
train,0686.png,/mnt/wmcontent/GLX/icassp/MBRS/datasets/train/0686.png,ff893bdaf7cdf5dc714576696b0a1f2cc3637beed3131eb95be61cb2233ff9cd
train,0687.png,/mnt/wmcontent/GLX/icassp/MBRS/datasets/train/0687.png,07d96b2d6a75223fb10df3492da26615b84bb3c5add2895eed7d632ed0bafdbb
train,0688.png,/mnt/wmcontent/GLX/icassp/MBRS/datasets/train/0688.png,9841608d42a81a530e0ac9d33732bb5d4c017cff0e07bf071811659e04322ccb
train,0689.png,/mnt/wmcontent/GLX/icassp/MBRS/datasets/train/0689.png,eadc65d6a728375753272ffcc97afa051cafd40113239670e732414e58132e12
train,0690.png,/mnt/wmcontent/GLX/icassp/MBRS/datasets/train/0690.png,f1c56f5beb36a1f1d025a1286240328070801cb66329f23e8603eee2aadb14b7
train,0691.png,/mnt/wmcontent/GLX/icassp/MBRS/datasets/train/0691.png,5ca8509852d92d4ba88f37eaea580836a4d11e4754f10c5c010431db1476263e
train,0692.png,/mnt/wmcontent/GLX/icassp/MBRS/datasets/train/0692.png,c7207147e5fba73bfe8e07a3e674b95175aac279f4f36b42f190d48971f6f997
train,0693.png,/mnt/wmcontent/GLX/icassp/MBRS/datasets/train/0693.png,78fccf27d3bd8ac6c6e7b4add80af027ca9da25ea933e390b332616881095674
train,0694.png,/mnt/wmcontent/GLX/icassp/MBRS/datasets/train/0694.png,da9769db53233ced266178721cbce91b66e79030482e89cafa5c409e01309694
train,0695.png,/mnt/wmcontent/GLX/icassp/MBRS/datasets/train/0695.png,3699d6779c34be5cae8835ed0a898538b3a6b08d78c875bc910938edddcf152b
train,0696.png,/mnt/wmcontent/GLX/icassp/MBRS/datasets/train/0696.png,689763eca69258dc5dae41c24cd11f9a4c3bbd3b7d5c33cc090a99df419602f5
train,0697.png,/mnt/wmcontent/GLX/icassp/MBRS/datasets/train/0697.png,9f92562e6df406c2420e0f782cffbd369284a9f981fc2ae1a425d0899df21eb1
train,0698.png,/mnt/wmcontent/GLX/icassp/MBRS/datasets/train/0698.png,628bf220cc3ae91b208fbe25f5338f8049a4b75ce9883602e7fb30e99ec9a831
train,0699.png,/mnt/wmcontent/GLX/icassp/MBRS/datasets/train/0699.png,dc6e69b8df6cdb32f7ce0bbc18457e998726178bae9f26a403c9e56849c5be5d
train,0700.png,/mnt/wmcontent/GLX/icassp/MBRS/datasets/train/0700.png,e14d29d348662967b5acd198c66264b83b8719c11b1d5e454ac8c1c0a7c99e66
train,0701.png,/mnt/wmcontent/GLX/icassp/MBRS/datasets/train/0701.png,6e55271c570f5dd2ba9b5b75df0a340bf28f4387b37fe97b9d82befbe18d07cd
train,0702.png,/mnt/wmcontent/GLX/icassp/MBRS/datasets/train/0702.png,29cc30f5387f834fedf77ff4e67289a26282ccf131745ea4f08e5ed6fcf2f1ce
train,0703.png,/mnt/wmcontent/GLX/icassp/MBRS/datasets/train/0703.png,169da92f1f20de42ec6a0500c0e2c62f59686048f63def0e8f878cfa5b19026c
train,0704.png,/mnt/wmcontent/GLX/icassp/MBRS/datasets/train/0704.png,a8e0ce97c42595a38b40f9e66d550dfe133bd8f51aac11fc662e57b907145433
train,0705.png,/mnt/wmcontent/GLX/icassp/MBRS/datasets/train/0705.png,8707a39b2081d60511e9fd62bcd6601c284a58cd2ed3d91390b2da52314c5fa3
train,0706.png,/mnt/wmcontent/GLX/icassp/MBRS/datasets/train/0706.png,5b90988c1a063b750fc358e40899bcfbdf077edef2090120c6fd5f1849d67749
train,0707.png,/mnt/wmcontent/GLX/icassp/MBRS/datasets/train/0707.png,fc951aa60ac6c5ae6e3122e75dc777913f1793c6977dab63edcde4931128bca9
train,0708.png,/mnt/wmcontent/GLX/icassp/MBRS/datasets/train/0708.png,e4667a7919122add2e577bc1d80423fea28a67d7cdee4f0a5c2fcd600142f61f
train,0709.png,/mnt/wmcontent/GLX/icassp/MBRS/datasets/train/0709.png,d3a85997930b0ae8b655303191ed0f7a16f10dc72d65b8a93acdf82b8fac2f4a
train,0710.png,/mnt/wmcontent/GLX/icassp/MBRS/datasets/train/0710.png,c1e9812f8d1e40e73ff18e453cbceff371b4d2dcbeb1ec96300d9c25f7b9a042
train,0711.png,/mnt/wmcontent/GLX/icassp/MBRS/datasets/train/0711.png,aae72ba4882b898d49d2eb7c7a9673160d76131a66255778e83792b582804c03
train,0712.png,/mnt/wmcontent/GLX/icassp/MBRS/datasets/train/0712.png,b76e44b1ec103f5d4568cde1439623c54dee467792a2e0111c3e48b06f9a9583
train,0713.png,/mnt/wmcontent/GLX/icassp/MBRS/datasets/train/0713.png,0a0d47a0a163667bec1c316b0f4e8fe8df5be20ce1111b353206aa119d4136b2
train,0714.png,/mnt/wmcontent/GLX/icassp/MBRS/datasets/train/0714.png,cf8931a59f608de1f73ed5fd515442cc7af7ec073d20e4c780f0047263e67ec3
train,0715.png,/mnt/wmcontent/GLX/icassp/MBRS/datasets/train/0715.png,6d83f62873c62b751ee377ecbacf92e81667f940845b2501cd8ae57b41c9cd42
train,0716.png,/mnt/wmcontent/GLX/icassp/MBRS/datasets/train/0716.png,b4866880956e4b5c80882b27ff44eab92ff0321b9ad81f0d7adf52640ac02901
train,0717.png,/mnt/wmcontent/GLX/icassp/MBRS/datasets/train/0717.png,e14141fecf459ecc694bb9e760e152d87b1bd56249dd6f7fe8edf8c0a320bd90
train,0718.png,/mnt/wmcontent/GLX/icassp/MBRS/datasets/train/0718.png,3736571f29f72e96de2e500aaf146daf8cc63a5abe4cbb497338938c845f6088
train,0719.png,/mnt/wmcontent/GLX/icassp/MBRS/datasets/train/0719.png,d2c5c68adba0b89d7d5e4120b07f19b0ffa586c29e0ba36ad6dc49774a1584bd
train,0720.png,/mnt/wmcontent/GLX/icassp/MBRS/datasets/train/0720.png,33934cdc5c9add55f225f3f4868b2e51c6eb96d0c8af99d45c9d8f173e49f3d6
train,0721.png,/mnt/wmcontent/GLX/icassp/MBRS/datasets/train/0721.png,c8ec4599c8e38664702b8398973fb2fffaec8c5482d026c638c7ceddf91e56ba
train,0722.png,/mnt/wmcontent/GLX/icassp/MBRS/datasets/train/0722.png,6bb9103a26b40a07feb1152b87d8a6c916affea857c385e6619705220075145b
train,0723.png,/mnt/wmcontent/GLX/icassp/MBRS/datasets/train/0723.png,b10b75a7d8727f6bdf3eee4c0b3d8778f115b5ae92bf3333197998e71cfa2d6a
train,0724.png,/mnt/wmcontent/GLX/icassp/MBRS/datasets/train/0724.png,d7e5c939a839b7e1c74b622d7db13cd9f3858fcf40017a354de587474dfd5da7
train,0725.png,/mnt/wmcontent/GLX/icassp/MBRS/datasets/train/0725.png,4550e405323ecbf70edfbf9849296e4db23d092dc1bb809c762ad5965da136e8
train,0726.png,/mnt/wmcontent/GLX/icassp/MBRS/datasets/train/0726.png,57cf3484055100cb59bfef4526f449020420c2c4b596dd61151721da3d58c65a
train,0727.png,/mnt/wmcontent/GLX/icassp/MBRS/datasets/train/0727.png,f4b2ca97300579745f2532f6404ed349a7ff3f2f529bf09ca87ba044a98ecc70
train,0728.png,/mnt/wmcontent/GLX/icassp/MBRS/datasets/train/0728.png,bfeba52cc4c82ffbc60ebbafa4e1eea68a5d55881734656234fe334e104d9a2f
train,0729.png,/mnt/wmcontent/GLX/icassp/MBRS/datasets/train/0729.png,608fb284ef487e26cc1f64d6956fc1dd5eff30b6e2df54a0917373d13975fc30
train,0730.png,/mnt/wmcontent/GLX/icassp/MBRS/datasets/train/0730.png,1ac8b1a7ff91d29fe19da5196b62a7aaa8be4463ebc9302e996213f0be814967
train,0731.png,/mnt/wmcontent/GLX/icassp/MBRS/datasets/train/0731.png,d2da6b16cf01c7258f9331673edc61a39ba6c011e7521e8839e5381d943a078d
train,0732.png,/mnt/wmcontent/GLX/icassp/MBRS/datasets/train/0732.png,a79967eae4b77d1852be3d90d910b5eea0f28338b993329de0d2e625524756fd
train,0733.png,/mnt/wmcontent/GLX/icassp/MBRS/datasets/train/0733.png,a77503029f2c1ef827528ad4a753f52297eb63517c66fcd8a8fe11c344caff79
train,0734.png,/mnt/wmcontent/GLX/icassp/MBRS/datasets/train/0734.png,40fa389b44c19a910fe06570b4b8f4f665bcb7688aefc8395313aceff10d2335
train,0735.png,/mnt/wmcontent/GLX/icassp/MBRS/datasets/train/0735.png,28b0b6ff785433b5ecf65b316ae98fea495f3e24f2c87c270b9035d9625b708e
train,0736.png,/mnt/wmcontent/GLX/icassp/MBRS/datasets/train/0736.png,013c495436b2972be9d8507c2972bcacf64c766742e54c8e422b249e05de93a4
train,0737.png,/mnt/wmcontent/GLX/icassp/MBRS/datasets/train/0737.png,b6812952cc7ab78b1811d59f5d78893b811409e7d3c56a7177908727f8fa10e6
train,0738.png,/mnt/wmcontent/GLX/icassp/MBRS/datasets/train/0738.png,c670a8b907c066ec5cf71e7a502d5c25cf1ea9a13ec15bdf52dfa1790fc7f15b
train,0739.png,/mnt/wmcontent/GLX/icassp/MBRS/datasets/train/0739.png,60960d085fed63e7ac3bc1be008c7632f697ca6aaa1c8d0d1e7b020e7fe9bf8f
train,0740.png,/mnt/wmcontent/GLX/icassp/MBRS/datasets/train/0740.png,c1c06d6938448e8b69a79dfee53f3b3eed94682ce46aee275753bcb7ab923189
train,0741.png,/mnt/wmcontent/GLX/icassp/MBRS/datasets/train/0741.png,a47855168acd6b8a24246a37e1e5e2cb0d328bc6b33e794e5bff30fdaf0b17b3
train,0742.png,/mnt/wmcontent/GLX/icassp/MBRS/datasets/train/0742.png,cad9591531650efb69966050563259ce55b560d7d7d39f78398eba70ffc5a271
train,0743.png,/mnt/wmcontent/GLX/icassp/MBRS/datasets/train/0743.png,fe50dc8f01eb8c77007b2ce750eb759f081159e102554885b1863c2418e4b89e
train,0744.png,/mnt/wmcontent/GLX/icassp/MBRS/datasets/train/0744.png,801b0c392484458a773d736cbfcf70e9193caec18adacb508d70bcc838dc5485
train,0745.png,/mnt/wmcontent/GLX/icassp/MBRS/datasets/train/0745.png,bd1c0b757f65e6b0515fbda6e723b11e86f656bf5df2582a5497ed4764bcb9ce
train,0746.png,/mnt/wmcontent/GLX/icassp/MBRS/datasets/train/0746.png,a535351133a84f995a8324779449c4932e2841754f291b71613f3853e00e10c2
train,0747.png,/mnt/wmcontent/GLX/icassp/MBRS/datasets/train/0747.png,7fd00d213b0fd75308e2962e88111bb24ba1fc72420beabc0e4ffa0839284c73
train,0748.png,/mnt/wmcontent/GLX/icassp/MBRS/datasets/train/0748.png,25997284c42027e80ce4ec3adf464521bba6ae941a291925666ff634b505ee46
train,0749.png,/mnt/wmcontent/GLX/icassp/MBRS/datasets/train/0749.png,994fd552ebfba5648ea679b79751b44f546091692b20b4ad16c2bcd564e17936
train,0750.png,/mnt/wmcontent/GLX/icassp/MBRS/datasets/train/0750.png,e5b4d4bfa020841aa68dab751347df7510efe5c1c956d52d8d9d907b5c041399
train,0751.png,/mnt/wmcontent/GLX/icassp/MBRS/datasets/train/0751.png,584cf5d6e9022eb40e980976cc5b68ce69e8859c1012d200b2a30b80360d9559
train,0752.png,/mnt/wmcontent/GLX/icassp/MBRS/datasets/train/0752.png,deefef8abdd677ee2f5c918414ccc34f5f9a007ad1a7b6f08d837d8701c39458
train,0753.png,/mnt/wmcontent/GLX/icassp/MBRS/datasets/train/0753.png,7d76ac9e5ca9fc792739ba3e488c7f6fdd9caa387a08bedebc6a7e5c711c7004
train,0754.png,/mnt/wmcontent/GLX/icassp/MBRS/datasets/train/0754.png,32d749daec6c56584e6c9c32432e49b315153f7e74375caab5363bbeb33d9e18
train,0755.png,/mnt/wmcontent/GLX/icassp/MBRS/datasets/train/0755.png,556b03bf30653a608108a93500933a00148c21bdd4b3195bfb2aea669f66d15f
train,0756.png,/mnt/wmcontent/GLX/icassp/MBRS/datasets/train/0756.png,94ec03d7c08504bf0a3c7ec16a2884e9fb01055e46e1291cb77ed60733c891a0
train,0757.png,/mnt/wmcontent/GLX/icassp/MBRS/datasets/train/0757.png,405b9bce486e2b14ba2a445ab2627c9a7f0f34ea4f76bca45311de99d36665a9
train,0758.png,/mnt/wmcontent/GLX/icassp/MBRS/datasets/train/0758.png,7fe59fd55595db126376b2b9f1c45911c2ea76853b7bcf467bdb011a89045de2
train,0759.png,/mnt/wmcontent/GLX/icassp/MBRS/datasets/train/0759.png,60f732d9286fa5c4d7ca2f575cc3de2cc06645758d0cd2992f8388c9f34378d4
train,0760.png,/mnt/wmcontent/GLX/icassp/MBRS/datasets/train/0760.png,03acbdf9e7d1536adcc0c271d9eda0de169b45a9dc7793ae1a75e2af3e02cc58
train,0761.png,/mnt/wmcontent/GLX/icassp/MBRS/datasets/train/0761.png,41d80e54f954b987d721f1ce34a328d4689d97ac7c96a290bb2e6c71846384e6
train,0762.png,/mnt/wmcontent/GLX/icassp/MBRS/datasets/train/0762.png,924635cf3985da9e583fdf4ad56824b8b43ccef5f5240078a3950a8d57940f28
train,0763.png,/mnt/wmcontent/GLX/icassp/MBRS/datasets/train/0763.png,e0b14002a77f124aa61a9787f311cf40428fe575d406a27495e9c0723e281e51
train,0764.png,/mnt/wmcontent/GLX/icassp/MBRS/datasets/train/0764.png,6b1f014968ba2f150d4624235f907cf47c231bd870bc65a8d9e50f14dea9c889
train,0765.png,/mnt/wmcontent/GLX/icassp/MBRS/datasets/train/0765.png,6955ff6c7dde6be313f2d439a576b4c6300019db63d2ea5d82bea960fbb20227
train,0766.png,/mnt/wmcontent/GLX/icassp/MBRS/datasets/train/0766.png,f7666c36f168ad1c582d423c91beeb174bf8d137ce6ff2276083229b875ef49f
train,0767.png,/mnt/wmcontent/GLX/icassp/MBRS/datasets/train/0767.png,0bab2ec4906b275e52073167820e1efc599d50baadd36ee3c39ce084e45375a9
train,0768.png,/mnt/wmcontent/GLX/icassp/MBRS/datasets/train/0768.png,cb0836a89c6237f048f7f66784402265fc740ff4bbace3c48dfe1d7481281a71
train,0769.png,/mnt/wmcontent/GLX/icassp/MBRS/datasets/train/0769.png,4792e7ca80de278b503bf504d37336d5f5e989dfb404ae4ae08b92b8de90dd94
train,0770.png,/mnt/wmcontent/GLX/icassp/MBRS/datasets/train/0770.png,c5208e663872b842498b7dabb5da8b7f4113a1b1113105c3334878a90af61c9b
train,0771.png,/mnt/wmcontent/GLX/icassp/MBRS/datasets/train/0771.png,539a482720dd377b08ec6226e37e32faa18bcf7a0342a3eaeb1df42968f6ad96
train,0772.png,/mnt/wmcontent/GLX/icassp/MBRS/datasets/train/0772.png,58d3c9ba3c961c044b69832f955f5adf7cbfff9d212bbd9e575c95aef74e5482
train,0773.png,/mnt/wmcontent/GLX/icassp/MBRS/datasets/train/0773.png,608ffe01c77ca7d8eed5b24e0707199e4e4c2ec96a4691ded35bb2c343733199
train,0774.png,/mnt/wmcontent/GLX/icassp/MBRS/datasets/train/0774.png,9ed21834f391409a51aaf5b61969cf5d84de889a49526ef583d68c03c9be55b7
train,0775.png,/mnt/wmcontent/GLX/icassp/MBRS/datasets/train/0775.png,52ecda4c18c5cd77a38c4ff7c102f06ad9859b0d81ea541703d79339020401d4
train,0776.png,/mnt/wmcontent/GLX/icassp/MBRS/datasets/train/0776.png,dedf2d086acf560a40e4c038b0916312f39a481d739803fa417689d22beed2db
train,0777.png,/mnt/wmcontent/GLX/icassp/MBRS/datasets/train/0777.png,92bb8c49b09c743690253cf85fdb122a22e6de3d72a5ecc53e9ea7a74d724d4a
train,0778.png,/mnt/wmcontent/GLX/icassp/MBRS/datasets/train/0778.png,9572b6c19fda48d4ed93f2f2352668bddf0d245f32c7cb5484ddd6f971b07bbe
train,0779.png,/mnt/wmcontent/GLX/icassp/MBRS/datasets/train/0779.png,770140841028e398e11f91ce4ea6bb3dc23be5de5471d8372cf4d6c4964e5a70
train,0780.png,/mnt/wmcontent/GLX/icassp/MBRS/datasets/train/0780.png,939500eb6b0aa1064940816c9b7ea9cb582e57f46308d49ad165a1094bc27070
train,0781.png,/mnt/wmcontent/GLX/icassp/MBRS/datasets/train/0781.png,d27d6274d0601f7ea49c489ef1f96c7bb95d124b5346e957b48b102e30aefb05
train,0782.png,/mnt/wmcontent/GLX/icassp/MBRS/datasets/train/0782.png,d082b19598713f34811be163fbc38f03723c9e7e07fa8337e97bc59fa5f885ff
train,0783.png,/mnt/wmcontent/GLX/icassp/MBRS/datasets/train/0783.png,adb9169a84d540e2f58428c4de8a3f27e1ffd2783bdc693502e06e81096f7594
train,0784.png,/mnt/wmcontent/GLX/icassp/MBRS/datasets/train/0784.png,9cb16de074399560f6008819a0e092b4899e0b955ffcc6905927a8d67d360ce3
train,0785.png,/mnt/wmcontent/GLX/icassp/MBRS/datasets/train/0785.png,d3a731e3f09b8276302b9eaed7aa0fd93bf0c9bea990ba7d1836575db10617ce
train,0786.png,/mnt/wmcontent/GLX/icassp/MBRS/datasets/train/0786.png,1294eabc790dae9d41696ce52da3074198902f0978c97404bb7134a109330ea4
train,0787.png,/mnt/wmcontent/GLX/icassp/MBRS/datasets/train/0787.png,8e6297559b52a1200597abe3089659f295719b9ebbb9b0eb41ae5fc65aca79a6
train,0788.png,/mnt/wmcontent/GLX/icassp/MBRS/datasets/train/0788.png,d5fe9b1e21f09ee2bdb6845b904693d5256548b0d4abdd80f406d21fd215570b
train,0789.png,/mnt/wmcontent/GLX/icassp/MBRS/datasets/train/0789.png,bca5bdbc71d04be7353e0e33fb870422ff483addbee300c9ae059d01b7a358dc
train,0790.png,/mnt/wmcontent/GLX/icassp/MBRS/datasets/train/0790.png,b977e3bb6eb7e2cb245bfa95eb9254772d07b57c6942c00eeffcb3ac14a9ef5e
train,0791.png,/mnt/wmcontent/GLX/icassp/MBRS/datasets/train/0791.png,12eb42e02445f25f7347e3c9dedfa8747a69986cf2a7c4945095103b48597eb3
train,0792.png,/mnt/wmcontent/GLX/icassp/MBRS/datasets/train/0792.png,62ecf6f340c79a7c6df5d9dd0103510692f47352935dbe91950ab71bbc7ea126
train,0793.png,/mnt/wmcontent/GLX/icassp/MBRS/datasets/train/0793.png,97fda31fb5204ba1332ab01bc8726e4e898f997b3880dfd85e1b6df6056b400a
train,0794.png,/mnt/wmcontent/GLX/icassp/MBRS/datasets/train/0794.png,212b865bf2a91a50eae947777e8a10d674bec7dcffb0b9bc8a5408620ba90c7f
train,0795.png,/mnt/wmcontent/GLX/icassp/MBRS/datasets/train/0795.png,afad914d34a3d7fd2acea1c4734dd585c8fda525945c2f0c18e9c5fa2a3b05d1
train,0796.png,/mnt/wmcontent/GLX/icassp/MBRS/datasets/train/0796.png,42224a33fae62fa1db4ffefc042b62fd14e0266688dade6b927dcdd61fdb4d6b
train,0797.png,/mnt/wmcontent/GLX/icassp/MBRS/datasets/train/0797.png,928923fd0e2324a9d34e9f9316e267f9c0a49c7a5663839d30b90300965241d4
train,0798.png,/mnt/wmcontent/GLX/icassp/MBRS/datasets/train/0798.png,ddc303d810b2e4876325c39ca4d3e18a72a0abf0a523c88283c42209343be371
train,0799.png,/mnt/wmcontent/GLX/icassp/MBRS/datasets/train/0799.png,ad42d7e2fe2ee15461e6999e7673a1f96b1be791b4be8c01baca26812f5667db
train,0800.png,/mnt/wmcontent/GLX/icassp/MBRS/datasets/train/0800.png,eb6df5bfeacd04334062b6103f6ee8f33af1abd3e1375a7f2c2a4831fa701221
validation,0801.png,/mnt/wmcontent/GLX/icassp/MBRS/datasets/validation/0801.png,ab5cf6a1cac2d1c2d0792dbd274fd2e53e42118ab6537771a825fd87aa28a60c
validation,0802.png,/mnt/wmcontent/GLX/icassp/MBRS/datasets/validation/0802.png,4ad6f3ca8bf740192042978121f05ec493ddbe5a3da5584eaf0d9699c25ee431
validation,0803.png,/mnt/wmcontent/GLX/icassp/MBRS/datasets/validation/0803.png,4b0148a9a1ff877ad9f76e65736a50cc36e10822b5d8ccd2abb2988ff4e1782b
validation,0804.png,/mnt/wmcontent/GLX/icassp/MBRS/datasets/validation/0804.png,16b5fdbe808b868bed0be32f235208a1716d44e271a37b79cbc77ab53d2f6bdb
validation,0805.png,/mnt/wmcontent/GLX/icassp/MBRS/datasets/validation/0805.png,e28d56feee10c2e2663f347dda574fff736894dba37341d37b91bac2ecd863b2
validation,0806.png,/mnt/wmcontent/GLX/icassp/MBRS/datasets/validation/0806.png,36720ddd59f8b3eed28f8981e12e6e2d680bfa78b9d25f33ec4152013652c713
validation,0807.png,/mnt/wmcontent/GLX/icassp/MBRS/datasets/validation/0807.png,4a2493d918862f703f783dc675bacbae5bd7698aa58f81ddb8bb71cf39ac173a
validation,0808.png,/mnt/wmcontent/GLX/icassp/MBRS/datasets/validation/0808.png,956528ab3e0fadad1ed8ce93f93a30bf9f58c36ffa9dd775e2ad362ffdcf5ace
validation,0809.png,/mnt/wmcontent/GLX/icassp/MBRS/datasets/validation/0809.png,a0b094da02bcaeabea1976fb939c87366d437bdda1a796fbc3f4700fb5e7bbed
validation,0810.png,/mnt/wmcontent/GLX/icassp/MBRS/datasets/validation/0810.png,6940c660b97d2c5f1113101c3e6360d1d6886743c5796cad52224b8076b903f8
validation,0811.png,/mnt/wmcontent/GLX/icassp/MBRS/datasets/validation/0811.png,7016bcf4112049162da604772c810bed4f5983af52e07d23755ac2c3475fe8ad
validation,0812.png,/mnt/wmcontent/GLX/icassp/MBRS/datasets/validation/0812.png,49e45b8922872b44ece90db047756f3a5356612bb6ee30bdc23df2bd208ec861
validation,0813.png,/mnt/wmcontent/GLX/icassp/MBRS/datasets/validation/0813.png,71c06a2c36979345c99c887e7bd6aebfd0bd1648d93b7bd15f56c65e1291b37e
validation,0814.png,/mnt/wmcontent/GLX/icassp/MBRS/datasets/validation/0814.png,2fec903d11d2a79070268a4316c100f8314eaadd8f8a65cce152f14826f04876
validation,0815.png,/mnt/wmcontent/GLX/icassp/MBRS/datasets/validation/0815.png,c8f278e51f2bc9be7a696935b7e386eb4adafde24572d8ecdd4edf8adf4b4108
validation,0816.png,/mnt/wmcontent/GLX/icassp/MBRS/datasets/validation/0816.png,87b7b2a666c92efdb24eadf67bc0c68bce5560ee89bd0532f50f94d8cf88b434
validation,0817.png,/mnt/wmcontent/GLX/icassp/MBRS/datasets/validation/0817.png,fdb28a6df3408758cc6d87563a157081c22d1325ea6d8034405ce45abcfc3879
validation,0818.png,/mnt/wmcontent/GLX/icassp/MBRS/datasets/validation/0818.png,8679d88891d7e8491fd61abded2c6864d90f5c1817b300f5d5796d05bb11488f
validation,0819.png,/mnt/wmcontent/GLX/icassp/MBRS/datasets/validation/0819.png,fcbc6cb7e7cdb717e94d8c8eaf659d6b2bfa513aa133c0d2c4a8e2aa96092529
validation,0820.png,/mnt/wmcontent/GLX/icassp/MBRS/datasets/validation/0820.png,2617cfc25dd5442cc017bd17aa24ecae4751b1e5ed6013e8adddb727617bcd5b
validation,0821.png,/mnt/wmcontent/GLX/icassp/MBRS/datasets/validation/0821.png,0eb14dfcb1d21cb5d3437dc5135c458154cd7fabed8147fbdc415d3ef671c14b
validation,0822.png,/mnt/wmcontent/GLX/icassp/MBRS/datasets/validation/0822.png,a1d308fd62adecb1ea8b0fa8d0c687c92d3cf0d3358e598c8b97aca1b9cf8ad0
validation,0823.png,/mnt/wmcontent/GLX/icassp/MBRS/datasets/validation/0823.png,8db26bddf2ac9975e5227be3eb1180f6377145eee5dca1e421100014cbd7ef6e
validation,0824.png,/mnt/wmcontent/GLX/icassp/MBRS/datasets/validation/0824.png,484316545f6b08655d30faa1bc5f29eb6821d049b62bb528319b504790c188e2
validation,0825.png,/mnt/wmcontent/GLX/icassp/MBRS/datasets/validation/0825.png,0db87d6f7d6cf3a12fc384d8232c337fe0f509f2518845166c1033e22169115d
validation,0826.png,/mnt/wmcontent/GLX/icassp/MBRS/datasets/validation/0826.png,b0f675a14e8fe9f2ec0b705bee98d75f8a22478eafdc1a0a0afc0f820bc5ab4d
validation,0827.png,/mnt/wmcontent/GLX/icassp/MBRS/datasets/validation/0827.png,e8cfa94ed77a021b63da63406940de3a830fe1217e752b5929d50602a1aaa407
validation,0828.png,/mnt/wmcontent/GLX/icassp/MBRS/datasets/validation/0828.png,a62013e252fa503920f54b9b1eff9babd501c742d2c82c97d7c22394493ffa12
validation,0829.png,/mnt/wmcontent/GLX/icassp/MBRS/datasets/validation/0829.png,de81c82e13d499226fd96505b6a72f59b6b8506c03ff0b6d06b6393d066f68a4
validation,0830.png,/mnt/wmcontent/GLX/icassp/MBRS/datasets/validation/0830.png,4eb18566ab01447a06daf0314a3711aa78cea5ca0eaa47cfedafbceeb6dd0a3e
validation,0831.png,/mnt/wmcontent/GLX/icassp/MBRS/datasets/validation/0831.png,343c5d2665d9c5efd7a5444e72d383f63d96bac35902ed088c9a3ee88e0d4ed2
validation,0832.png,/mnt/wmcontent/GLX/icassp/MBRS/datasets/validation/0832.png,5c609d644b5924900e82dbecadfb85497b77d6cfad52a0c4c7e43a83f9868c33
validation,0833.png,/mnt/wmcontent/GLX/icassp/MBRS/datasets/validation/0833.png,2e9668b3a318284ec90c9bbdd940317ecd2f7b95314e68c48c94d2380fad679a
validation,0834.png,/mnt/wmcontent/GLX/icassp/MBRS/datasets/validation/0834.png,4d2621a246e4a771754aa0052b91d79dbebfe866d9dbd8200e3c68e038a3de88
validation,0835.png,/mnt/wmcontent/GLX/icassp/MBRS/datasets/validation/0835.png,263cfd9c7d2eee15b29250e6d0dc366ed680feb222de3f8c2fb5c6bd304608e4
validation,0836.png,/mnt/wmcontent/GLX/icassp/MBRS/datasets/validation/0836.png,d056c4afc22367640c8ec7a1b84c06eaa7405e29363f0e75ea824e15aec149d0
validation,0837.png,/mnt/wmcontent/GLX/icassp/MBRS/datasets/validation/0837.png,4618bd32e1d1a2ef0f4ad3f6b941e3745a97371fd300dad3c5c4c9013caec8db
validation,0838.png,/mnt/wmcontent/GLX/icassp/MBRS/datasets/validation/0838.png,01e42bb5efb35d97a9931fc421f793e3c12d0922a3df288bbfd148b6a82a145b
validation,0839.png,/mnt/wmcontent/GLX/icassp/MBRS/datasets/validation/0839.png,818abf16ba0aacc3fb6737c5ddd7c2188ca7321b6b28b7f4ba1898627387dee7
validation,0840.png,/mnt/wmcontent/GLX/icassp/MBRS/datasets/validation/0840.png,e023c2b2628b7d897d69150baa40be6ceda9fe0e45a0d51348011c6a47b44d86
validation,0841.png,/mnt/wmcontent/GLX/icassp/MBRS/datasets/validation/0841.png,0f46093cd84e7ee037d1ded8680f2f39583af5dadac0da580a3911ed482de285
validation,0842.png,/mnt/wmcontent/GLX/icassp/MBRS/datasets/validation/0842.png,c6ec845abfd696fcf5f39beadb8632ecc56ac8416318a9dbb27c4c4d294aa592
validation,0843.png,/mnt/wmcontent/GLX/icassp/MBRS/datasets/validation/0843.png,3ef88e17c711156a52ef8c7385f01b364ade64bb0d90938debfc4b454e0d1e06
validation,0844.png,/mnt/wmcontent/GLX/icassp/MBRS/datasets/validation/0844.png,93da0f98885573c518891c5eb6004818436ae36cf1ed894cfef853e131d9d86d
validation,0845.png,/mnt/wmcontent/GLX/icassp/MBRS/datasets/validation/0845.png,35416e153d4ffd1f83df1502dca371db2059e818b72c1e3a95fb9a9266b59172
validation,0846.png,/mnt/wmcontent/GLX/icassp/MBRS/datasets/validation/0846.png,eaef63b3b0889ea99559e1e959240393505d9f6d4d5cb7f6a90729b024b4ffb4
validation,0847.png,/mnt/wmcontent/GLX/icassp/MBRS/datasets/validation/0847.png,ce39eab49b45fc08177556f7c9ae0d0e928e283fb3cd471bddf0fbf17db8ca73
validation,0848.png,/mnt/wmcontent/GLX/icassp/MBRS/datasets/validation/0848.png,4a8f2f4eee348242b17eb7ee72aad9c1c1fe870a1d414db4704819fede40b660
validation,0849.png,/mnt/wmcontent/GLX/icassp/MBRS/datasets/validation/0849.png,1d576e20f4720050d0b7af5295b323c342a5284ed75a8ce3bae6e0cb46c89eb6
validation,0850.png,/mnt/wmcontent/GLX/icassp/MBRS/datasets/validation/0850.png,1d026bda033ce6fa0db97aa3ec120f3609663f4d0aaf2f9d8e677fdbe235ab03
test,0851.png,/mnt/wmcontent/GLX/icassp/MBRS/datasets/test/0851.png,1c4bc95887a3c06f9690fec153d5548ec52039c8ba83da749f2b5f6e0d2ecf33
test,0852.png,/mnt/wmcontent/GLX/icassp/MBRS/datasets/test/0852.png,47f4db4100055a954606d789dfe183612ea7e196a06b2e7bc4bd39c3522628ee
test,0853.png,/mnt/wmcontent/GLX/icassp/MBRS/datasets/test/0853.png,854189ea5c2a325324500c6cf7168e0b78d30b09606eb5a59f938a5ae69139fe
test,0854.png,/mnt/wmcontent/GLX/icassp/MBRS/datasets/test/0854.png,f77817c7a5d940baf174efa61d2fbf40354a08ade7a151e155ce62bd2481eca8
test,0855.png,/mnt/wmcontent/GLX/icassp/MBRS/datasets/test/0855.png,86001004f1eb6a1e182bb2ed3c23093d2656690a61091b2822af1c9124a40141
test,0856.png,/mnt/wmcontent/GLX/icassp/MBRS/datasets/test/0856.png,cf845f85d9f65570938a15f56fe9de749619f9bee35533944f46bba94f0ff77b
test,0857.png,/mnt/wmcontent/GLX/icassp/MBRS/datasets/test/0857.png,4fafd48e2926f530129290c9f843490dcbf7809c8505c123a5f18ec2a5005611
test,0858.png,/mnt/wmcontent/GLX/icassp/MBRS/datasets/test/0858.png,428049494acf4dadf08c5bd62c8711ac258af5fa0f008b5fb389a4fffca96c58
test,0859.png,/mnt/wmcontent/GLX/icassp/MBRS/datasets/test/0859.png,3ada872de7c5def1d408920385db278b1ff3a5a0cfcab83105a789ff540a1827
test,0860.png,/mnt/wmcontent/GLX/icassp/MBRS/datasets/test/0860.png,eac29d623ecfab9e2299c04b49e5da3f282a576eb7f9107d0b88076c972ac3ef
test,0861.png,/mnt/wmcontent/GLX/icassp/MBRS/datasets/test/0861.png,c6fe192a3f1b702948e99c483f04edfb362d2d218082a12457a5b0f09219ffc6
test,0862.png,/mnt/wmcontent/GLX/icassp/MBRS/datasets/test/0862.png,31a02d7392ee9dadd4b8a2c1b5b9d670943135d0d40e85d4178ab77923c75548
test,0863.png,/mnt/wmcontent/GLX/icassp/MBRS/datasets/test/0863.png,5e98cca0fbeb2e649fa36a41a06240ce4ec4b05aa23859da13797f8ded0d5c1f
test,0864.png,/mnt/wmcontent/GLX/icassp/MBRS/datasets/test/0864.png,ca9811dd5910f947ee4dc75f709dcffe17bb7811ca562a0e4bcdefc781eadd76
test,0865.png,/mnt/wmcontent/GLX/icassp/MBRS/datasets/test/0865.png,46ced1e049fce5a0381c3dc7d7276d058f78a7a7dab5cd88ef7a224cbf51fdb1
test,0866.png,/mnt/wmcontent/GLX/icassp/MBRS/datasets/test/0866.png,7fc232b9294ea4e6f32bdacc26f314efc067ee0359c5ff1a7000ec61c8da8511
test,0867.png,/mnt/wmcontent/GLX/icassp/MBRS/datasets/test/0867.png,e3c2ee14a108f50479db683e3a6adc3682374eba236f64c74397fdb55a17b264
test,0868.png,/mnt/wmcontent/GLX/icassp/MBRS/datasets/test/0868.png,ba7de4237fa7cbdc2fff31f35015711909e501230e7c2f3f01f4e8dcf7a23c95
test,0869.png,/mnt/wmcontent/GLX/icassp/MBRS/datasets/test/0869.png,68a693195536fc94bc34ce7ff0e041990916fed73164a7c2dce00098a178ac75
test,0870.png,/mnt/wmcontent/GLX/icassp/MBRS/datasets/test/0870.png,f03f496bb0f21d53012723782bfdbcbbde66115c45c35aa7d83373c304a9c041
test,0871.png,/mnt/wmcontent/GLX/icassp/MBRS/datasets/test/0871.png,777df9ed736ff3ccc73388e90de36e131c002dfac64767f3b8ebccdd2cd5f058
test,0872.png,/mnt/wmcontent/GLX/icassp/MBRS/datasets/test/0872.png,028ca10affee013698c7f15068fe4813a9d7b2c24f2bd40dac68305774a5577a
test,0873.png,/mnt/wmcontent/GLX/icassp/MBRS/datasets/test/0873.png,3fcb2ae160dd255180854eaf54051c40cd205421367d0352144bb7490bc9afb1
test,0874.png,/mnt/wmcontent/GLX/icassp/MBRS/datasets/test/0874.png,11cb511247d70d84adad5557a720254e5f73e3786dbcd399c6053a1982ce1784
test,0875.png,/mnt/wmcontent/GLX/icassp/MBRS/datasets/test/0875.png,3c4859b59635fe7fcd6ec182c798eb3af44a2eafb6e8b891df3db62d0da3c5e2
test,0876.png,/mnt/wmcontent/GLX/icassp/MBRS/datasets/test/0876.png,9d5a819847876bb0061bf1fd42b8bd97e8aef89d1f5fb09b1669b7e9546a25f1
test,0877.png,/mnt/wmcontent/GLX/icassp/MBRS/datasets/test/0877.png,4e0fb583729accf7b93e07b2b81ce8d919f6490cee2d1f90db90b60095a59165
test,0878.png,/mnt/wmcontent/GLX/icassp/MBRS/datasets/test/0878.png,e1aff248577bc04ddeba4f48a62aff421ca06450a703e4a450dd401e1efd9546
test,0879.png,/mnt/wmcontent/GLX/icassp/MBRS/datasets/test/0879.png,ad5eb9637c891994c00f44358cf0a5238f642b8796b5cacaa8b59ba8bb51553a
test,0880.png,/mnt/wmcontent/GLX/icassp/MBRS/datasets/test/0880.png,db5773c6e460824c5132c23917492fda7acd370c87e9ae6293a0103fee2b642d
test,0881.png,/mnt/wmcontent/GLX/icassp/MBRS/datasets/test/0881.png,d2fba016ee3cee2395b677524d7ae2b2f6750cea1a6df4edc41f2977bd5d1b7c
test,0882.png,/mnt/wmcontent/GLX/icassp/MBRS/datasets/test/0882.png,573345fb42061a43fe8f1c0b3b9faf57cdd77189782a4d89b78c31e421f19115
test,0883.png,/mnt/wmcontent/GLX/icassp/MBRS/datasets/test/0883.png,3355621b3d834c320a66879e6cd23988df29f504f6cdecd22f1984b432a7e55a
test,0884.png,/mnt/wmcontent/GLX/icassp/MBRS/datasets/test/0884.png,06a928200ad757ff2422ecd2e12986bb90e3bf6b64c6062e5d31f864cdc992bc
test,0885.png,/mnt/wmcontent/GLX/icassp/MBRS/datasets/test/0885.png,36f1c2b8af6d898354506ef3f78d386156cf1c1f1397c165a84e74cf6484d800
test,0886.png,/mnt/wmcontent/GLX/icassp/MBRS/datasets/test/0886.png,26af6bcdeea90b9900a021bf20a0550d9a1e107c59b4f05c96e8bccf0ab35db8
test,0887.png,/mnt/wmcontent/GLX/icassp/MBRS/datasets/test/0887.png,a0a893c9417fcd04067bf254512801f92ae7c795b686e05f7389853c9fb78b11
test,0888.png,/mnt/wmcontent/GLX/icassp/MBRS/datasets/test/0888.png,82a8d193f4eb0819ad3e48c048d13860d0b8f34d6fafc9b626e304294db3ba12
test,0889.png,/mnt/wmcontent/GLX/icassp/MBRS/datasets/test/0889.png,a8f73c42065e3193c4deb883dcb3bc432a3f838e9be5bacea708ee39eb2c6e04
test,0890.png,/mnt/wmcontent/GLX/icassp/MBRS/datasets/test/0890.png,67069da53af2b4f5237030631b0b5e087b8014d7b0f59917d96924aca1ab433c
test,0891.png,/mnt/wmcontent/GLX/icassp/MBRS/datasets/test/0891.png,8e36e76f3675831c87b2e645e70ef33513b898dc09beb20b0bdcc61cc6d63bed
test,0892.png,/mnt/wmcontent/GLX/icassp/MBRS/datasets/test/0892.png,7fb05e491f00963e64b53a0f3f7a3d1af51f1434e7fd4898d4b84c479e1f66f9
test,0893.png,/mnt/wmcontent/GLX/icassp/MBRS/datasets/test/0893.png,cdcef3c0f0dd65da7ca0c4e75b672dd1f87f778740cb42d675bcb13dc1b3c307
test,0894.png,/mnt/wmcontent/GLX/icassp/MBRS/datasets/test/0894.png,f412ff02984a0de7acc7e1209d02f8dcaa18ac76008fa260cf7c355e4a77976c
test,0895.png,/mnt/wmcontent/GLX/icassp/MBRS/datasets/test/0895.png,a1c0888648fed4eb909c6e7f5f5db220ae98861294ebfdfa14b2c72567e96b2b
test,0896.png,/mnt/wmcontent/GLX/icassp/MBRS/datasets/test/0896.png,367c698aa344cea6e790239f04bae168ef204ae771f6ea05285e5255fad2f84f
test,0897.png,/mnt/wmcontent/GLX/icassp/MBRS/datasets/test/0897.png,dca63f56dba4a2a2c6b920c4b0406c6c6459d8f7ffb0d20322f51fbbc8f14b38
test,0898.png,/mnt/wmcontent/GLX/icassp/MBRS/datasets/test/0898.png,4cd6696b8e59615ceacff729181dd9b0cc5ea936ea9a57e089bb1fe4fe87c347
test,0899.png,/mnt/wmcontent/GLX/icassp/MBRS/datasets/test/0899.png,77e25eca6c3828abbea8f7fcf360d9be7f496513aa9ec08ff3f2e3a9c272e60e
test,0900.png,/mnt/wmcontent/GLX/icassp/MBRS/datasets/test/0900.png,06717f2a8f5d21fcec9a9229a7ecaab44dec0343406a59464382f5c4fdea3023
