image_index,global_mse,global_psnr,global_ssim,global_ms_ssim,full_lpips,patch_ssim_mean,patch_ssim_median,patch_ssim_p10,patch_ssim_bottom10_mean,patch_ssim_min,ssim_tail_gap,patch_lpips_top10_mean,patch_lpips_max,patch_mse_top25,patch_mse_p95,top25_local_psnr,gini,cv,top10_over_mean,top10_energy_share,ciede2000_global,ciede2000_patch_mean,ciede2000_top10,ciede2000_p95,ciede2000_max,signed_cielab_da,signed_cielab_db,global_oklab,global_chroma,signed_oklab_da,signed_oklab_db,method,split,ber100,ber70,ber50,ber40,ber30
0,0.0001879480405477807,37.25962197663509,0.9771036505699158,0.9923738241195679,0.0022706398740410805,0.972619891166687,0.9766342639923096,0.9603058397769928,0.9324977397918701,0.9087902903556824,0.04413652420043945,0.0008790435967966914,0.001045175245963037,0.0002334446326131001,0.00024543969266233034,36.318161069690305,0.10356722153959265,0.18146287882180476,1.3199111764446536,0.1649888970555817,4.1157379150390625,4.1989521980285645,5.518858432769775,5.4512046575546265,6.981010913848877,-0.23501737415790558,0.4592325687408447,0.011454930528998375,0.010043752379715443,-0.0005570452776737511,0.001191427931189537,Global continuation,validation,0.0,0.0,0.0125,0.0375,0.1125
1,0.00044605767470784485,33.50608983915734,0.9731804728507996,0.9908102750778198,0.002375135663896799,0.9634696245193481,0.9651384353637695,0.9559409320354462,0.9512538909912109,0.9476787447929382,0.013884544372558594,0.0009027742780745029,0.0009397139074280858,0.0004990309826098382,0.0005034222413087264,33.01872490130557,0.05132215895223419,0.0908929625625926,1.1338709502529032,0.1417338687816129,2.971928596496582,2.950819253921509,4.656973361968994,4.525450944900513,7.168259143829346,-1.701645851135254,0.9875848889350891,0.019038226455450058,0.01277405396103859,-0.004992510657757521,0.002356159733608365,Global continuation,validation,0.0,0.0,0.0125,0.05,0.11875
2,0.0004637812962755561,33.33686769902664,0.9491227865219116,0.9815540313720703,0.0030186364892870188,0.9384235739707947,0.94090336561203,0.9262182116508484,0.916971743106842,0.9102041721343994,0.02393162250518799,0.0014482061378657818,0.0017345997039228678,0.0006805674638599157,0.0007292291411431506,31.671288172206108,0.17619054545028537,0.31599123061105605,1.5826132239203554,0.19782665299004443,2.9477617740631104,2.9537718296051025,5.811949729919434,5.596257209777832,9.291980743408203,-1.113743782043457,0.6364127397537231,0.016083989292383194,0.013163278810679913,-0.0031721668783575296,0.0015023398445919156,Global continuation,validation,0.0,0.0,0.015625,0.04375,0.109375
3,0.0002552014484535903,35.93116865007238,0.9813546538352966,0.9936814308166504,0.0027014652732759714,0.973976194858551,0.9753040671348572,0.9637127816677094,0.9598437547683716,0.9588689804077148,0.015460312366485596,0.002015975071117282,0.002517562359571457,0.0003121410554740578,0.0003141367924399674,35.056491054352904,0.08905527853227832,0.16071320943263245,1.2691334166210027,0.15864167707762533,3.7822747230529785,3.846625804901123,5.1772284507751465,5.085520148277283,6.611881732940674,-0.5731583833694458,0.5011836886405945,0.01258772425353527,0.011015119962394238,-0.0011629946529865265,0.001420514890924096,Global continuation,validation,0.0,0.0,0.015625,0.04375,0.1125
4,0.000186049728654325,37.30370959042153,0.9704079031944275,0.9902395009994507,0.0011014065239578485,0.9660893678665161,0.9716508388519287,0.9354110658168793,0.9266878366470337,0.9262091517448425,0.04496300220489502,0.00048621976748108864,0.0005397236673161387,0.00022945083037484437,0.00023518569287261926,36.39310366269343,0.09025652232536177,0.16143222545723868,1.2918053576738475,0.16147566970923094,3.6887283325195312,3.7696309089660645,5.224047660827637,5.131282925605774,6.649662494659424,0.07634016126394272,0.013458065688610077,0.011576653458178043,0.009795714169740677,0.00019487383542582393,5.5211028666235507e-05,Global continuation,validation,0.0,0.0,0.0125,0.034375,0.078125
5,0.00023160962155088782,36.352434030634996,0.9464960098266602,0.983007550239563,0.0015891303773969412,0.9377788305282593,0.9351433515548706,0.9025914072990417,0.8946298956871033,0.8887147903442383,0.040513455867767334,0.0005930946208536625,0.0007007613312453032,0.0002709070104174316,0.0002757009569904767,35.67179756331864,0.0698260440610512,0.1238152228528836,1.2185584782797303,0.1523198097849663,3.1889772415161133,3.227921724319458,4.960399150848389,4.875794291496277,7.004987716674805,-0.6047976016998291,0.5712102055549622,0.012526611797511578,0.01029591728001833,-0.0012828776380047202,0.001608525519259274,Global continuation,validation,0.0,0.0,0.015625,0.05625,0.084375
6,0.00037719798274338245,34.23430638537467,0.9472788572311401,0.9818159341812134,0.004012768156826496,0.9387015104293823,0.9534077644348145,0.8939563035964966,0.877759575843811,0.8635143637657166,0.07564818859100342,0.0011071753688156605,0.0012281874660402536,0.0005612762761302292,0.0005772015720140189,32.50823314030947,0.20374218870800445,0.36028747271490547,1.5639204396399378,0.19549005495499222,3.225118637084961,3.251352071762085,5.2562785148620605,5.079845190048218,8.756221771240234,-1.2567765712738037,1.0126521587371826,0.0162059273570776,0.012347880750894547,-0.003222367726266384,0.002550937933847308,Global continuation,validation,0.0,0.0,0.00625,0.021875,0.065625
7,0.00022562994854524732,36.466032556430015,0.927220344543457,0.9750139117240906,0.002733173780143261,0.9195331335067749,0.9250977039337158,0.8671791255474091,0.8575407862663269,0.8521553874015808,0.06755691766738892,0.0012952329125255346,0.0015586375957354903,0.00027279890491627157,0.00027771262102760375,35.64157377379836,0.09556788588136729,0.17796298358956336,1.304158272222944,0.163019784027868,2.986476421356201,3.028012990951538,4.954276084899902,4.867080092430115,6.392605781555176,-0.5300624370574951,0.550397515296936,0.012473547831177711,0.010253573767840862,-0.0008081029518507421,0.0015844759764149785,Global continuation,validation,0.0,0.0,0.0125,0.05,0.128125
8,0.00025166283012367785,35.991809237612685,0.9610457420349121,0.9863693118095398,0.001744155422784388,0.9552212357521057,0.9579037427902222,0.9406452775001526,0.9373971223831177,0.9355435371398926,0.020506620407104492,0.000907720357645303,0.0010476810857653618,0.0003227022534701973,0.000334155629388988,34.911980018528205,0.11558129417422651,0.2037492380556272,1.3367203821887965,0.16709004777359956,3.2295427322387695,3.2451014518737793,5.248635768890381,5.1601948738098145,6.58209228515625,-0.6387699842453003,0.4359731078147888,0.013183454051613808,0.010805056430399418,-0.0017562933498993516,0.0009818040998652577,Global continuation,validation,0.0,0.0,0.009375,0.034375,0.103125
9,0.00019107891421299428,37.18787235217053,0.9554192423820496,0.985069215297699,0.0018919841386377811,0.9474222660064697,0.9576373100280762,0.9121343493461609,0.9068251848220825,0.9022021293640137,0.05081212520599365,0.0008541765273548663,0.001010299427434802,0.00022456844453699887,0.0002262346570205409,36.48651269117533,0.07133740898973832,0.12732568795587754,1.2155510642955272,0.1519438830369409,3.2820465564727783,3.3442306518554688,5.333375930786133,5.23189389705658,7.570001125335693,-0.27543264627456665,0.29962676763534546,0.011342755518853664,0.009873438626527786,-0.0007608485175296664,0.0006740185199305415,Global continuation,validation,0.0,0.0,0.009375,0.04375,0.13125
10,0.00018468206690158695,37.335752736112,0.9515813589096069,0.9832948446273804,0.0024749008007347584,0.9473251700401306,0.9498226642608643,0.9195324182510376,0.9135209321975708,0.9080367088317871,0.03630173206329346,0.0007531573064625263,0.0008727055974304676,0.00022236288350541145,0.00022692794300382957,36.5293770285452,0.07766335513185794,0.13864851582242618,1.2358362148328392,0.1544795268541049,3.7127814292907715,3.772233724594116,5.385766506195068,5.27508544921875,7.411098003387451,-0.10656376928091049,0.2500733733177185,0.01233431976288557,0.010485213249921799,-0.0002332343574380502,0.0007557999924756587,Global continuation,validation,0.0,0.0,0.009375,0.028125,0.096875
11,0.00020805343228857964,36.81825115190934,0.9598634243011475,0.9865717887878418,0.0008154159295372665,0.9525387287139893,0.9667297005653381,0.9077184796333313,0.8717737793922424,0.8453401923179626,0.0949559211730957,0.0009648467530496418,0.001132032833993435,0.0002274560247315094,0.00022787733178120106,36.431025553255765,0.04033457623365719,0.07384495319522333,1.1136885130251755,0.13921106412814693,3.6482508182525635,3.728221893310547,5.5553460121154785,5.4275500774383545,7.610597133636475,-0.4227481186389923,0.501384973526001,0.012249374762177467,0.01058745477348566,-0.0008562068687751889,0.0013641857076436281,Global continuation,validation,0.0,0.0,0.01875,0.025,0.096875
12,0.00026983561110682786,35.68900735588449,0.9546208381652832,0.9851406812667847,0.0017141310963779688,0.9446241855621338,0.9525209069252014,0.8942617774009705,0.8680706024169922,0.8584057092666626,0.08445030450820923,0.0009326937142759562,0.0009715297492220998,0.00039965740870684385,0.0004863360300078057,33.98312131822899,0.1666423596557586,0.3449155386433801,1.8404359891575839,0.23005449864469799,3.8691701889038086,3.9435367584228516,5.450633525848389,5.36268937587738,6.866182804107666,-0.07331124693155289,-0.04559437930583954,0.013358259573578835,0.01143183559179306,4.235914093442261e-05,4.876754246652126e-06,Global continuation,validation,0.0,0.0,0.015625,0.040625,0.09375
13,0.00018931397062260658,37.22817335637748,0.9076603651046753,0.9672667384147644,0.004900014027953148,0.9047819375991821,0.8926263451576233,0.8470257520675659,0.8400620818138123,0.8389495611190796,0.052564263343811035,0.0026269631925970316,0.0026697861030697823,0.0002191744715673849,0.00022345013348967768,36.59210031862232,0.07363497824748162,0.13108737366342468,1.1877505627953988,0.14846882034942485,3.7954461574554443,3.8383569717407227,4.9883270263671875,4.919114947319031,6.245530605316162,-0.9920283555984497,0.9913649559020996,0.01218365877866745,0.010572894476354122,-0.0023024315014481544,0.0027417612727731466,Global continuation,validation,0.0,0.0,0.009375,0.028125,0.09375
14,0.00024175428552553058,36.16625818533095,0.969798743724823,0.9893777370452881,0.0019498525653034449,0.9644197225570679,0.9668188691139221,0.9507908225059509,0.9355437755584717,0.9217486381530762,0.03127509355545044,0.0011999242706224322,0.0012308903969824314,0.00030828904709778726,0.00031125426903599873,35.11041904626364,0.12086185117938314,0.2108758193237791,1.291325373749173,0.16141567171864662,3.895289421081543,3.921515464782715,5.609457492828369,5.485568881034851,8.086557388305664,-0.3098810911178589,0.3616785705089569,0.013601697050035,0.011582423001527786,-0.0008137447875924408,0.0009697279892861843,Global continuation,validation,0.0,0.0,0.00625,0.028125,0.0875
15,0.0001778831792762503,37.49865117081249,0.9603056907653809,0.9868700504302979,0.00173817144241184,0.9516028165817261,0.9623820781707764,0.922653079032898,0.90244060754776,0.8878988027572632,0.05994147062301636,0.0010287984041497111,0.0010978368809446692,0.0002106840693159029,0.00021256478066788986,36.76368301932298,0.07982275619724286,0.1404222319502717,1.2279302222089652,0.15349127777612065,3.8901383876800537,3.973057746887207,5.242018699645996,5.154886364936829,7.346967697143555,-0.04997892305254936,0.43255114555358887,0.010859891772270203,0.009586848318576813,-9.489411604590714e-05,0.0010684033622965217,Global continuation,validation,0.0,0.0,0.021875,0.05,0.125
16,0.0003724600246641785,34.28920332310022,0.9413320422172546,0.979145884513855,0.002364747691899538,0.9313427209854126,0.9455777406692505,0.8802423775196075,0.8266358375549316,0.8038948774337769,0.11894190311431885,0.0014144659508019686,0.0015002263244241476,0.0005307273240759969,0.0005575051909545437,32.751285524875364,0.17600442644944597,0.31020015016723534,1.5396742134106363,0.19245927667632953,3.6826350688934326,3.6788482666015625,5.373144149780273,5.230279445648193,8.278553009033203,-0.7336384654045105,0.6245477199554443,0.015187708660960197,0.01222406979650259,-0.0017189980717375875,0.0016984309768304229,Global continuation,validation,0.0,0.0,0.0125,0.0625,0.128125
17,0.0002376030315645039,36.24148022515186,0.9502964019775391,0.9834765195846558,0.0022113316226750612,0.9414397478103638,0.9611501693725586,0.8502495288848877,0.845595121383667,0.8410863876342773,0.1155550479888916,0.001530323876067996,0.0017355665331706405,0.00027513105305843055,0.0002755620444077067,35.60460389578233,0.07048888467270462,0.125797877216097,1.1929678363959835,0.14912097954949793,3.657562255859375,3.7288193702697754,5.326684474945068,5.207143187522888,7.091821670532227,-0.17845377326011658,0.22632306814193726,0.013307369314134121,0.011161916889250278,-0.00036877201637253165,0.0007323783356696367,Global continuation,validation,0.0,0.0,0.015625,0.0625,0.128125
18,0.00023826306278351694,36.22943279821711,0.9686211347579956,0.9892513751983643,0.0040878537110984325,0.9621304273605347,0.9654866456985474,0.9441744983196259,0.9225713014602661,0.9109506607055664,0.04291534423828125,0.0008553247898817062,0.0009101845789700747,0.0003008248168043792,0.0003103407580056228,35.2168633910225,0.09569829563207068,0.18963339462607098,1.3888959829190344,0.1736119978648793,3.8622677326202393,3.923182725906372,5.656336307525635,5.567843198776245,7.040473461151123,-0.2722741663455963,0.4177129864692688,0.013129106722772121,0.011299573816359043,-0.0007053004228509963,0.0010602099355310202,Global continuation,validation,0.0,0.0,0.015625,0.040625,0.096875
19,0.00021924385509919375,36.59072570066416,0.9794144630432129,0.9930035471916199,0.0012619798071682453,0.9739267826080322,0.9763541221618652,0.9550636410713196,0.9542093276977539,0.9538202285766602,0.022144794464111328,0.0007203989662230015,0.0007247633766382933,0.00026760846958495677,0.0002751710926531814,35.7250014562842,0.09852751357361961,0.1742299750881302,1.2714010947620051,0.15892513684525064,4.07802677154541,4.144036293029785,5.487274169921875,5.394226670265198,6.890919208526611,-0.031213968992233276,0.28208449482917786,0.012361564673483372,0.010722761042416096,1.5038996934890747e-05,0.0007362164906226099,Global continuation,validation,0.0,0.0,0.00625,0.04375,0.09375
20,0.00027699494967237115,35.575281491644894,0.9872354865074158,0.9956316351890564,0.0008102503488771617,0.9833875894546509,0.9849249124526978,0.9700683057308197,0.9617958068847656,0.9617562294006348,0.02312910556793213,0.00037207879358902574,0.00038285431219264865,0.000332674419041723,0.00033471109054517,34.779805928677234,0.09912329084665081,0.18407941173546472,1.2801043385985527,0.16001304232481908,3.9493160247802734,4.015961647033691,5.421877384185791,5.327975273132324,7.362672328948975,-0.5956839323043823,0.5812066793441772,0.014416213147342205,0.011946236714720726,-0.0013925349339842796,0.001626446726731956,Global continuation,validation,0.0,0.0,0.021875,0.040625,0.125
21,0.00023703998886048794,36.2517838193734,0.975648820400238,0.9914301633834839,0.0015741974348202348,0.9712146520614624,0.970495879650116,0.9635981917381287,0.9632049798965454,0.9629082679748535,0.007290899753570557,0.0006707680877298117,0.0007277793483808637,0.0002697889576666057,0.00027259133639745414,35.68975829766414,0.06739958632719263,0.11908814752632928,1.1550716833015637,0.14438396041269547,3.0609965324401855,3.062671184539795,4.399156093597412,4.284196615219116,6.085939884185791,-0.17681784927845,0.13586965203285217,0.013590856455266476,0.011251200921833515,-0.0005266492953523993,0.00032799411565065384,Global continuation,validation,0.0,0.0,0.009375,0.059375,0.11875
22,0.0002289646799908951,36.40231506603826,0.9260705709457397,0.9745696783065796,0.0022522401995956898,0.9180063605308533,0.923847496509552,0.839267909526825,0.828525960445404,0.8211492300033569,0.09532153606414795,0.0015296880155801773,0.001731304102577269,0.0002566808252595365,0.00025856761931208894,35.90606573069928,0.05600309184144549,0.09873399501350738,1.1369308849708697,0.1421163606213587,3.2342376708984375,3.29247784614563,5.070955753326416,4.976885914802551,6.398453235626221,-0.4398036301136017,0.39147818088531494,0.012257237918674946,0.01008525863289833,-0.0010629205498844385,0.0010826489888131618,Global continuation,validation,0.0,0.0,0.0125,0.034375,0.10625
23,0.00022204725246410817,36.53554596266747,0.9465314745903015,0.9820375442504883,0.0010974905453622341,0.9408038854598999,0.9563642740249634,0.8843744397163391,0.8767249584197998,0.8720570802688599,0.07963931560516357,0.0004632843192666769,0.00046388586633838713,0.00027196871815249324,0.0002848658332368359,35.65481045653412,0.10218203688011886,0.18068622205948218,1.289480487909245,0.16118506098865562,3.914316177368164,3.993217945098877,5.355513095855713,5.261374592781067,7.112199306488037,-0.1664195954799652,0.16822630167007446,0.012409063056111336,0.010625939816236496,-0.0004504367825575173,0.0004202745039947331,Global continuation,validation,0.0,0.0,0.0125,0.0375,0.115625
24,0.00025020234170369804,36.01708629957406,0.9827408194541931,0.9939807653427124,0.002205392112955451,0.977162778377533,0.9792031049728394,0.9604158997535706,0.9589800834655762,0.9584199786186218,0.020223021507263184,0.001534556970000267,0.0016093628946691751,0.00033169944072142243,0.0003425003160373308,34.792552607440236,0.14084001723857914,0.26025149728380853,1.4780185905873586,0.18475232382341983,3.892730474472046,3.9495768547058105,5.326045036315918,5.227697968482971,7.261844635009766,-0.3790472745895386,0.36030298471450806,0.012622890062630177,0.011324132792651653,-0.0010059394408017397,0.0009067481732927263,Global continuation,validation,0.0,0.0,0.009375,0.046875,0.109375
25,0.0002543608716223389,35.94549695482246,0.9559364318847656,0.9851144552230835,0.002454151399433613,0.9471797943115234,0.9575774669647217,0.900934636592865,0.889531672000885,0.8823155164718628,0.06804579496383667,0.0031958373729139566,0.003666918259114027,0.00034595379838719964,0.00035321758332429454,34.609818967137755,0.13394687413513867,0.24206128404257804,1.4431688221068477,0.18039610276335596,3.6568055152893066,3.7191452980041504,5.358651161193848,5.229624032974243,7.4665727615356445,-0.5851272344589233,0.5989984273910522,0.012845988385379314,0.011377332732081413,-0.001441759173758328,0.00165857607498765,Global continuation,validation,0.0,0.0,0.015625,0.046875,0.11875
26,0.0001659623085288331,37.79990532782806,0.9240647554397583,0.9736232161521912,0.002053807256743312,0.9174704551696777,0.9186483025550842,0.9005276262760162,0.8942888975143433,0.8885917663574219,0.024359405040740967,0.0008816443150863051,0.0010534020839259028,0.0001961867237696424,0.0002019595995079726,37.07330385277528,0.06569068042779368,0.1294349084325584,1.2701039694231666,0.15876299617789583,4.289615631103516,4.3774518966674805,5.786751747131348,5.675990581512451,7.952660083770752,-0.15595294535160065,0.4784790277481079,0.013110261410474777,0.011535491794347763,-0.00011318860197206959,0.0012790907640010118,Global continuation,validation,0.0,0.0,0.021875,0.0625,0.13125
27,0.00021178991300985217,36.74094728026833,0.9317509531974792,0.9792600870132446,0.0010443852515891194,0.9288153052330017,0.9612094163894653,0.8051320314407349,0.7783147096633911,0.7780287265777588,0.18289470672607422,0.0007804445340298116,0.0008377117337659001,0.00023738734307698905,0.00024332739485544153,36.24542440302901,0.04728902256854941,0.08500277797757125,1.1549747803749149,0.14437184754686436,3.2011990547180176,3.227787971496582,5.090425968170166,4.99207067489624,7.341777801513672,-0.8125633001327515,1.3374030590057373,0.01456535141915083,0.012269945815205574,0.0016560351941734552,0.004793018568307161,Global continuation,validation,0.0,0.0,0.0125,0.065625,0.121875
28,0.00036966000334359705,34.32197536894727,0.936819314956665,0.9764561057090759,0.0029147251043468714,0.9266360998153687,0.939540684223175,0.8801127374172211,0.861762523651123,0.8540549278259277,0.077778160572052,0.002815428888425231,0.0033252642024308443,0.00042540582944639027,0.00043081652984255925,33.71196563142614,0.07311090785849517,0.12838920684733493,1.1721836851435186,0.14652296064293982,3.319406032562256,3.329807758331299,5.855504512786865,5.736177325248718,8.342073440551758,-1.397910475730896,1.1688766479492188,0.016921568661928177,0.012757336720824242,-0.003821676829829812,0.002761916723102331,Global continuation,validation,0.0,0.0,0.015625,0.065625,0.13125
29,0.0001950666046468541,37.09817075346704,0.9418691992759705,0.9803388118743896,0.001648919889703393,0.9318138957023621,0.9469110369682312,0.8740415275096893,0.8664849400520325,0.8628169894218445,0.08042609691619873,0.0011623506434261799,0.0012824268778786063,0.00022400903981179,0.00022725671806256287,36.497344554999366,0.07979998015647015,0.14714126913156134,1.1708915372520543,0.1463614421565068,3.5986146926879883,3.6490554809570312,5.147914409637451,5.065042614936829,6.679754734039307,-0.45839253067970276,0.5547125339508057,0.011455154046416283,0.009963592514395714,-0.001163408742286265,0.0014458755031228065,Global continuation,validation,0.0,0.0,0.009375,0.06875,0.13125
30,0.0002266147785121575,36.44711771361428,0.9702439308166504,0.9897035956382751,0.0025689946487545967,0.9642872214317322,0.9654227495193481,0.942619264125824,0.9384004473686218,0.9343099594116211,0.02702230215072632,0.0015996493166312575,0.0017642340390011668,0.00029491266468539834,0.00033190849353559315,35.30306576770406,0.11507887760315032,0.2150677600591109,1.469168993940881,0.18364612424261012,3.8126022815704346,3.875096082687378,5.353311061859131,5.252782821655273,7.048636436462402,0.04576935991644859,0.24825462698936462,0.013187559321522713,0.011751054786145687,0.00025487341918051243,0.0006192689179442823,Global continuation,validation,0.0,0.0,0.015625,0.046875,0.125
31,0.00021760333038400859,36.62334462115727,0.9740790128707886,0.9913830757141113,0.0022745418827980757,0.9664608240127563,0.9668762683868408,0.9468941688537598,0.9407377243041992,0.9369244575500488,0.0261385440826416,0.0009841175051406026,0.0010203924030065536,0.00026249399525113404,0.0002776069231913425,35.80880626959455,0.09870215202152711,0.17734632668651332,1.3003942929823706,0.16254928662279633,3.9152607917785645,3.978996992111206,5.470017910003662,5.377743124961853,7.141843318939209,-0.3665429353713989,0.561877965927124,0.012838764116168022,0.011094572022557259,-0.0007529677241109312,0.0014960983535274863,Global continuation,validation,0.0,0.0,0.009375,0.046875,0.1
32,0.00026267595239914954,35.80579684421362,0.9086803793907166,0.9684407114982605,0.0033253647852689028,0.8983803987503052,0.9079153537750244,0.8093465268611908,0.7958929538726807,0.7919061183929443,0.11202239990234375,0.003139656502753496,0.004214581102132797,0.0003237964410800487,0.0003372146238689311,34.89727928985333,0.08869608218321072,0.1832459997598882,1.3863740705253238,0.17329675881566547,4.273218154907227,4.329867362976074,5.745616436004639,5.629531025886536,7.852523326873779,-0.1748839169740677,0.019189976155757904,0.012692345306277275,0.011073610745370388,-0.0005653392290696502,2.2008644009474665e-05,Global continuation,validation,0.0,0.0,0.025,0.0375,0.109375
33,0.00021068395290058106,36.76368541905572,0.9510106444358826,0.9830851554870605,0.001426731701940298,0.9436789155006409,0.9589841961860657,0.8895626962184906,0.8733863830566406,0.8687765002250671,0.08559781312942505,0.0010372453834861517,0.00140767905395478,0.0002427528816042468,0.00024774220219114795,36.14835606085681,0.07955696397651325,0.1449720397739051,1.181608488408561,0.14770106105107011,3.6382617950439453,3.710564136505127,5.664510726928711,5.559656858444214,7.572200775146484,-0.18101441860198975,0.38986682891845703,0.012101657688617706,0.010230782441794872,-0.00029028544668108225,0.0010897470638155937,Global continuation,validation,0.0,0.0,0.021875,0.025,0.10625
34,0.0002095387171721086,36.78735719233934,0.9721924066543579,0.9905903339385986,0.00315664685331285,0.9665690660476685,0.9783432483673096,0.9257980287075043,0.9059808254241943,0.9053601622581482,0.07236242294311523,0.001543380320072174,0.0016294701490551233,0.0002961989666800946,0.00033448144677095115,35.284164608921756,0.14950465943756744,0.29771708393528473,1.683268571261997,0.21040857140774963,3.7856805324554443,3.837407350540161,5.266412258148193,5.1845468282699585,6.571230888366699,-0.5005412101745605,0.6842508316040039,0.012492830865085125,0.010245474986732006,-0.0012364196591079235,0.0017805526731535792,Global continuation,validation,0.0,0.0,0.01875,0.05,0.1125
35,0.00028087920509278774,35.51480412623823,0.958096444606781,0.9855697154998779,0.002573952078819275,0.9469544291496277,0.9601592421531677,0.8971437513828278,0.8697901964187622,0.8567661046981812,0.09036904573440552,0.0025419113226234913,0.003720661858096719,0.0003569125838112086,0.0003639640344772488,34.474381396783386,0.11414943221388908,0.20043325743563473,1.3268590258018993,0.1658573782252374,3.7305006980895996,3.757688522338867,5.165128707885742,5.079013466835022,7.004328727722168,-0.5288968682289124,0.4938884377479553,0.013266906142234802,0.011741622351109982,-0.0011793870944529772,0.0013875799486413598,Global continuation,validation,0.0,0.0,0.015625,0.04375,0.0875
36,0.00022126264229882509,36.55091905607491,0.98243248462677,0.9939152598381042,0.003026428632438183,0.9777646660804749,0.9771978259086609,0.9683732390403748,0.9638882875442505,0.9608714580535889,0.0133095383644104,0.0012309730518609285,0.001601778669282794,0.00026595446979627013,0.0002712726127356291,35.75192706258826,0.0888828002867813,0.15981197156193797,1.2752313378783986,0.15940391723479982,3.839806079864502,3.9027364253997803,5.361245155334473,5.263653755187988,7.359737396240234,-0.001541830599308014,0.27769601345062256,0.012853750959038734,0.011329960078001022,1.410258664691355e-05,0.0006916251149959862,Global continuation,validation,0.0,0.0,0.028125,0.046875,0.15
37,0.00021122275211382657,36.752593030639396,0.9452656507492065,0.9817968606948853,0.0023846891708672047,0.9375276565551758,0.9507113099098206,0.9025157690048218,0.8877663612365723,0.8747712969779968,0.06294494867324829,0.0017211255617439747,0.0022350032813847065,0.0002665577339939773,0.0002732251596171409,35.74208712192929,0.10198812627634167,0.18208403459966807,1.303603181179788,0.1629503976474735,3.279827117919922,3.302676200866699,5.202656269073486,5.095642328262329,7.12033748626709,-0.26197463274002075,0.3700557351112366,0.011928399093449116,0.01069914922118187,-0.000849233940243721,0.000795625732280314,Global continuation,validation,0.0,0.0,0.03125,0.046875,0.134375
38,0.0001499669160693884,38.240045392993565,0.9064158797264099,0.9793707728385925,0.0010104096727445722,0.8980927467346191,0.9462460875511169,0.746252030134201,0.7355857491493225,0.7340811491012573,0.21066033840179443,0.0007326298509724438,0.0007820461760275066,0.00019301949942018837,0.00019599555889726616,37.14398815019079,0.14591831238927797,0.25996547819476923,1.3318614383237777,0.1664826797904722,2.5703635215759277,2.626544952392578,4.294961929321289,4.184811234474182,5.870696544647217,0.020323479548096657,0.1428230106830597,0.03370183706283569,0.015745950862765312,0.001266049686819315,0.0011959844268858433,Global continuation,validation,0.0,0.0,0.021875,0.025,0.11875
39,0.00017649342771619558,37.53271462285981,0.9827497005462646,0.9941611289978027,0.0025970914866775274,0.9789810180664062,0.9791821241378784,0.9723514020442963,0.9716256260871887,0.971225917339325,0.007556498050689697,0.0007066345424391329,0.0008335314341820776,0.00021173803543206304,0.0002181007330364082,36.74201120749976,0.07419438730103188,0.13391721928886044,1.242946776359345,0.15536834704491811,4.062675476074219,4.1309404373168945,5.5597825050354,5.456676602363586,7.570901393890381,0.17660126090049744,0.2643769085407257,0.012290667742490768,0.010631178505718708,0.0005266483640298247,0.000664837658405304,Global continuation,validation,0.0,0.0,0.015625,0.0375,0.075
40,0.0001786645589163527,37.47961588476875,0.9527179002761841,0.9840162992477417,0.0025791223160922527,0.9477101564407349,0.9562813639640808,0.8907707035541534,0.8860589265823364,0.8844987750053406,0.07022243738174438,0.0010130094597116113,0.0011586687760427594,0.000206767552299425,0.0002102386970364023,36.845176133680305,0.07032051573320162,0.1245408651396245,1.1851094548993064,0.1481386818624133,4.027510643005371,4.096534729003906,5.5349507331848145,5.445803761482239,7.770701885223389,0.02136109583079815,0.45728880167007446,0.01208454743027687,0.010819640941917896,0.00010087169357575476,0.0010828349040821195,Global continuation,validation,0.0,0.0,0.021875,0.040625,0.125
41,0.00019921432249248028,37.006794412343766,0.9548168182373047,0.9852211475372314,0.0016450684051960707,0.9489110708236694,0.9540621638298035,0.9131794571876526,0.8986406326293945,0.8907256126403809,0.055421531200408936,0.0008133200462907553,0.0009157515596598387,0.00023182682343758643,0.00023541565678897314,36.34836315581369,0.0761420558190608,0.1356754799778896,1.2021335067945151,0.1502666883493144,4.008238792419434,4.09390926361084,5.44661283493042,5.362842440605164,7.089646816253662,0.12852448225021362,-0.15517328679561615,0.011545181274414062,0.010060485452413559,0.00033541463199071586,-0.0004377974255476147,Global continuation,validation,0.0,0.0,0.0125,0.01875,0.075
42,0.00016630551544949412,37.79093347355585,0.8915289640426636,0.9620177745819092,0.001655870582908392,0.8889857530593872,0.8698683977127075,0.8519098162651062,0.8505027294158936,0.8491148948669434,0.019365668296813965,0.0006411443464457989,0.0006709850858896971,0.00020186534675303847,0.00020598974151653238,36.94938227889532,0.08332383764114187,0.15065496221493943,1.2693066499314982,0.15866333124143728,3.7644355297088623,3.8431103229522705,5.110159873962402,5.013852834701538,7.0287580490112305,0.008878638967871666,0.259236216545105,0.013471068814396858,0.011849155649542809,0.000506589945871383,0.000804136972874403,Global continuation,validation,0.0,0.0,0.03125,0.034375,0.14375
43,0.0002767576079349965,35.57900431736418,0.8667186498641968,0.9522451162338257,0.004334285389631987,0.8623777627944946,0.8523670434951782,0.8090172410011292,0.8067766427993774,0.8064896464347839,0.04559040069580078,0.00196084869094193,0.0019980601500719786,0.00035788066452369094,0.00036555105907609686,34.462617649167996,0.10773176748197472,0.195836897972354,1.3237352230163466,0.16546690287704333,3.322608232498169,3.3750569820404053,4.859480857849121,4.728494048118591,7.701013088226318,-0.8304533958435059,0.36644425988197327,0.012364865280687809,0.010528218001127243,-0.0021457865368574858,0.0011158912675455213,Global continuation,validation,0.0,0.0,0.0375,0.05,0.109375
44,0.00020752212731167674,36.82935589279525,0.9247913360595703,0.974193274974823,0.0018471231451258063,0.922649621963501,0.9458373188972473,0.8386699259281158,0.8371931314468384,0.8361821174621582,0.10864418745040894,0.00046472842223010957,0.00047424877993762493,0.00025137970806099474,0.0002618161015561782,35.99669782468745,0.10064486562262086,0.1785156503286246,1.2705813810522597,0.15882267263153246,4.076055526733398,4.152255535125732,5.387892723083496,5.304941296577454,6.981811046600342,-0.0023811720311641693,0.1928693950176239,0.01209781039506197,0.010512817651033401,0.0001349124067928642,0.00042761676013469696,Global continuation,validation,0.0,0.0,0.025,0.05,0.109375
45,0.00017822340305428952,37.49035268032098,0.9625922441482544,0.9870214462280273,0.0021225684322416782,0.958634614944458,0.9740140438079834,0.9108715355396271,0.8775516748428345,0.8653396368026733,0.09646236896514893,0.001539482269436121,0.0018017720431089401,0.0002268934913445264,0.00023823116134735756,36.44177962086414,0.12145880596534166,0.21796306621496797,1.3817695632248796,0.17272119540310996,3.7686843872070312,3.849803924560547,5.333632469177246,5.253094792366028,6.834111213684082,0.08533573150634766,0.15939338505268097,0.012055987492203712,0.010057654231786728,0.00038937150384299457,0.00036836013896390796,Global continuation,validation,0.0,0.0,0.025,0.03125,0.1125
46,0.00023563997820019722,36.277510261140044,0.9766513705253601,0.9922517538070679,0.002301214262843132,0.969447135925293,0.9765322208404541,0.9494505524635315,0.9221926927566528,0.8983631134033203,0.05433952808380127,0.0012339148670434952,0.0016757015837356448,0.00030741910450160503,0.0003374723019078374,35.12269146849891,0.1391367387038161,0.2515904779581105,1.4664586186536612,0.18330732733170765,4.084798812866211,4.163463115692139,5.799506187438965,5.644222974777222,8.817813873291016,-0.14069680869579315,0.1824125051498413,0.013150877319276333,0.011293851770460606,-0.0003123983333352953,0.00048218495794571936,Global continuation,validation,0.0,0.0,0.028125,0.040625,0.146875
47,0.0002906484005507082,35.36632062640202,0.9686411619186401,0.9897975921630859,0.001504702609963715,0.9579132199287415,0.9587501287460327,0.9409755766391754,0.9299061298370361,0.9230512380599976,0.028843998908996582,0.0010718964040279388,0.0013795746490359306,0.000385718623874709,0.0003898304858012125,34.13729391336836,0.13348635608781387,0.23585529300716213,1.383397242176784,0.172924655272098,3.451388359069824,3.5003952980041504,5.267219543457031,5.159817337989807,7.481743335723877,-0.14907510578632355,0.18042433261871338,0.013649506494402885,0.01186118833720684,-9.720493835629895e-05,0.0005157100968062878,Global continuation,validation,0.0,0.0,0.015625,0.01875,0.128125
48,0.0002464755089022219,36.08226228017765,0.9879793524742126,0.9958338141441345,0.0017439717194065452,0.985191285610199,0.9858996272087097,0.979548305273056,0.9763184785842896,0.9750492572784424,0.009581148624420166,0.00031662191031500697,0.0003356959787197411,0.0002788913843687624,0.0002848845688276924,35.54564901936529,0.05980936574976901,0.10450025141629712,1.169620204363136,0.146202525545392,3.7074146270751953,3.7643375396728516,5.083435535430908,4.9862751960754395,6.728283882141113,-0.0037946589291095734,0.13096901774406433,0.013178709894418716,0.01125902310013771,1.750713272485882e-05,0.00035392469726502895,Global continuation,validation,0.0,0.0,0.0,0.0625,0.08125
49,0.00021832231141161174,36.609018793718974,0.9690386056900024,0.9894911050796509,0.002567370655015111,0.9609019160270691,0.961808443069458,0.9463086426258087,0.9413290023803711,0.9384125471115112,0.020479440689086914,0.0016898536123335361,0.0022019760217517614,0.00033079920103773475,0.0003859672578983009,34.80435548047309,0.16665158174440647,0.34751290399832346,1.8304130837344446,0.22880163546680557,3.9833104610443115,4.05820894241333,5.782448768615723,5.590745806694031,8.335590362548828,-0.4208901524543762,0.583617091178894,0.012182923965156078,0.010752268135547638,-0.0010152877075597644,0.001536033465526998,Global continuation,validation,0.0,0.0,0.0,0.06875,0.10625
0,0.00018162495689466596,37.40824475765696,0.9784901142120361,0.9928147792816162,0.0024879968259483576,0.9742361307144165,0.9770127534866333,0.9652450978755951,0.9409025311470032,0.9197930693626404,0.03611022233963013,0.0011260979808866978,0.0013806731440126896,0.00021642235515173525,0.00022088269179221243,36.646978811921,0.08206917053596566,0.14355418555144484,1.2257110333725727,0.1532138791715716,4.076123237609863,4.154189586639404,5.4470133781433105,5.381059646606445,6.876728534698486,-0.3724788427352905,0.5299617052078247,0.011333906091749668,0.009926673956215382,-0.0009422709117643535,0.001375272055156529,Hard16 stride8 Top10 (incumbent),validation,0.0,0.0,0.0125,0.0375,0.1125
1,0.00041680040885694325,33.80071863690712,0.9747650027275085,0.9913520216941833,0.0022959569469094276,0.9654924869537354,0.9674749374389648,0.9580821096897125,0.9531667828559875,0.9495818018913269,0.014308154582977295,0.0008535963133908808,0.0009310847381129861,0.00046729150926694274,0.000469049351522699,33.30412110077794,0.049694953978436915,0.08844890038487627,1.1294419027643103,0.1411802378455388,2.8822531700134277,2.8597121238708496,4.5232768058776855,4.4011160135269165,6.876463413238525,-1.6314170360565186,1.0031530857086182,0.01847655512392521,0.012403959408402443,-0.0048136720433831215,0.002376990159973502,Hard16 stride8 Top10 (incumbent),validation,0.0,0.0,0.0125,0.05,0.11875
2,0.0004317543935030699,33.64763234387183,0.9528807997703552,0.982941746711731,0.0027716560289263725,0.942806601524353,0.9460521936416626,0.9306804835796356,0.9205181002616882,0.913955569267273,0.025534093379974365,0.0013381591998040676,0.0015294838231056929,0.0006279590306803584,0.0006668597779935226,32.020686895905946,0.170142983299291,0.3055941864687122,1.545166356599734,0.19314579457496675,2.868485450744629,2.874711513519287,5.741281509399414,5.531330704689026,9.239055633544922,-1.226076364517212,0.7382465600967407,0.015654103830456734,0.012808471918106079,-0.0035006960388273,0.00173383264336735,Hard16 stride8 Top10 (incumbent),validation,0.0,0.0,0.015625,0.046875,0.109375
3,0.00024186588416341692,36.164253857285104,0.9824622869491577,0.9940563440322876,0.0027064441237598658,0.9754843711853027,0.9766679406166077,0.9672279953956604,0.962317168712616,0.9588966369628906,0.0143507719039917,0.0019756965339183807,0.0023597264662384987,0.0002906344598159194,0.0002920573970186524,35.36652893752235,0.07869602628308889,0.14295342963357854,1.2395571442250422,0.15494464302813027,3.7057104110717773,3.7659616470336914,5.015528678894043,4.932538151741028,6.2011542320251465,-0.6192597150802612,0.5325924158096313,0.012314889580011368,0.010759197175502777,-0.001310970401391387,0.001498346566222608,Hard16 stride8 Top10 (incumbent),validation,0.0,0.0,0.015625,0.04375,0.115625
4,0.0001742931635817513,37.58719647181163,0.9729529619216919,0.9910751581192017,0.0012454601237550378,0.9687836170196533,0.9729229211807251,0.9426755607128143,0.935226321220398,0.9336562156677246,0.03769659996032715,0.0006071159732528031,0.0007229065522551537,0.0002033376949839294,0.00020817456970689818,36.9178210387052,0.06753927250949018,0.11992405771525105,1.2136377646490109,0.15170472058112636,3.5902035236358643,3.6665821075439453,4.985129356384277,4.913462400436401,6.373715400695801,0.003959156572818756,0.09532266855239868,0.011284440755844116,0.009528782218694687,1.1248157534282655e-05,0.00024798428057692945,Hard16 stride8 Top10 (incumbent),validation,0.0,0.0,0.0125,0.034375,0.078125
5,0.00022181541135068983,36.54008283110003,0.948971152305603,0.9837803244590759,0.0014353584265336394,0.9406167268753052,0.9404412508010864,0.9057169258594513,0.8975102305412292,0.8916177749633789,0.04293102025985718,0.0006006708717904985,0.0006985813961364329,0.0002593213866930455,0.00026456745399627835,35.86161664720192,0.06958948771369489,0.12469058028786952,1.2274161541444615,0.15342701926805768,3.119865655899048,3.1573479175567627,4.848857879638672,4.760980248451233,6.971121311187744,-0.6731888055801392,0.6210777759552002,0.012282640673220158,0.01007882785052061,-0.0014747227542102337,0.0017339312471449375,Hard16 stride8 Top10 (incumbent),validation,0.0,0.0,0.015625,0.059375,0.084375
6,0.00036805530544370413,34.3408691761902,0.9508849382400513,0.9829318523406982,0.004021580331027508,0.9427059292793274,0.9560904502868652,0.904453843832016,0.8894330263137817,0.8764521479606628,0.0666574239730835,0.0012121890904381871,0.0013426649384200573,0.0005423238617368042,0.00055378170509357,32.657412865978515,0.19764440705121195,0.3494907743170053,1.5425550990067314,0.19281938737584142,3.2197885513305664,3.248131275177002,5.198159217834473,5.016276717185974,8.70290756225586,-1.4304851293563843,1.2061537504196167,0.016223153099417686,0.012345557101070881,-0.003651294857263565,0.0030333311296999454,Hard16 stride8 Top10 (incumbent),validation,0.0,0.0,0.00625,0.021875,0.065625
7,0.00021505857876036316,36.6744322860872,0.9293341636657715,0.9757668375968933,0.0023286629002541304,0.9217138290405273,0.9256219863891602,0.8720324039459229,0.8607941269874573,0.8517976999282837,0.06482785940170288,0.001226668944582343,0.0016142430249601603,0.0002562043082434684,0.00026065364363603294,35.91413571583396,0.08508590491281358,0.1601964317144704,1.2836453241594403,0.16045566551993004,2.9410769939422607,2.9818274974823,4.915959358215332,4.8308128118515015,6.380739212036133,-0.5134971737861633,0.4999167323112488,0.012236172333359718,0.010030913166701794,-0.0009223272791132331,0.0014147738693282008,Hard16 stride8 Top10 (incumbent),validation,0.0,0.0,0.0125,0.05,0.128125
8,0.0002436069044051692,36.13310406915302,0.962427020072937,0.98686283826828,0.001727286376990378,0.9568975567817688,0.9597321152687073,0.9417025148868561,0.9399881362915039,0.9384652972221375,0.01974397897720337,0.0011012363247573376,0.0012547835940495133,0.0003118212043773383,0.0003201654981239699,35.06094355372478,0.11478971764586833,0.2020620420028008,1.3209793693753953,0.1651224211719244,3.190973997116089,3.2070236206054688,5.220807075500488,5.132696270942688,6.586397647857666,-0.7979798913002014,0.5725154876708984,0.013043421320617199,0.010677500627934933,-0.0022095791064202785,0.0012985413195565343,Hard16 stride8 Top10 (incumbent),validation,0.0,0.0,0.009375,0.034375,0.103125
9,0.00019342017185408622,37.13498235175021,0.9562244415283203,0.9853336215019226,0.002034291857853532,0.9483279585838318,0.9573034644126892,0.9157142043113708,0.9104604125022888,0.9056488871574402,0.04684305191040039,0.0012367989402264357,0.0014645287301391363,0.00022597771021537483,0.0002288616742589511,36.45934396285651,0.06925176147893759,0.12290888680831094,1.211923822410623,0.15149047780132788,3.2974202632904053,3.36511492729187,5.327218055725098,5.229811310768127,7.543881893157959,-0.6181168556213379,0.4659295380115509,0.011464803479611874,0.0099820327013731,-0.0017344782827422023,0.0010640677064657211,Hard16 stride8 Top10 (incumbent),validation,0.0,0.0,0.009375,0.04375,0.13125
10,0.00018251904111821204,37.386918215022874,0.9519518613815308,0.9834449291229248,0.0025147104170173407,0.9477019309997559,0.9506492614746094,0.9188722670078278,0.9120296835899353,0.9057781100273132,0.03861957788467407,0.0009093726403079927,0.0010759764118120074,0.00021407779422588646,0.00022305468883132562,36.69428378690209,0.06864717023929573,0.12226998735005222,1.229636427935347,0.1537045534919184,3.706392288208008,3.7639904022216797,5.365856170654297,5.253622531890869,7.380380630493164,-0.18492397665977478,0.29512572288513184,0.012312260456383228,0.010455336421728134,-0.00045401163515634835,0.0008431044407188892,Hard16 stride8 Top10 (incumbent),validation,0.0,0.0,0.009375,0.025,0.096875
11,0.00019924425578210503,37.0061419047436,0.9609479308128357,0.9869364500045776,0.0008085357258096337,0.9537732005119324,0.9677964448928833,0.9105447828769684,0.8742324113845825,0.8461195826530457,0.09356403350830078,0.0009930517990142107,0.0011866308050230145,0.00021389183530118316,0.0002164824072679039,36.698057930409945,0.03669444351438231,0.06757095384283761,1.0961227455607678,0.13701534319509598,3.5808167457580566,3.6563942432403564,5.412829399108887,5.305062532424927,7.304659366607666,-0.5135462284088135,0.5505149960517883,0.012026885524392128,0.010377835482358932,-0.0011199291329830885,0.001485879416577518,Hard16 stride8 Top10 (incumbent),validation,0.0,0.0,0.01875,0.025,0.096875
12,0.00025585299590602517,35.92009493298714,0.958317220211029,0.9863563776016235,0.0017482067923992872,0.9488303661346436,0.9545873403549194,0.9059649109840393,0.8835437893867493,0.8749060034751892,0.07104355096817017,0.0009152284474112093,0.0009419014677405357,0.00037923382478766143,0.0004649666225304827,34.210929338247446,0.16313351072519838,0.33986075288450696,1.8324209575108292,0.22905261968885365,3.802635431289673,3.8754711151123047,5.3530659675598145,5.254103660583496,6.773631572723389,-0.05136226490139961,-0.024000205099582672,0.013084232807159424,0.011197016574442387,0.0001096049600164406,3.1020645110402256e-05,Hard16 stride8 Top10 (incumbent),validation,0.0,0.0,0.015625,0.0375,0.09375
13,0.00019051360141020268,37.200740131299305,0.9065389633178711,0.9668663740158081,0.004970905836671591,0.9034825563430786,0.8920427560806274,0.8449860513210297,0.8377586603164673,0.8369094729423523,0.054284095764160156,0.002788309007883072,0.0028816924896091223,0.00021837257372681051,0.0002234946223325096,36.60801907299964,0.06877170398304461,0.12218837109355657,1.1770759154735393,0.1471344894341924,3.8201489448547363,3.860259532928467,5.000199794769287,4.935299754142761,6.199359893798828,-1.0881094932556152,0.9668421745300293,0.012249264866113663,0.0106132123619318,-0.0026215764228254557,0.0026684121694415808,Hard16 stride8 Top10 (incumbent),validation,0.0,0.0,0.009375,0.028125,0.09375
14,0.00023754971334710717,36.24245489310634,0.9704107642173767,0.9896060824394226,0.0017845297697931528,0.9651041030883789,0.9666064977645874,0.9509422183036804,0.940564751625061,0.9311013221740723,0.026041746139526367,0.0009982268093153834,0.0010301375295966864,0.00029699160950258374,0.00030811463511781767,35.272558200370014,0.11108201528815026,0.19378200165754927,1.3037333078437154,0.16296666348046443,3.8838930130004883,3.9096248149871826,5.615691661834717,5.488884329795837,8.113434791564941,-0.5144684314727783,0.4713599383831024,0.013538465835154057,0.011527569964528084,-0.001390139339491725,0.0012354612117633224,Hard16 stride8 Top10 (incumbent),validation,0.0,0.0,0.00625,0.025,0.0875
15,0.00017291567928623408,37.62165624894054,0.9619514346122742,0.9873957633972168,0.0020408136770129204,0.9535080194473267,0.9618718028068542,0.9266817271709442,0.9139158725738525,0.9011936187744141,0.04795593023300171,0.0011560256825760007,0.0011821561492979527,0.00019473832799121737,0.00019784730102401227,37.10548563133789,0.05905982681825045,0.1037546196728701,1.1601712272233728,0.1450214034029216,3.8654143810272217,3.9457859992980957,5.133393287658691,5.045266509056091,7.305950164794922,-0.19736748933792114,0.5106935501098633,0.01077107060700655,0.009502642787992954,-0.0005114083760417998,0.0012678464408963919,Hard16 stride8 Top10 (incumbent),validation,0.0,0.0,0.021875,0.05,0.128125
16,0.0003576750459615141,34.4651135836726,0.9447396993637085,0.9803667068481445,0.0022316821850836277,0.9350643754005432,0.9481729865074158,0.8868263363838196,0.8392858505249023,0.8212918043136597,0.10888713598251343,0.0015001578722149134,0.0015793662751093507,0.00050686503527686,0.0005379961658036336,32.9510766638176,0.17335434418636178,0.30593770406062365,1.530878233514253,0.19135977918928163,3.6400232315063477,3.638085126876831,5.329873561859131,5.189571976661682,8.141764640808105,-0.9010962843894958,0.7532705068588257,0.015039929188787937,0.012060385197401047,-0.0021046705078333616,0.0020526780281215906,Hard16 stride8 Top10 (incumbent),validation,0.0,0.0,0.0125,0.0625,0.125
17,0.0002198835281888023,36.578073030841736,0.9548587799072266,0.985002875328064,0.0019400521414354444,0.94649338722229,0.9646320939064026,0.8649164736270905,0.859014630317688,0.857918381690979,0.1056174635887146,0.0011210282100364566,0.0011676382273435593,0.00026091845938935876,0.0002679001772776246,35.83495194463039,0.0750179884762404,0.1381385623659083,1.2597108900627603,0.15746386125784503,3.5176658630371094,3.583292245864868,5.17667293548584,5.061671733856201,7.105318546295166,-0.1191163957118988,0.23279957473278046,0.012844559736549854,0.010749908164143562,-0.00018234149320051074,0.0007305536419153214,Hard16 stride8 Top10 (incumbent),validation,0.0,0.0,0.015625,0.0625,0.125
18,0.00023359981423709542,36.315275069185276,0.9699134230613708,0.9896965026855469,0.003880521282553673,0.9635921716690063,0.9668825268745422,0.9468514621257782,0.9302926063537598,0.9211136698722839,0.03658992052078247,0.0008803234668448567,0.0009079420706257224,0.00029032689053565264,0.00030331355083035305,35.37112737263758,0.09131945763464754,0.17443700441794865,1.3601601406472332,0.17002001758090415,3.842578411102295,3.9036693572998047,5.642043590545654,5.551815152168274,7.050003528594971,-0.453903466463089,0.5151163339614868,0.013054235838353634,0.011226112022995949,-0.0012122620828449726,0.0012959198793396354,Hard16 stride8 Top10 (incumbent),validation,0.0,0.0,0.015625,0.040625,0.096875
19,0.00020422077795956284,36.899000737372695,0.9801609516143799,0.9932574033737183,0.001265326514840126,0.9748691320419312,0.9786317348480225,0.9548863172531128,0.9540245532989502,0.9533984065055847,0.024607181549072266,0.000683865393511951,0.0007012574351392686,0.00023930467432364821,0.0002481076880940236,36.21048818256013,0.07509024764334686,0.13366113510859542,1.2280292478877588,0.15350365598596985,3.9583492279052734,4.017904758453369,5.348326206207275,5.262198328971863,6.778350353240967,-0.0467982143163681,0.3109622895717621,0.011973428539931774,0.010381803847849369,-2.4860797566361725e-05,0.0008091151830740273,Hard16 stride8 Top10 (incumbent),validation,0.0,0.0,0.00625,0.04375,0.09375
20,0.0002676465956028551,35.724382763616156,0.9875869750976562,0.995768666267395,0.0007642418495379388,0.9839860200881958,0.9859821200370789,0.9709315299987793,0.9620939493179321,0.9619953632354736,0.02388817071914673,0.0003662638773676008,0.00038409215630963445,0.0003177215694449842,0.0003226096960133873,34.97953300838709,0.09172276400306259,0.1697289087495318,1.2668033514347117,0.15835041892933896,3.909498691558838,3.976311683654785,5.378070831298828,5.279219269752502,7.351508617401123,-0.6971293687820435,0.6201229691505432,0.01426476240158081,0.011806147173047066,-0.001666610362008214,0.00171650480479002,Hard16 stride8 Top10 (incumbent),validation,0.0,0.0,0.021875,0.0375,0.125
21,0.00023110199254006147,36.361963100577874,0.9760794043540955,0.9916032552719116,0.0014143635053187609,0.9716541767120361,0.971005380153656,0.9639129638671875,0.9631281495094299,0.9624449014663696,0.007877230644226074,0.0006174772861413658,0.0006559982430189848,0.0002616193669382483,0.0002696907758945599,35.8233010957145,0.0640606013760265,0.11315897565861344,1.171657503169794,0.14645718789622425,3.022379159927368,3.026681661605835,4.326700687408447,4.214774250984192,5.966136932373047,-0.25927025079727173,0.209757462143898,0.01344703882932663,0.011107809841632843,-0.0007495454046875238,0.0004886247916147113,Hard16 stride8 Top10 (incumbent),validation,0.0,0.0,0.009375,0.05625,0.121875
22,0.00021288990683387965,36.71844928088491,0.9318479299545288,0.9765529036521912,0.0020295786671340466,0.9242292642593384,0.9262934923171997,0.8515331149101257,0.8454658389091492,0.8424390554428101,0.08082765340805054,0.0012912768870592117,0.001450092764571309,0.00024635132285766304,0.00024802701955195516,36.084451013077214,0.07345646435523309,0.1281155578103804,1.1795912152172723,0.14744890190215904,3.121354818344116,3.174699306488037,4.949790954589844,4.855913400650024,6.430846691131592,-0.3976101279258728,0.38298630714416504,0.011812384240329266,0.009704142808914185,-0.0009820203995332122,0.001051983330398798,Hard16 stride8 Top10 (incumbent),validation,0.0,0.0,0.0125,0.034375,0.10625
23,0.0002072642819257453,36.834755338882424,0.9508842825889587,0.9834994077682495,0.001113520236685872,0.9453681707382202,0.9564199447631836,0.895970344543457,0.8904680609703064,0.8861159086227417,0.0659518837928772,0.00043749442556872964,0.0004438809701241553,0.0002520694397389889,0.00026202477602055296,35.9847980389607,0.08703065076831652,0.15476207587174745,1.2652181677104657,0.1581522709638082,3.800455093383789,3.874122381210327,5.273794174194336,5.177358627319336,7.099384784698486,-0.19161951541900635,0.1932080239057541,0.012035297229886055,0.01028553955256939,-0.0005116054089739919,0.0004891564603894949,Hard16 stride8 Top10 (incumbent),validation,0.0,0.0,0.0125,0.040625,0.11875
24,0.00023883242101874202,36.21906718942124,0.9833125472068787,0.9941905736923218,0.0020416472107172012,0.978092610836029,0.9799028038978577,0.9638170301914215,0.9605786204338074,0.958381175994873,0.019324183464050293,0.0014895909698680043,0.001498574623838067,0.00030516358674503863,0.00031279160612029955,35.154672892596125,0.12206161730180363,0.2291212158052392,1.4165542814444625,0.1770692851805578,3.8363077640533447,3.889037847518921,5.217921733856201,5.12283992767334,7.2777814865112305,-0.4705280065536499,0.40455472469329834,0.012394782155752182,0.011111631989479065,-0.0012627970427274704,0.0010164643172174692,Hard16 stride8 Top10 (incumbent),validation,0.0,0.0,0.009375,0.05,0.109375
25,0.0002417759969830513,36.1658681718595,0.9587985873222351,0.9861146807670593,0.0020700350869446993,0.9504835605621338,0.9584290981292725,0.9117995500564575,0.9019615650177002,0.8953195810317993,0.056467533111572266,0.0028054399881511927,0.003266807645559311,0.0003291172324679792,0.0003358091926202178,34.826493775967826,0.12907485728645615,0.23806371212324068,1.4469453967679582,0.18086817459599477,3.588120937347412,3.644157648086548,5.263232707977295,5.140643000602722,7.399413585662842,-0.5448145866394043,0.6092580556869507,0.012570091523230076,0.011130324564874172,-0.0013165718410164118,0.001672955695539713,Hard16 stride8 Top10 (incumbent),validation,0.0,0.0,0.015625,0.05,0.121875
26,0.00016851512191351503,37.73361121089845,0.9227298498153687,0.973137378692627,0.002060108119621873,0.9159177541732788,0.9167872667312622,0.8986308574676514,0.891743540763855,0.8853821158409119,0.025043725967407227,0.0008338610641658306,0.000957245531026274,0.00019712642824742943,0.00020290620159357786,37.05255147041707,0.06151940099358108,0.12010426367099576,1.2505866106050796,0.15632332632563495,4.31631326675415,4.403412342071533,5.790628433227539,5.6887946128845215,7.929412841796875,-0.08741216361522675,0.3931833505630493,0.013211801648139954,0.011627543717622757,7.458786421921104e-05,0.0010249832412227988,Hard16 stride8 Top10 (incumbent),validation,0.0,0.0,0.021875,0.0625,0.13125
27,0.00020830125140491873,36.81308120947029,0.9313461184501648,0.9791260957717896,0.0009216431062668562,0.928368091583252,0.9613067507743835,0.8033858239650726,0.7762918472290039,0.7760329246520996,0.18501490354537964,0.0006221383810043335,0.000677861156873405,0.000234652979997918,0.00024051282525761053,36.29573926052237,0.04781304410806353,0.08630740187566008,1.1592669563706517,0.14490836954633146,3.1646523475646973,3.1913373470306396,5.051907539367676,4.948616981506348,7.297937393188477,-0.7687680721282959,1.2082304954528809,0.01447440218180418,0.012132258154451847,0.001585408695973456,0.004400402307510376,Hard16 stride8 Top10 (incumbent),validation,0.0,0.0,0.0125,0.065625,0.121875
28,0.0003528970992192626,34.52351911484874,0.93914794921875,0.9774324297904968,0.002671614056453109,0.92914879322052,0.9411994218826294,0.8838760554790497,0.863337516784668,0.8543682098388672,0.07786190509796143,0.0027180027682334185,0.0032277428545057774,0.00039773082244209945,0.00040421860467176884,34.00410751740121,0.06447080974521117,0.11378782428745102,1.146251937968833,0.14328149224610412,3.269686698913574,3.281115770339966,5.7668137550354,5.6507368087768555,8.256318092346191,-1.4179768562316895,1.2455369234085083,0.01662655919790268,0.012554185464978218,-0.003886491758748889,0.002916873898357153,Hard16 stride8 Top10 (incumbent),validation,0.0,0.0,0.015625,0.065625,0.13125
29,0.00018999601888936013,37.212554990076804,0.9446812868118286,0.9812860488891602,0.0016636868240311742,0.9350713491439819,0.9469350576400757,0.8838768601417542,0.8787410259246826,0.8742245435714722,0.06819403171539307,0.001359214773401618,0.001570277614519,0.00021602667402476072,0.0002212120707554277,36.65492620763236,0.07182848200784864,0.12827199131412925,1.167757073899795,0.1459696342374744,3.584611415863037,3.6292202472686768,5.113766193389893,5.023734450340271,6.675789833068848,-0.6048811078071594,0.6312174797058105,0.01135921012610197,0.009869232773780823,-0.0015738132642582059,0.001637166365981102,Hard16 stride8 Top10 (incumbent),validation,0.0,0.0,0.009375,0.071875,0.128125
30,0.0002217334695160389,36.54168747440163,0.970526397228241,0.989859938621521,0.002253596903756261,0.9645543098449707,0.9651855230331421,0.9439437091350555,0.9391717910766602,0.9345238208770752,0.026013731956481934,0.0013125715777277946,0.0014191132504492998,0.0002849833690561354,0.00031998577469494194,35.451804836332286,0.10738470546308682,0.2027580247250103,1.4478159758642035,0.18097699698302544,3.787559986114502,3.848358154296875,5.317046642303467,5.217154383659363,6.9339680671691895,-0.028365585952997208,0.289043128490448,0.013101784512400627,0.011669635772705078,6.954862328711897e-05,0.0006916534039191902,Hard16 stride8 Top10 (incumbent),validation,0.0,0.0,0.015625,0.046875,0.121875
31,0.0002131623768946156,36.71289445747413,0.9742658138275146,0.9914482831954956,0.0020840680226683617,0.9667421579360962,0.9665294885635376,0.9492594301700592,0.9406610727310181,0.9373118877410889,0.02586841583251953,0.0010764515027403831,0.0010932756122201681,0.00025341397849842906,0.0002686733569134958,35.961694327939526,0.09155831818987037,0.16341413946654734,1.2726064614186048,0.1590758076773256,3.890197515487671,3.952359437942505,5.394260883331299,5.303711175918579,7.129175186157227,-0.45696955919265747,0.595045268535614,0.012769551947712898,0.011022425256669521,-0.0010212738998234272,0.0015705552650615573,Hard16 stride8 Top10 (incumbent),validation,0.0,0.0,0.009375,0.046875,0.103125
32,0.0002329968410776928,36.32649967007572,0.9195423126220703,0.9722445011138916,0.0029406119138002396,0.9101901650428772,0.9185447692871094,0.8326807618141174,0.8218286037445068,0.8184469938278198,0.09671616554260254,0.0026364256627857685,0.0034933232236653566,0.00029041143716312945,0.00030718657217221335,35.36986283980808,0.09673884556892265,0.1981799484242575,1.4238206825664288,0.1779775853208036,4.016460418701172,4.062739372253418,5.355838298797607,5.232113361358643,7.4829864501953125,-0.036296043545007706,0.0037233512848615646,0.011928588151931763,0.010394210927188396,-0.00015575117140542716,-1.6494363080710173e-05,Hard16 stride8 Top10 (incumbent),validation,0.0,0.0,0.025,0.0375,0.1125
33,0.00019595801131799817,37.07836976635599,0.9556375741958618,0.9846959114074707,0.0012381208362057805,0.9487036466598511,0.9610680937767029,0.9026258885860443,0.8894594311714172,0.8858233690261841,0.07160866260528564,0.000793724087998271,0.0010349578224122524,0.00022998976055532694,0.00023209107530419715,36.382914989098396,0.09531244318065654,0.17361243646823543,1.2064577104889005,0.15080721381111256,3.5234360694885254,3.5962350368499756,5.637893199920654,5.540948271751404,7.665089130401611,-0.06970959901809692,0.32636794447898865,0.011694518849253654,0.009859244339168072,2.1186424419283867e-06,0.0009014748502522707,Hard16 stride8 Top10 (incumbent),validation,0.0,0.0,0.021875,0.025,0.10625
34,0.0002069338079309091,36.84168550424724,0.9726161956787109,0.9907289743423462,0.0031484635546803474,0.9670935273170471,0.9779394865036011,0.9290226697921753,0.9088042974472046,0.907440185546875,0.06913518905639648,0.001477954676374793,0.0015985852805897593,0.0002871484903153032,0.0003216744153178297,35.41893462682333,0.13763688098454627,0.27869402368003154,1.643079466149217,0.20538493326865212,3.7992541790008545,3.849810838699341,5.272130966186523,5.197453022003174,6.619517803192139,-0.6390748023986816,0.7363229990005493,0.012486374005675316,0.010252210311591625,-0.0016179635422304273,0.001918313093483448,Hard16 stride8 Top10 (incumbent),validation,0.0,0.0,0.01875,0.046875,0.109375
35,0.00026458196225576103,35.77439766950528,0.9614996314048767,0.9867449998855591,0.002336225938051939,0.9511013031005859,0.9617873430252075,0.908663421869278,0.8841356039047241,0.8727723956108093,0.0776517391204834,0.0024314336478710175,0.003606182523071766,0.00033919201814569533,0.00034851070813601837,34.695543760971226,0.12116084847566021,0.21163228803048031,1.3404248694323706,0.16755310867904633,3.630038022994995,3.655203104019165,5.059312343597412,4.962983131408691,6.919663906097412,-0.5177505016326904,0.4955225884914398,0.012907681986689568,0.01140240766108036,-0.001162225380539894,0.001386489486321807,Hard16 stride8 Top10 (incumbent),validation,0.0,0.0,0.015625,0.04375,0.084375
36,0.00021815457148477435,36.61235681829994,0.9825090765953064,0.9939682483673096,0.002606357680633664,0.9778403043746948,0.9773858189582825,0.9681097567081451,0.9634469747543335,0.9603365659713745,0.013938844203948975,0.0011013252660632133,0.0013091214932501316,0.00025935404119081795,0.00026673565298551694,35.86106980547979,0.08267866310570822,0.14893145406013147,1.2661369187323497,0.1582671148415437,3.827125072479248,3.889371871948242,5.33815336227417,5.235717415809631,7.353236675262451,-0.09281790256500244,0.32864922285079956,0.012815563008189201,0.011292306706309319,-0.00023748942476231605,0.0008041808614507318,Hard16 stride8 Top10 (incumbent),validation,0.0,0.0,0.025,0.046875,0.15
37,0.00020403112284839153,36.903035803664295,0.9461173415184021,0.9820729494094849,0.002339586615562439,0.9384480714797974,0.9504266977310181,0.9024171233177185,0.8875939249992371,0.8731328845024109,0.062832772731781,0.0016971899894997478,0.0021760049276053905,0.00024574174312874675,0.0002506958189769648,36.09521065454587,0.08371645343188566,0.1489278465123145,1.230462364935887,0.15380779561698588,3.235419511795044,3.2569639682769775,5.176832675933838,5.064380645751953,7.124284267425537,-0.23190099000930786,0.38903161883354187,0.011783510446548462,0.010551903396844864,-0.0007582121761515737,0.0008335116435773671,Hard16 stride8 Top10 (incumbent),validation,0.0,0.0,0.03125,0.04375,0.134375
38,0.0001489922433393076,38.26836340732848,0.9022507667541504,0.9785803556442261,0.0010436421725898981,0.8935520648956299,0.9466822147369385,0.730338454246521,0.7203022241592407,0.7187077403068542,0.22637999057769775,0.0008476736256852746,0.0008711778209544718,0.00018725573318079114,0.00019329410861246288,37.275648766957076,0.13208776679504405,0.23510611287816918,1.3130670477676312,0.1641333809709539,2.5683512687683105,2.6219067573547363,4.271719455718994,4.148963451385498,5.8147125244140625,-0.010927662253379822,0.16556555032730103,0.03386390209197998,0.015804853290319443,0.0014759560581296682,0.0010553010506555438,Hard16 stride8 Top10 (incumbent),validation,0.0,0.0,0.021875,0.025,0.11875
39,0.0001786890352377668,37.47902095965715,0.9825007319450378,0.9940707683563232,0.0027216454036533833,0.9786615967750549,0.9789860248565674,0.9720094799995422,0.9711507558822632,0.970615029335022,0.0078352689743042,0.0006245850236155093,0.0007282594451680779,0.0002117065159836784,0.00021788924641441554,36.74265774894116,0.06955724057059444,0.12456993164374285,1.2279398244877073,0.15349247806096342,4.070802688598633,4.140942096710205,5.556902885437012,5.460732102394104,7.596828460693359,-0.007904384285211563,0.3331444263458252,0.012380993925035,0.010704964399337769,5.042948032496497e-06,0.0008281364571303129,Hard16 stride8 Top10 (incumbent),validation,0.0,0.0,0.015625,0.0375,0.075
40,0.00017949234461411834,37.45954069440779,0.9522348642349243,0.9838532209396362,0.00255004595965147,0.9470694065093994,0.9553758502006531,0.8890163004398346,0.8843522071838379,0.8840464949607849,0.07102364301681519,0.0009725232375785708,0.0011160117574036121,0.00020560943812597543,0.00020797672550543211,36.86956953723686,0.064800131673595,0.11484673148188855,1.172075959636758,0.14650949495459475,4.039168834686279,4.105932235717773,5.5381622314453125,5.454702258110046,7.7288899421691895,0.0284898579120636,0.4423542022705078,0.012153989635407925,0.01087958738207817,0.00012666099064517766,0.0010437296004965901,Hard16 stride8 Top10 (incumbent),validation,0.0,0.0,0.021875,0.040625,0.121875
41,0.000183301221113652,37.36834641850907,0.9588338136672974,0.9865099787712097,0.0019165094709023833,0.9533059597015381,0.9596446752548218,0.922288328409195,0.9104997515678406,0.9048960208892822,0.0491449236869812,0.0007038903422653675,0.0007362752803601325,0.00021121498139109462,0.00021668669796781614,36.75275280718091,0.06608082743578993,0.11827730071225542,1.201598481101387,0.15019981013767336,3.8969407081604004,3.979186534881592,5.319692134857178,5.224043965339661,6.747305393218994,0.19100043177604675,-0.1320016235113144,0.011148203164339066,0.009705564938485622,0.0005227984511293471,-0.0003787098394241184,Hard16 stride8 Top10 (incumbent),validation,0.0,0.0,0.0125,0.01875,0.075
42,0.0001681518042460084,37.74298468403573,0.8895079493522644,0.9612617492675781,0.001708216848783195,0.8868040442466736,0.8660084009170532,0.8487628102302551,0.8479281663894653,0.8471803069114685,0.01808023452758789,0.0006937849102541804,0.0006999451434239745,0.0001994197809835896,0.00020216599295963533,37.002317650517725,0.07361135755577357,0.13128776109979484,1.2186980277910033,0.15233725347387542,3.790709972381592,3.868429660797119,5.104201316833496,5.010377526283264,7.060907363891602,0.05264314264059067,0.2033926248550415,0.013567227870225906,0.011937913484871387,0.000687573803588748,0.0005857343203388155,Hard16 stride8 Top10 (incumbent),validation,0.0,0.0,0.03125,0.034375,0.14375
43,0.00023582478752359748,36.27410548185204,0.8818850517272949,0.9579232931137085,0.0032399308402091265,0.8775984048843384,0.8674335479736328,0.831702470779419,0.8265435099601746,0.8219749927520752,0.04089003801345825,0.0011109670158475637,0.0011443878756836057,0.0003179963387083262,0.0003239053694414906,34.97577880292059,0.1291250716243327,0.23687606052119153,1.3780124184954499,0.17225155231193123,3.0227646827697754,3.0627331733703613,4.493184566497803,4.3244160413742065,7.521947860717773,-0.3704913258552551,0.09300322085618973,0.0112229622900486,0.009592913091182709,-0.0009114154963754117,0.0003744298592209816,Hard16 stride8 Top10 (incumbent),validation,0.0,0.0,0.0375,0.05,0.109375
44,0.0001929707359522581,37.14508546837206,0.9327836036682129,0.9769605398178101,0.0019819398876279593,0.9303857088088989,0.9488452672958374,0.8577603101730347,0.8565656542778015,0.8555604219436646,0.09227961301803589,0.0005887809675186872,0.0006426823674701154,0.00022549995628651232,0.0002315640049346257,36.468535379746164,0.07809924212234907,0.13773974864935043,1.2082288424239624,0.1510286053029953,3.958758592605591,4.025652885437012,5.184151649475098,5.105138301849365,6.9767165184021,0.23420996963977814,0.04822884500026703,0.01172059215605259,0.010200027376413345,0.0008057805243879557,4.068698763148859e-05,Hard16 stride8 Top10 (incumbent),validation,0.0,0.0,0.025,0.05,0.109375
45,0.00017134344670921564,37.661325011696334,0.965352475643158,0.9879921674728394,0.002216754015535116,0.9614931344985962,0.9741796255111694,0.9203996062278748,0.8906012177467346,0.8797478079795837,0.08357840776443481,0.0017933850176632404,0.002020571380853653,0.0002122959413100034,0.00021693411690648645,36.73058308629661,0.10908758801828657,0.19777993107944428,1.3059333655317955,0.16324167069147444,3.733856678009033,3.8140478134155273,5.230924606323242,5.142545223236084,6.858942031860352,0.18812818825244904,0.08588717877864838,0.011980297975242138,0.009946729056537151,0.0006928159855306149,0.00015728163998574018,Hard16 stride8 Top10 (incumbent),validation,0.0,0.0,0.025,0.03125,0.1125
46,0.0002263764472445473,36.451687601861714,0.9778758883476257,0.9926619529724121,0.002146859187632799,0.9709402322769165,0.976958155632019,0.9507060647010803,0.9300689697265625,0.9114865064620972,0.04688918590545654,0.0011480930261313915,0.0015971874818205833,0.0002934307267423719,0.0003110767647740431,35.32494410751942,0.1368584023707629,0.24621160699255976,1.4365368343323504,0.1795671042915438,4.033757209777832,4.109428405761719,5.749685764312744,5.6049288511276245,8.674854278564453,-0.20689910650253296,0.23083239793777466,0.012986334040760994,0.011139826849102974,-0.00048229083768092096,0.0005920028197579086,Hard16 stride8 Top10 (incumbent),validation,0.0,0.0,0.028125,0.04375,0.146875
47,0.0002708390529733151,35.672887134434454,0.969782292842865,0.990203857421875,0.001376376487314701,0.9594393968582153,0.9605165719985962,0.9406811594963074,0.9300016164779663,0.9236165285110474,0.030514955520629883,0.0009066020720638335,0.0011295697186142206,0.000353657960658893,0.0003549516186467372,34.51416561725975,0.123162617110784,0.2186522223152333,1.3577401146335406,0.16971751432919258,3.355318307876587,3.3998825550079346,5.115292072296143,5.001718997955322,7.462813854217529,-0.2219623625278473,0.21844346821308136,0.013288881629705429,0.011529550887644291,-0.0002946522436104715,0.0005920042749494314,Hard16 stride8 Top10 (incumbent),validation,0.0,0.0,0.01875,0.01875,0.128125
48,0.00023632512602489442,36.26490101838398,0.9882563352584839,0.9959346055984497,0.001725616049952805,0.9855437874794006,0.9860377311706543,0.979672759771347,0.9763938188552856,0.9750198125839233,0.009643912315368652,0.000296037585940212,0.0002963597362395376,0.00026561052072793245,0.00027039061387768015,35.75754726730242,0.055744182989647874,0.09772679384406652,1.1459893202891107,0.14324866503613884,3.6347649097442627,3.690539836883545,4.940983772277832,4.841245055198669,6.641292572021484,-0.13451334834098816,0.2199639528989792,0.012952927500009537,0.01105712540447712,-0.0003545387589838356,0.000559681560844183,Hard16 stride8 Top10 (incumbent),validation,0.0,0.0,0.0,0.065625,0.08125
49,0.00021503363677766174,36.67493599971306,0.9695113897323608,0.9896788597106934,0.0024675289168953896,0.9615155458450317,0.9618712067604065,0.9462811946868896,0.9442187547683716,0.9435224533081055,0.017652451992034912,0.0018451274372637272,0.0018579928437247872,0.0003183686058036983,0.00036921574064763263,34.9706976442191,0.1543294357161788,0.3245240344060943,1.7778528418858806,0.22223160523573507,3.9933834075927734,4.064276218414307,5.726283073425293,5.557401657104492,8.009947776794434,-0.5509340167045593,0.6312320232391357,0.012184079736471176,0.01074233278632164,-0.0013891569105908275,0.0016472185961902142,Hard16 stride8 Top10 (incumbent),validation,0.0,0.0,0.0,0.06875,0.10625
0,0.00016959825006779283,37.70578633151369,0.9796873927116394,0.9932310581207275,0.001973196864128113,0.9756478071212769,0.9785332679748535,0.9667405486106873,0.9434412717819214,0.9231886863708496,0.03509199619293213,0.0007230585906654596,0.0008401845116168261,0.00020271870016586035,0.0002088607579935342,36.93106187151854,0.08408938736192624,0.1470222212193323,1.241929189772259,0.15524114872153238,3.9051408767700195,3.9815971851348877,5.225919723510742,5.16100013256073,6.57284688949585,-0.21826763451099396,0.4561910033226013,0.01072506234049797,0.009488730691373348,-0.0005072621279396117,0.0011874405900016427,Hard16 stride8 Top10 + global OKLab,validation,0.0,0.0,0.0125,0.0375,0.1125
1,0.00040541100315749645,33.921044684063645,0.975560188293457,0.9916176199913025,0.0023606372997164726,0.9665414690971375,0.9684584140777588,0.9593057334423065,0.9545923471450806,0.9511818885803223,0.013866066932678223,0.0008711293339729309,0.0009633806184865534,0.0004567510914057493,0.0004588271403918043,33.40320406228456,0.050633433640652536,0.09062090898689394,1.1344508786045702,0.14180635982557127,2.849313259124756,2.8254382610321045,4.510427474975586,4.39309298992157,6.913986682891846,-1.6590405702590942,1.0586124658584595,0.01819833368062973,0.012278048321604729,-0.004921371582895517,0.0025004828348755836,Hard16 stride8 Top10 + global OKLab,validation,0.0,0.0,0.0125,0.05,0.11875
2,0.0004149124724790454,33.82043509862737,0.9547132849693298,0.9835824370384216,0.0026450904551893473,0.9450151324272156,0.9480754137039185,0.9326020777225494,0.9241625070571899,0.9187909960746765,0.023912906646728516,0.0012863099109381437,0.0014602552400901914,0.0006071912357583642,0.0006413942755898461,32.16674505704886,0.1739980623588857,0.3122030415910941,1.5479832341305906,0.19349790426632382,2.792081356048584,2.7951910495758057,5.639889717102051,5.4227670431137085,9.141261100769043,-1.132430076599121,0.7017873525619507,0.015194711275398731,0.012501982040703297,-0.003234835807234049,0.0016536973416805267,Hard16 stride8 Top10 + global OKLab,validation,0.0,0.0,0.015625,0.046875,0.10625
3,0.0002294064179295674,36.393944363370736,0.9833673238754272,0.9943598508834839,0.0024711827281862497,0.9767360687255859,0.9779636263847351,0.9687943458557129,0.9642598628997803,0.9613065123558044,0.013703763484954834,0.0018105155322700739,0.002161237411201,0.0002786255208775401,0.0002799901703838259,35.54979106617475,0.08391857652696834,0.15114488519479763,1.252828627751099,0.15660357846888737,3.5523476600646973,3.611335277557373,4.836067199707031,4.753109455108643,5.998312473297119,-0.49592891335487366,0.4611409306526184,0.011749560944736004,0.010348153300583363,-0.0009865922620519996,0.0013065878301858902,Hard16 stride8 Top10 + global OKLab,validation,0.0,0.0,0.015625,0.04375,0.1125
4,0.0001646828604862094,37.83351598059133,0.974332332611084,0.9915258288383484,0.0011250899406149983,0.9703923463821411,0.9742022752761841,0.9452554285526276,0.9380654096603394,0.9366263151168823,0.03613686561584473,0.0005431498866528273,0.000650714966468513,0.0001929540012497455,0.000197918572666822,37.14546211118665,0.06927993864518181,0.12318449499151499,1.221734082634749,0.15271676032934361,3.470749855041504,3.5440962314605713,4.8266801834106445,4.756714582443237,6.178000450134277,0.08033210039138794,0.06262140721082687,0.010807782411575317,0.009199338033795357,0.0002071335620712489,0.0001805664214771241,Hard16 stride8 Top10 + global OKLab,validation,0.0,0.0,0.0125,0.0375,0.078125
5,0.00020835101895499974,36.812043712544515,0.9517666697502136,0.9847025275230408,0.0013532290467992425,0.9438498020172119,0.943600058555603,0.9115000665187836,0.9034439921379089,0.8976191282272339,0.04015606641769409,0.0005587016930803657,0.0006649108836427331,0.0002424733538646251,0.00024674449741723947,36.15335980382913,0.0692147815565979,0.12428735855413817,1.2224593726177306,0.15280742157721633,2.98710036277771,3.0219738483428955,4.664119720458984,4.571589350700378,6.713740825653076,-0.5930300951004028,0.571963369846344,0.011674976907670498,0.009662453085184097,-0.0012854671804234385,0.0015967193758115172,Hard16 stride8 Top10 + global OKLab,validation,0.0,0.0,0.015625,0.059375,0.084375
6,0.0003541887563187629,34.507652295553825,0.9526836276054382,0.9835166931152344,0.0039754593744874,0.9447710514068604,0.9576835036277771,0.9080756902694702,0.8935815691947937,0.880363941192627,0.0641019344329834,0.0012021970469504595,0.001316120382398367,0.0005254460847936571,0.0005375850305426866,32.794718396316604,0.20210345371593139,0.35726762709960413,1.5551488874545363,0.19439361093181703,3.139077663421631,3.164595603942871,5.092548847198486,4.902290344238281,8.593170166015625,-1.3824999332427979,1.2154128551483154,0.015735099092125893,0.01206841692328453,-0.003521607955917716,0.0030576803255826235,Hard16 stride8 Top10 + global OKLab,validation,0.0,0.0,0.00625,0.021875,0.065625
7,0.00020310236141085625,36.922850271528375,0.9329789876937866,0.9770556688308716,0.0022079842165112495,0.9257316589355469,0.929919421672821,0.8780985772609711,0.8696678876876831,0.8613526225090027,0.06025153398513794,0.0010851931292563677,0.0012943355832248926,0.00024260353529825807,0.0002469686805852689,36.15102874741753,0.08734912538256548,0.1643080305417367,1.2880449704121661,0.16100562130152077,2.821560859680176,2.8594424724578857,4.711031913757324,4.622282862663269,6.168931484222412,-0.44807863235473633,0.47413742542266846,0.011683294549584389,0.00966078694909811,-0.0007357170106843114,0.0013535250909626484,Hard16 stride8 Top10 + global OKLab,validation,0.0,0.0,0.0125,0.05,0.128125
8,0.00022923295910004526,36.39722939382662,0.9645089507102966,0.9875842332839966,0.0015811847988516092,0.9592225551605225,0.961810827255249,0.9449713826179504,0.9435043334960938,0.9425739049911499,0.018306493759155273,0.000863932422362268,0.0009631518041715026,0.00029398160404525697,0.00030088310450082645,35.316798447973454,0.11649539044938324,0.2048648581153025,1.3199748302985885,0.16499685378732357,3.066551685333252,3.0781869888305664,5.011605739593506,4.925174355506897,6.341742992401123,-0.7028437256813049,0.5371472835540771,0.01244709175080061,0.010273371823132038,-0.0019459492759779096,0.0012199691263958812,Hard16 stride8 Top10 + global OKLab,validation,0.0,0.0,0.009375,0.034375,0.103125
9,0.00018008233746513724,37.44528880837265,0.9586028456687927,0.9861375093460083,0.0018191757844761014,0.95108962059021,0.9596318006515503,0.9195323884487152,0.9146206974983215,0.9103454947471619,0.04501110315322876,0.0010515186004340649,0.001245878404006362,0.0002107669279212132,0.00021256624313537031,36.7619753457968,0.06973325696178075,0.12399221637294373,1.209963692953157,0.15124546161914462,3.1635985374450684,3.2249441146850586,5.117262840270996,5.030014872550964,7.268758773803711,-0.4409480690956116,0.3937665820121765,0.010839358903467655,0.00954405777156353,-0.001237419550307095,0.0008967768517322838,Hard16 stride8 Top10 + global OKLab,validation,0.0,0.0,0.009375,0.04375,0.13125
10,0.00017148948973044753,37.657624919007645,0.9545012712478638,0.9843320846557617,0.0021814238280057907,0.9504562020301819,0.952999472618103,0.9234924912452698,0.9169131517410278,0.9112305641174316,0.036086320877075195,0.0007613061461597681,0.0009511689422652125,0.00020229713118169457,0.0002121620564139448,36.94010276007218,0.0707775006789675,0.12673539351560234,1.2405580320755867,0.15506975400944834,3.557180404663086,3.611886739730835,5.153356552124023,5.0547215938568115,7.057036876678467,-0.22932393848896027,0.3294105529785156,0.011705121025443077,0.010054228827357292,-0.0006109756068326533,0.0009402817813679576,Hard16 stride8 Top10 + global OKLab,validation,0.0,0.0,0.009375,0.028125,0.09375
11,0.00018643679504748434,37.29468371439709,0.9630875587463379,0.9876682162284851,0.0006729828892275691,0.9563044905662537,0.969659686088562,0.9152960777282715,0.8808155059814453,0.8541151881217957,0.0888441801071167,0.0008329994743689895,0.0009974490385502577,0.00019990031432826072,0.00020160595886409283,36.991865229858256,0.0347639934198354,0.06369785415480057,1.0871218849017468,0.13589023561271835,3.4362549781799316,3.509377956390381,5.213850498199463,5.108322620391846,7.0465922355651855,-0.41700175404548645,0.4977183938026428,0.01141951885074377,0.00994679145514965,-0.0008711699629202485,0.0013462617062032223,Hard16 stride8 Top10 + global OKLab,validation,0.0,0.0,0.01875,0.025,0.09375
12,0.00024368985032197088,36.13162558796217,0.9602168798446655,0.9869918823242188,0.001609512371942401,0.9511234760284424,0.9568085670471191,0.9096720218658447,0.888468861579895,0.8798898458480835,0.06833970546722412,0.0008594660321250558,0.0008692819974385202,0.00036603325861506164,0.0004513125604717061,34.36479451827534,0.16923062990556528,0.3531901799658802,1.8656471561184258,0.23320589451480322,3.665982723236084,3.73518443107605,5.163538932800293,5.068095803260803,6.527679920196533,-0.014852404594421387,-0.038692884147167206,0.012541950680315495,0.010816234163939953,0.00017326066154055297,1.0126263077836484e-05,Hard16 stride8 Top10 + global OKLab,validation,0.0,0.0,0.01875,0.0375,0.09375
13,0.00017505067808087915,37.56836202601241,0.9118075370788574,0.9688428640365601,0.0037381963338702917,0.9088642597198486,0.897644579410553,0.8533396124839783,0.8460252285003662,0.844920814037323,0.05161935091018677,0.0019136599730700254,0.0019286776660010219,0.00020004303951282054,0.00020569944535964169,36.98876555276054,0.06791968950827627,0.12042498669888348,1.176645589764415,0.14708069872055188,3.5968003273010254,3.63628888130188,4.738894939422607,4.675865054130554,5.974012851715088,-0.8361222743988037,0.8404929637908936,0.011462108232080936,0.01004760805517435,-0.0019348514033481479,0.0023249913938343525,Hard16 stride8 Top10 + global OKLab,validation,0.0,0.0,0.009375,0.028125,0.09375
14,0.00022494896256830543,36.47916005396388,0.9718823432922363,0.9901174306869507,0.0017313867574557662,0.9668352603912354,0.968604564666748,0.953296959400177,0.9431268572807312,0.93401038646698,0.025477707386016846,0.0009577380842529237,0.0009791920892894268,0.00028304304578341544,0.00029438900673994794,35.48147511031959,0.11454555433231085,0.19987322020956858,1.315179468151962,0.16439743351899525,3.7489395141601562,3.771775722503662,5.436334133148193,5.307758808135986,8.045007705688477,-0.3982541561126709,0.43805885314941406,0.012976286001503468,0.011145178228616714,-0.001067073317244649,0.0011512961937114596,Hard16 stride8 Top10 + global OKLab,validation,0.0,0.0,0.00625,0.025,0.0875
15,0.00016211433103308082,37.901785914841156,0.9640547037124634,0.9881080985069275,0.0016806037165224552,0.9560385942459106,0.9641265869140625,0.9306705296039581,0.917564868927002,0.9054650068283081,0.04656171798706055,0.0009383010910823941,0.0010157006327062845,0.00018343498231843114,0.00018620339687913656,37.36517837809416,0.06222064330144552,0.10936369819061129,1.169073474937325,0.14613418436716563,3.7058815956115723,3.783550262451172,4.936298847198486,4.85114598274231,7.058728218078613,-0.006962724030017853,0.4225594401359558,0.010203576646745205,0.009099134244024754,3.506045322865248e-05,0.001048566773533821,Hard16 stride8 Top10 + global OKLab,validation,0.0,0.0,0.021875,0.05,0.128125
16,0.000344489817507565,34.62823610521615,0.946837842464447,0.9810867309570312,0.0022235936485230923,0.9374644756317139,0.9496214985847473,0.8907041847705841,0.8459353446960449,0.8280726671218872,0.10368615388870239,0.0014985129237174988,0.0016092961886897683,0.0004945935215801001,0.0005251171533018351,33.05751576532021,0.17938086642440107,0.3166113952568029,1.555534696254177,0.19444183703177212,3.539066791534424,3.5317351818084717,5.182139873504639,5.044907331466675,8.032135963439941,-0.8598623275756836,0.7277154922485352,0.01452245470136404,0.011740347370505333,-0.0019994773901998997,0.0020000438671559095,Hard16 stride8 Top10 + global OKLab,validation,0.0,0.0,0.0125,0.059375,0.134375
17,0.00020862351811956614,36.80636735152869,0.9570903778076172,0.9857584834098816,0.0018086860654875636,0.9491389989852905,0.9665913581848145,0.8703730702400208,0.8656625151634216,0.8655619025230408,0.10092884302139282,0.0010421108454465866,0.0010837703011929989,0.00024834871874190867,0.0002563949819887057,36.049380762355156,0.07661129318959317,0.14120767718395685,1.271208503822745,0.15890106297784312,3.4057881832122803,3.4698991775512695,5.02233362197876,4.91277003288269,7.051546573638916,-0.08127829432487488,0.21422958374023438,0.012367143295705318,0.01041341945528984,-9.926172788254917e-05,0.0006929602823220193,Hard16 stride8 Top10 + global OKLab,validation,0.0,0.0,0.015625,0.0625,0.125
18,0.00022061988420318812,36.56355347695684,0.9713711738586426,0.9901966452598572,0.003488358808681369,0.9653058052062988,0.9685165882110596,0.9489718973636627,0.9329569935798645,0.9245619773864746,0.03555959463119507,0.0007708721095696092,0.0007730412180535495,0.00027724821120500565,0.0002897145022870973,35.571312472213684,0.09552795401084291,0.18427488237779488,1.3821558675247878,0.17276948344059848,3.6967720985412598,3.7525947093963623,5.422786712646484,5.3351792097091675,6.737074375152588,-0.3325921893119812,0.46218013763427734,0.012469323351979256,0.010819854214787483,-0.0008730716072022915,0.0011717266170307994,Hard16 stride8 Top10 + global OKLab,validation,0.0,0.0,0.0125,0.040625,0.096875
19,0.00019300536951050162,37.144306085241276,0.9813050031661987,0.993647575378418,0.0012052858946844935,0.976290762424469,0.9798374176025391,0.9574296474456787,0.9569371938705444,0.9566354751586914,0.02290022373199463,0.000630861206445843,0.0006952557596378028,0.00022747108596377075,0.00023683295512455516,36.430737990263346,0.07921723300913686,0.14078366670333964,1.2401835216921462,0.15502294021151827,3.818441152572632,3.876600503921509,5.155997276306152,5.074719786643982,6.502346038818359,0.02563626319169998,0.27142494916915894,0.011451303027570248,0.010007134638726711,0.00017547651077620685,0.0007109635625965893,Hard16 stride8 Top10 + global OKLab,validation,0.0,0.0,0.00625,0.040625,0.096875
20,0.00025313469814136624,35.966483203554425,0.988358199596405,0.9960042238235474,0.0007115291664376855,0.9848853349685669,0.9866458177566528,0.9729364812374115,0.9650400280952454,0.9648115038871765,0.02160578966140747,0.00035534327616915107,0.0003696599160321057,0.0003010407672263682,0.00030512055673170835,35.213746878527104,0.09214783783895455,0.17083619793351063,1.26974124273263,0.15871765534157875,3.769207000732422,3.8319575786590576,5.194832801818848,5.095295786857605,7.120586395263672,-0.622259259223938,0.5795866847038269,0.013642830774188042,0.011393432505428791,-0.0014981639105826616,0.001627289573661983,Hard16 stride8 Top10 + global OKLab,validation,0.0,0.0,0.021875,0.040625,0.125
21,0.000219845212996006,36.57882986455708,0.9772054553031921,0.9919884204864502,0.0013883179053664207,0.9729824662208557,0.9720973968505859,0.9657735228538513,0.9649448394775391,0.9643356204032898,0.007152557373046875,0.00054888118756935,0.0005937874084338546,0.00025076986639760435,0.0002606022171676159,36.00724651427827,0.06592158091926315,0.11602842645111625,1.1861997559572095,0.1482749694946512,2.922619581222534,2.9218363761901855,4.166918754577637,4.060778021812439,5.767974376678467,-0.26716044545173645,0.24301010370254517,0.012922079302370548,0.010783686302602291,-0.0007931658765301108,0.0005791716394014657,Hard16 stride8 Top10 + global OKLab,validation,0.0,0.0,0.009375,0.059375,0.11875
22,0.00020082849368918687,36.97174669146146,0.9354923963546753,0.9778761863708496,0.0017876618076115847,0.9281540513038635,0.9307541251182556,0.8593065440654755,0.8529158234596252,0.848061740398407,0.07783830165863037,0.0011297017335891724,0.0012605668744072318,0.00023174814123194665,0.00023393405717797577,36.34983740488518,0.07190867033080012,0.12527813455566644,1.1769839098718708,0.14712298873398386,2.9983644485473633,3.0501489639282227,4.765597820281982,4.674250245094299,6.184906005859375,-0.35138845443725586,0.35026586055755615,0.011296623386442661,0.009319779463112354,-0.000832549121696502,0.0009703394025564194,Hard16 stride8 Top10 + global OKLab,validation,0.0,0.0,0.0125,0.034375,0.10625
23,0.0001956669002538547,37.08482635010891,0.9531258940696716,0.9842821359634399,0.0009512791875749826,0.947867751121521,0.9585521817207336,0.9004498422145844,0.8947176337242126,0.8905190229415894,0.063834547996521,0.0004134220362175256,0.0004211838822811842,0.0002383420942351222,0.00024745112023083493,36.22799248968759,0.08919041512591357,0.15848858315227185,1.266690802179756,0.1583363502724695,3.655668258666992,3.7259998321533203,5.063539505004883,4.973319172859192,6.8118391036987305,-0.12361949682235718,0.14767742156982422,0.011480094864964485,0.009898323565721512,-0.0003283546247985214,0.0003705593117047101,Hard16 stride8 Top10 + global OKLab,validation,0.0,0.0,0.0125,0.0375,0.121875
24,0.00022686920419801027,36.44224452350276,0.984153151512146,0.994473934173584,0.0019663467537611723,0.9791580438613892,0.9809147119522095,0.96546271443367,0.9623676538467407,0.9604002237319946,0.01854705810546875,0.0013779177097603679,0.00150231271982193,0.00029234966496005654,0.00030052708461880684,35.34097399538625,0.12671447803898267,0.2388158013554386,1.4377309741958182,0.17971637177447727,3.687216281890869,3.737856388092041,5.023470401763916,4.931315779685974,7.011194229125977,-0.35474008321762085,0.3460448980331421,0.01186785101890564,0.010732035152614117,-0.0009332344052381814,0.0008772285073064268,Hard16 stride8 Top10 + global OKLab,validation,0.0,0.0,0.009375,0.05,0.109375
25,0.00022966069809626788,36.38913319390578,0.96074378490448,0.9867656230926514,0.002030791249126196,0.9528155326843262,0.9606107473373413,0.9156886339187622,0.9060478210449219,0.8995354175567627,0.054562926292419434,0.0025750400964170694,0.0029844623059034348,0.00031626218697056174,0.00032328507950296625,34.999527302205884,0.13577520143804112,0.24972129467122461,1.4683879568508782,0.18354849460635977,3.4518885612487793,3.50881290435791,5.100704669952393,4.976064682006836,7.385861396789551,-0.4675358533859253,0.5656853914260864,0.012049155309796333,0.010756407864391804,-0.0011148896301165223,0.0015710394363850355,Hard16 stride8 Top10 + global OKLab,validation,0.0,0.0,0.015625,0.046875,0.11875
26,0.0001568553561810404,38.04500646745302,0.9276094436645508,0.9749212265014648,0.0017139073461294174,0.9211146831512451,0.9217977523803711,0.9050984978675842,0.898783802986145,0.8930583000183105,0.023013949394226074,0.0007955415057949722,0.0008944933069869876,0.00018431399075780064,0.0001895480672828853,37.34441697454315,0.06312654775866174,0.1243301315686634,1.258572488277241,0.15732156103465514,4.147639274597168,4.232079029083252,5.58673620223999,5.480311274528503,7.632925510406494,-0.22483910620212555,0.44907060265541077,0.012493418529629707,0.011125985532999039,-0.00037681253161281347,0.0012105180649086833,Hard16 stride8 Top10 + global OKLab,validation,0.0,0.0,0.021875,0.065625,0.134375
27,0.0001965316041605547,37.06567600968564,0.9350850582122803,0.9803247451782227,0.0009301801910623908,0.9322043657302856,0.9632577896118164,0.8140576183795929,0.7884905934333801,0.7875926494598389,0.17476719617843628,0.0006607148097828031,0.0006971891270950437,0.0002200800081482157,0.00022435636856243946,36.57419406539106,0.046360535482379554,0.08298417877692453,1.1467721895857153,0.1433465236982144,3.054905414581299,3.080172061920166,4.867345809936523,4.767862796783447,7.096395969390869,-0.672382116317749,1.1589469909667969,0.013865360990166664,0.0117311030626297,0.0017973387148231268,0.004236704204231501,Hard16 stride8 Top10 + global OKLab,validation,0.0,0.0,0.0125,0.065625,0.11875
28,0.00033522953162901103,34.74657729723788,0.9422972202301025,0.9785423278808594,0.002510103164240718,0.9327961206436157,0.9441638588905334,0.8901902437210083,0.8707538843154907,0.8625696897506714,0.07340997457504272,0.0022007455118000507,0.002546103671193123,0.00038092376780696213,0.0003885252808686346,34.191619286113685,0.06841212631964486,0.1208763869950235,1.161039711602701,0.14512996395033761,3.1698811054229736,3.176927089691162,5.663244724273682,5.539624333381653,8.216497421264648,-1.3339077234268188,1.2313473224639893,0.01604168862104416,0.012180754914879799,-0.0036702759098261595,0.002876829821616411,Hard16 stride8 Top10 + global OKLab,validation,0.0,0.0,0.015625,0.065625,0.13125
29,0.00017737364396452904,37.5111091173728,0.9476233720779419,0.9823085069656372,0.0014737254241481423,0.9384510517120361,0.9501169919967651,0.8894846439361572,0.8846754431724548,0.8799149990081787,0.0654415488243103,0.000955531548243016,0.001102678244933486,0.00020258694712538272,0.00020778427278855816,36.93388540091426,0.07579552688897423,0.1362071491455099,1.1717904867678106,0.14647381084597633,3.4203104972839355,3.4648501873016357,4.897608280181885,4.814691662788391,6.448366641998291,-0.45432817935943604,0.5594656467437744,0.010764751583337784,0.009440519846975803,-0.0011532428907230496,0.0014538357499986887,Hard16 stride8 Top10 + global OKLab,validation,0.0,0.0,0.009375,0.06875,0.128125
30,0.00020994273654650897,36.778991461860244,0.9721044301986694,0.9903666377067566,0.002267993986606598,0.9664553999900818,0.9671598076820374,0.9461706280708313,0.9422215223312378,0.9384486079216003,0.02493828535079956,0.0013262773863971233,0.0013546624686568975,0.00027266243705525994,0.00030709424754604697,35.64374687886267,0.1125351351320207,0.21281544380269676,1.4707463679538137,0.18384329599422672,3.6542084217071533,3.7126898765563965,5.144188404083252,5.038234829902649,6.7156219482421875,0.006307074800133705,0.2831532061100006,0.012522906064987183,0.01126821432262659,0.00011370507127139717,0.0007082420052029192,Hard16 stride8 Top10 + global OKLab,validation,0.0,0.0,0.015625,0.046875,0.121875
31,0.00020038285583723336,36.98139438163024,0.9757485389709473,0.991952657699585,0.0018394591752439737,0.9685995578765869,0.9683704376220703,0.9518435597419739,0.9438906908035278,0.9407193064689636,0.02447974681854248,0.0008601979352533817,0.0008983006700873375,0.0002389891305938363,0.0002529889316065237,36.21621850643759,0.0934682770267964,0.16726466700784084,1.2778881126234587,0.15973601407793234,3.733722686767578,3.792670965194702,5.1934003829956055,5.104976177215576,6.902569770812988,-0.370697557926178,0.5599876642227173,0.012143881060183048,0.010589536279439926,-0.0007921250653453171,0.0014867288991808891,Hard16 stride8 Top10 + global OKLab,validation,0.0,0.0,0.009375,0.046875,0.103125
32,0.000222613918595016,36.52447685553703,0.9227983355522156,0.973435640335083,0.0028584119863808155,0.9137698411941528,0.9220284223556519,0.8391095995903015,0.8284960985183716,0.8254677653312683,0.09353232383728027,0.0023329572286456823,0.0030572940595448017,0.0002790653088595718,0.0002952439826913178,35.54294148130761,0.09896833256920408,0.20413132137222662,1.4370956954833138,0.17963696193541423,3.904832124710083,3.9496471881866455,5.2194414138793945,5.093374729156494,7.435123443603516,-0.03845025226473808,0.012834366410970688,0.011523319408297539,0.010092673823237419,-0.00016166482237167656,1.2113232514820993e-05,Hard16 stride8 Top10 + global OKLab,validation,0.0,0.0,0.025,0.0375,0.109375
33,0.00018510852532926947,37.32573578987799,0.9578754305839539,0.985499382019043,0.0010879039764404297,0.9513033628463745,0.9632090330123901,0.9070020914077759,0.894636869430542,0.8914384841918945,0.06857216358184814,0.0007252981886267662,0.0009236610494554043,0.00021680453210137784,0.00021873865625821054,36.639316435079714,0.09496787292927157,0.1730186060204431,1.2019808363213844,0.15024760454017305,3.402458429336548,3.4701757431030273,5.431502342224121,5.33337128162384,7.377141952514648,-0.0022918805480003357,0.29780134558677673,0.01119520328938961,0.009520222432911396,0.00018641140195541084,0.0008310514385811985,Hard16 stride8 Top10 + global OKLab,validation,0.0,0.0,0.021875,0.028125,0.10625
34,0.0001936172047862783,37.130560539916985,0.9742330312728882,0.9912877082824707,0.0027049551717936993,0.9689822196960449,0.9792739152908325,0.9330080449581146,0.9134728908538818,0.9121038913726807,0.06580102443695068,0.0014443052932620049,0.0015515543054789305,0.000271662138402462,0.00030389583844225854,35.65970885059,0.14170987574761187,0.2859219064570654,1.6580242233765985,0.2072530279220748,3.6206789016723633,3.666686534881592,5.043260097503662,4.968137860298157,6.3993120193481445,-0.4934912919998169,0.6647903919219971,0.011812378652393818,0.009791838936507702,-0.0012163363862782717,0.0017360312631353736,Hard16 stride8 Top10 + global OKLab,validation,0.0,0.0,0.01875,0.046875,0.109375
35,0.000251904537435621,35.98764009693215,0.9631249904632568,0.9873025417327881,0.0022941133938729763,0.9531711339950562,0.963544487953186,0.9124043583869934,0.8887530565261841,0.8776055574417114,0.07479143142700195,0.0023171398788690567,0.0034521957859396935,0.0003219636855646968,0.0003311666878289543,34.92193109820475,0.12009120727452413,0.20982593932300367,1.337244684758864,0.167155585594858,3.5179522037506104,3.542764902114868,4.913747787475586,4.827917098999023,6.772394180297852,-0.40141433477401733,0.43388044834136963,0.012426532804965973,0.011055460199713707,-0.0008356171892955899,0.0012307516299188137,Hard16 stride8 Top10 + global OKLab,validation,0.0,0.0,0.015625,0.046875,0.084375
36,0.00020673884137067944,36.845779219781775,0.9834432601928711,0.9942790269851685,0.002655415330082178,0.979017972946167,0.9785676002502441,0.9698323607444763,0.9655861854553223,0.9626070857048035,0.012981414794921875,0.0011335609015077353,0.0014085164293646812,0.00024703831877559423,0.000253883012192091,36.07235676934411,0.0852920163576578,0.15405092242567414,1.2760236193850085,0.15950295242312607,3.696848154067993,3.756817579269409,5.173603057861328,5.076407313346863,7.084610462188721,-0.06418116390705109,0.3239177465438843,0.01225838903337717,0.010912405326962471,-0.00018100457964465022,0.000809832417871803,Hard16 stride8 Top10 + global OKLab,validation,0.0,0.0,0.028125,0.046875,0.15
37,0.00019085749227087945,37.19290786786233,0.9491634368896484,0.9831384420394897,0.0018814010545611382,0.9418653845787048,0.952833890914917,0.9080792367458344,0.8945252895355225,0.8811235427856445,0.05830860137939453,0.0013401086907833815,0.0016811362002044916,0.00023276284628082067,0.0002391019806964323,36.330863407873714,0.08813768073102603,0.15705144352349612,1.2528135031970473,0.15660168789963091,3.0922350883483887,3.110915184020996,4.94696569442749,4.835410952568054,6.822553634643555,-0.25837570428848267,0.4039062261581421,0.01120696309953928,0.01013607531785965,-0.0008438187651336193,0.0008769629639573395,Hard16 stride8 Top10 + global OKLab,validation,0.0,0.0,0.03125,0.046875,0.134375
38,0.0001371974212815985,38.626540514113145,0.913477897644043,0.9809364080429077,0.0009155336883850396,0.9056884050369263,0.95015949010849,0.7643793225288391,0.755393385887146,0.7538971900939941,0.194766104221344,0.0006841995054855943,0.0007304652244783938,0.00017481204122304916,0.000180255501618376,37.574286560459115,0.14398806060679442,0.2579239971570597,1.3289457959735067,0.16611822449668834,2.446528911590576,2.4985427856445312,4.1072516441345215,3.992473840713501,5.556375026702881,-0.017018526792526245,0.16902752220630646,0.032690100371837616,0.015298664569854736,0.0010458447504788637,0.0011727374512702227,Hard16 stride8 Top10 + global OKLab,validation,0.0,0.0,0.021875,0.025,0.11875
39,0.0001673052756814286,37.76490364099124,0.9835764169692993,0.9944450855255127,0.0022248546592891216,0.9799522161483765,0.980225682258606,0.9737159013748169,0.9730169773101807,0.9724479913711548,0.007208704948425293,0.0005416871281340718,0.000644178013317287,0.00019860887550748885,0.00020438967476366088,37.02001347493217,0.07052105810125012,0.1260287272417754,1.231075119789259,0.1538843899736574,3.920233726501465,3.9850635528564453,5.356753826141357,5.264658212661743,7.305190563201904,0.057406745851039886,0.31565147638320923,0.011747941374778748,0.010281088761985302,0.0001754632976371795,0.0008001754758879542,Hard16 stride8 Top10 + global OKLab,validation,0.0,0.0,0.01875,0.0375,0.075
40,0.0001674973900662735,37.75991955723533,0.9552565813064575,0.9849158525466919,0.0020997861865907907,0.9503657817840576,0.9582023620605469,0.8959213197231293,0.8916971683502197,0.8914846777915955,0.06650519371032715,0.0007844511419534683,0.0008542188443243504,0.00019270360644441098,0.00019531310317688622,37.15110157455338,0.06682794651449674,0.11863027137673046,1.1761157970754346,0.14701447463442932,3.8852767944335938,3.950666904449463,5.355058670043945,5.2688939571380615,7.507862567901611,-0.010683592408895493,0.4638690650463104,0.011510062962770462,0.010421494022011757,1.603709279152099e-06,0.0011043576523661613,Hard16 stride8 Top10 + global OKLab,validation,0.0,0.0,0.021875,0.040625,0.121875
41,0.00017288012895733118,37.622549221692594,0.9608572721481323,0.9871972799301147,0.0016415314748883247,0.9555974006652832,0.9616828560829163,0.9257518947124481,0.9144162535667419,0.9090024828910828,0.047266602516174316,0.0006610474083572626,0.0007220831466838717,0.00019929373229388148,0.00020389130077091977,37.00506359468024,0.06662197131604898,0.11922858726161714,1.20010448448935,0.15001306056116875,3.7581844329833984,3.8379745483398438,5.125664234161377,5.040256381034851,6.53200626373291,0.20618893206119537,-0.12510550022125244,0.010660187341272831,0.009355534799396992,0.0005690645193681121,-0.0003559371689334512,Hard16 stride8 Top10 + global OKLab,validation,0.0,0.0,0.009375,0.01875,0.071875
42,0.00015637384785804898,38.058358771113774,0.8961133360862732,0.9637136459350586,0.00133277359418571,0.8934832811355591,0.873794674873352,0.8578505218029022,0.856633186340332,0.8560686111450195,0.01716148853302002,0.0004597713996190578,0.00047909311251714826,0.00018725557310972363,0.00019111456640530378,37.27565247942076,0.07738283385551654,0.1384082758703946,1.240082367704565,0.15501029596307062,3.631650924682617,3.7067034244537354,4.913904190063477,4.8205647468566895,6.833803176879883,-0.0837465301156044,0.24472664296627045,0.0128121143206954,0.011402846314013004,6.785840378142893e-05,0.0007882199133746326,Hard16 stride8 Top10 + global OKLab,validation,0.0,0.0,0.03125,0.034375,0.14375
43,0.0002258127206005156,36.46251596817591,0.8866913318634033,0.9597558975219727,0.002965220483019948,0.8825271129608154,0.8725668787956238,0.838048130273819,0.8337793350219727,0.8301419615745544,0.03878754377365112,0.0010270769707858562,0.0010545530822128057,0.0003054906555917114,0.0003115327635896392,35.15002069503334,0.13024078717477558,0.2395191627006487,1.3848658090418962,0.17310822613023702,2.9360594749450684,2.9755585193634033,4.360615253448486,4.198731422424316,7.232058048248291,-0.37770259380340576,0.09916224330663681,0.010890433564782143,0.009328589774668217,-0.0009199419291689992,0.0004038098850287497,Hard16 stride8 Top10 + global OKLab,validation,0.0,0.0,0.0375,0.05,0.109375
44,0.00018224009545519948,37.39356065786619,0.9355859160423279,0.9779866933822632,0.0017200777074322104,0.933343231678009,0.9517399072647095,0.8631986975669861,0.8618826866149902,0.8610081076622009,0.08985722064971924,0.00047448521945625544,0.0005517744575627148,0.00021404365543276072,0.00022013936904841103,36.694976407629994,0.08070108169918123,0.14241016331953996,1.2160699973540128,0.1520087496692516,3.8159830570220947,3.882640838623047,5.008190155029297,4.927744388580322,6.678615093231201,0.267736554145813,0.039878956973552704,0.011197585612535477,0.009813975542783737,0.000874213466886431,3.200918581569567e-05,Hard16 stride8 Top10 + global OKLab,validation,0.0,0.0,0.025,0.05,0.1125
45,0.0001609381433809176,37.933410131002375,0.967228353023529,0.9886571168899536,0.0019610710442066193,0.9635684490203857,0.9757871627807617,0.9241929352283478,0.8949813842773438,0.8845557570457458,0.08080577850341797,0.0016585742123425007,0.0018790469039231539,0.00020059701637364924,0.00020485224013100378,36.97675530847488,0.11233837718502987,0.20280301637400167,1.3148530964026515,0.16435663705033143,3.593390941619873,3.6718039512634277,5.033680438995361,4.962601661682129,6.639404296875,0.24808844923973083,0.0561252161860466,0.011413037776947021,0.009560341015458107,0.0008183057070709765,9.549132664687932e-05,Hard16 stride8 Top10 + global OKLab,validation,0.0,0.0,0.025,0.03125,0.1125
46,0.00021481844305526465,36.679284353873456,0.9790545701980591,0.9930508136749268,0.002083604224026203,0.9724819660186768,0.9783281683921814,0.9535349905490875,0.9333406686782837,0.9152705073356628,0.044987499713897705,0.0011679945746436715,0.0016410589450970292,0.0002820263907779008,0.0003000623546540737,35.49710250429055,0.14341079369251455,0.25820566798296507,1.4629068349907177,0.18286335437383971,3.885861873626709,3.9596261978149414,5.5752387046813965,5.424196243286133,8.53195571899414,-0.14767731726169586,0.19902105629444122,0.01240505650639534,0.01073586568236351,-0.00034812220837920904,0.0005293998983688653,Hard16 stride8 Top10 + global OKLab,validation,0.0,0.0,0.028125,0.04375,0.14375
47,0.00025897411978803575,35.86743634354409,0.9713274836540222,0.9906558394432068,0.0013238616520538926,0.9615476131439209,0.9624567627906799,0.9450015127658844,0.934918999671936,0.9278569221496582,0.027537763118743896,0.0009383599972352386,0.00114297098480165,0.0003405764000490308,0.00034192167368019,34.677854493962606,0.12738725563842968,0.2264400545868345,1.3718545845887546,0.17148182307359433,3.24495267868042,3.2881228923797607,4.943694591522217,4.834779858589172,7.266726016998291,-0.2031010091304779,0.1999916136264801,0.01276690699160099,0.011175133287906647,-0.00029458189965225756,0.0005780179053544998,Hard16 stride8 Top10 + global OKLab,validation,0.0,0.0,0.015625,0.01875,0.128125
48,0.00022396612621378154,36.49817661625116,0.988884449005127,0.9961507320404053,0.0016389305237680674,0.9863110780715942,0.9867274761199951,0.980836033821106,0.9776896238327026,0.9763625860214233,0.00903785228729248,0.00028456427389755845,0.00030491023790091276,0.0002518275287002325,0.0002568207564763725,35.98896796431826,0.055935534799824736,0.09809010259861393,1.1510983315189487,0.1438872914398686,3.517885684967041,3.570082902908325,4.780637741088867,4.679353356361389,6.407496929168701,-0.11402920633554459,0.2357490360736847,0.01242851186543703,0.010705527849495411,-0.00030642494675703347,0.0005988668417558074,Hard16 stride8 Top10 + global OKLab,validation,0.0,0.0,0.0,0.065625,0.08125
49,0.00020249876251909882,36.93577626438295,0.9711989164352417,0.9902357459068298,0.0022342049051076174,0.9636090993881226,0.9638434648513794,0.9491775929927826,0.9468076229095459,0.9462335109710693,0.017035841941833496,0.0015800758264958858,0.0019207331351935863,0.00030507310293614864,0.0003560946279321797,35.155960806609,0.1622813716563136,0.34273364512910676,1.8233280530523617,0.2279160066315452,3.8155553340911865,3.885796308517456,5.545318126678467,5.3659584522247314,7.936434745788574,-0.38193079829216003,0.5515024065971375,0.01154812891036272,0.010289205238223076,-0.0009278440265916288,0.0014503913698717952,Hard16 stride8 Top10 + global OKLab,validation,0.0,0.0,0.0,0.06875,0.10625
