model,checkpoint,checkpoint_sha256,alpha,psnr,ssim,lpips,local_psnr,p95_mse,gini,ciede2000,clip_fraction,clip_flag_over_1pct,clip_flag_over_5pct
ablation_patch16_128_m64_crop,/mnt/wmcontent/GLX/icassp/MBRS/experiments/runs/ablation_patch16_128_m64_crop/checkpoint_0010.pth,e72d260700724f9d2fbe6e7d332387ce0b104b03ecc63b99cb08aebb2197b5c5,1.0,24.38308231859176,0.753121384382248,0.11128795616328717,23.61880100010462,0.004577179271727801,0.09141735303667399,10.231281452178955,0.0,False,False
ablation_patch16_128_m64_crop,/mnt/wmcontent/GLX/icassp/MBRS/experiments/runs/ablation_patch16_128_m64_crop/checkpoint_0010.pth,e72d260700724f9d2fbe6e7d332387ce0b104b03ecc63b99cb08aebb2197b5c5,1.5,20.965054093038752,0.6120168173313141,0.20847187787294388,20.18110488750699,0.010105321540031582,0.09466452365963528,14.0397731590271,0.04358154162764549,True,False
ablation_patch16_128_m64_crop,/mnt/wmcontent/GLX/icassp/MBRS/experiments/runs/ablation_patch16_128_m64_crop/checkpoint_0010.pth,e72d260700724f9d2fbe6e7d332387ce0b104b03ecc63b99cb08aebb2197b5c5,2.0,18.573727121449885,0.49236109912395476,0.301846387386322,17.77382103115643,0.017612533853389324,0.0980651739853096,17.182200202941896,0.06065104156732559,True,True
ablation_patch16_128_m64_crop,/mnt/wmcontent/GLX/icassp/MBRS/experiments/runs/ablation_patch16_128_m64_crop/checkpoint_0010.pth,e72d260700724f9d2fbe6e7d332387ce0b104b03ecc63b99cb08aebb2197b5c5,2.5,16.752640962984646,0.39511532068252564,0.38502464175224305,15.942032262511354,0.026883269120007755,0.10101062683446141,19.840729751586913,0.07831136137247086,True,True
ablation_patch16_128_m64_crop,/mnt/wmcontent/GLX/icassp/MBRS/experiments/runs/ablation_patch16_128_m64_crop/checkpoint_0010.pth,e72d260700724f9d2fbe6e7d332387ce0b104b03ecc63b99cb08aebb2197b5c5,3.0,15.299237755227427,0.3178149880468845,0.45860390543937685,14.480063432213715,0.03766573563218117,0.10338266967031479,22.140390663146974,0.09673827886581421,True,True
ablation_patch16_128_m64_crop,/mnt/wmcontent/GLX/icassp/MBRS/experiments/runs/ablation_patch16_128_m64_crop/checkpoint_0010.pth,e72d260700724f9d2fbe6e7d332387ce0b104b03ecc63b99cb08aebb2197b5c5,4.0,13.109248788352833,0.20919379465281962,0.5882196700572968,12.281435313275159,0.06243310673162341,0.1065633006527001,25.968748474121092,0.1373022496700287,True,True
ablation_patch16_128_m64_crop,/mnt/wmcontent/GLX/icassp/MBRS/experiments/runs/ablation_patch16_128_m64_crop/checkpoint_0010.pth,e72d260700724f9d2fbe6e7d332387ce0b104b03ecc63b99cb08aebb2197b5c5,5.0,11.542865394647666,0.14159236383624374,0.7012351977825165,10.716832533263835,0.0893379763327539,0.10833287462476042,29.056196517944336,0.18124227225780487,True,True
ablation_patch64_128_m64_crop,/mnt/wmcontent/GLX/icassp/MBRS/experiments/runs/ablation_patch64_128_m64_crop/checkpoint_0010.pth,7c9f79bfb9c3a0d8bf3d0cca38a88f697450e8230ddfe9038b8832b65bda8530,1.0,23.53249079390813,0.7217367017269134,0.1640271922945976,22.69860341728495,0.00566096967086196,0.09760185121874873,11.487039070129395,0.0,False,False
ablation_patch64_128_m64_crop,/mnt/wmcontent/GLX/icassp/MBRS/experiments/runs/ablation_patch64_128_m64_crop/checkpoint_0010.pth,7c9f79bfb9c3a0d8bf3d0cca38a88f697450e8230ddfe9038b8832b65bda8530,1.5,20.134635336921956,0.5741399043798446,0.28952276945114136,19.300357320177678,0.012383173704147338,0.09932086048676642,15.579889583587647,0.04659464582800865,True,False
ablation_patch64_128_m64_crop,/mnt/wmcontent/GLX/icassp/MBRS/experiments/runs/ablation_patch64_128_m64_crop/checkpoint_0010.pth,7c9f79bfb9c3a0d8bf3d0cca38a88f697450e8230ddfe9038b8832b65bda8530,2.0,17.76645240086668,0.45257481187582016,0.4005343851447105,16.933217793731718,0.02136958178598434,0.10082731515446279,18.95329118728638,0.06413818150758743,True,True
ablation_patch64_128_m64_crop,/mnt/wmcontent/GLX/icassp/MBRS/experiments/runs/ablation_patch64_128_m64_crop/checkpoint_0010.pth,7c9f79bfb9c3a0d8bf3d0cca38a88f697450e8230ddfe9038b8832b65bda8530,2.5,15.971216221203662,0.35597289383411407,0.4940398836135864,15.142338224836921,0.03228326316922903,0.10167794588336038,21.819509658813477,0.08253295719623566,True,True
ablation_patch64_128_m64_crop,/mnt/wmcontent/GLX/icassp/MBRS/experiments/runs/ablation_patch64_128_m64_crop/checkpoint_0010.pth,7c9f79bfb9c3a0d8bf3d0cca38a88f697450e8230ddfe9038b8832b65bda8530,3.0,14.547264640220046,0.28057557553052903,0.5746432334184647,13.726405490829166,0.04471397145651281,0.10188959418065294,24.313810997009277,0.10200398415327072,True,True
ablation_patch64_128_m64_crop,/mnt/wmcontent/GLX/icassp/MBRS/experiments/runs/ablation_patch64_128_m64_crop/checkpoint_0010.pth,7c9f79bfb9c3a0d8bf3d0cca38a88f697450e8230ddfe9038b8832b65bda8530,4.0,12.424737147194849,0.17671716514974833,0.7101902389526367,11.623780056334278,0.07236402908340096,0.10094534304887173,28.49436252593994,0.14450033009052277,True,True
ablation_patch64_128_m64_crop,/mnt/wmcontent/GLX/icassp/MBRS/experiments/runs/ablation_patch64_128_m64_crop/checkpoint_0010.pth,7c9f79bfb9c3a0d8bf3d0cca38a88f697450e8230ddfe9038b8832b65bda8530,5.0,10.926574211907818,0.11333411943167448,0.8134159612655639,10.14894009972888,0.10120437134057284,0.09880358880476284,31.875042533874513,0.19119100272655487,True,True
candidate_worst_patch16_weight25_seed17_128_m64_crop,/mnt/wmcontent/GLX/icassp/MBRS/experiments/runs/candidate_worst_patch16_weight25_seed17_128_m64_crop/checkpoint_0100.pth,a45ea6e6534d2d0f4f9d1451e651f0fa7ae9457a15c3913a07aeb210481b9538,1.0,33.186028601100496,0.9267273509502411,0.005883515034802258,32.40016544801544,0.0006113345638732426,0.08794599974489765,5.193004198074341,0.0,False,False
candidate_worst_patch16_weight25_seed17_128_m64_crop,/mnt/wmcontent/GLX/icassp/MBRS/experiments/runs/candidate_worst_patch16_weight25_seed17_128_m64_crop/checkpoint_0100.pth,a45ea6e6534d2d0f4f9d1451e651f0fa7ae9457a15c3913a07aeb210481b9538,1.5,29.708611464978105,0.8682149279117585,0.0130954558448866,28.945087089422913,0.0013498125158366747,0.0854952456425234,7.38960708618164,0.012437337078154087,True,False
candidate_worst_patch16_weight25_seed17_128_m64_crop,/mnt/wmcontent/GLX/icassp/MBRS/experiments/runs/candidate_worst_patch16_weight25_seed17_128_m64_crop/checkpoint_0100.pth,a45ea6e6534d2d0f4f9d1451e651f0fa7ae9457a15c3913a07aeb210481b9538,2.0,27.257835291965755,0.8105536544322968,0.022912240866571666,26.511568500575187,0.002357277568662539,0.08356623151503467,9.33701536178589,0.018002523109316826,True,False
candidate_worst_patch16_weight25_seed17_128_m64_crop,/mnt/wmcontent/GLX/icassp/MBRS/experiments/runs/candidate_worst_patch16_weight25_seed17_128_m64_crop/checkpoint_0100.pth,a45ea6e6534d2d0f4f9d1451e651f0fa7ae9457a15c3913a07aeb210481b9538,2.5,25.369743152677135,0.7562315320968628,0.034992661271244285,24.638600437796057,0.0036200691608246414,0.08198887902120916,11.068023014068604,0.024109292775392532,True,False
candidate_worst_patch16_weight25_seed17_128_m64_crop,/mnt/wmcontent/GLX/icassp/MBRS/experiments/runs/candidate_worst_patch16_weight25_seed17_128_m64_crop/checkpoint_0100.pth,a45ea6e6534d2d0f4f9d1451e651f0fa7ae9457a15c3913a07aeb210481b9538,3.0,23.837433984355727,0.7057764953374863,0.04883933840319514,23.119058611053912,0.005126114969607442,0.08072450153007173,12.615217456817627,0.030583495274186134,True,False
candidate_worst_patch16_weight25_seed17_128_m64_crop,/mnt/wmcontent/GLX/icassp/MBRS/experiments/runs/candidate_worst_patch16_weight25_seed17_128_m64_crop/checkpoint_0100.pth,a45ea6e6534d2d0f4f9d1451e651f0fa7ae9457a15c3913a07aeb210481b9538,4.0,21.44471642527545,0.6161804634332657,0.0797151754051447,20.743162414476732,0.00883322995621711,0.0790779158695595,15.27159330368042,0.044601235538721085,True,False
candidate_worst_patch16_weight25_seed17_128_m64_crop,/mnt/wmcontent/GLX/icassp/MBRS/experiments/runs/candidate_worst_patch16_weight25_seed17_128_m64_crop/checkpoint_0100.pth,a45ea6e6534d2d0f4f9d1451e651f0fa7ae9457a15c3913a07aeb210481b9538,5.0,19.615578011781423,0.5401103729009629,0.11328718628734351,18.925403573302045,0.013398289983160793,0.07815345242150686,17.48901569366455,0.05912841856479645,True,True
candidate_worst_patch16_weight25_seed29_128_m64_crop,/mnt/wmcontent/GLX/icassp/MBRS/experiments/runs/candidate_worst_patch16_weight25_seed29_128_m64_crop/checkpoint_0100.pth,426570e0db56e53ed273689a205c6252dc7648aaf5099178ee0aa691c51ecade,1.0,31.21626832658784,0.9024720394611359,0.012712671756744384,30.691118586543208,0.0008818116929614916,0.05980083650028468,6.2615820503234865,0.0,False,False
candidate_worst_patch16_weight25_seed29_128_m64_crop,/mnt/wmcontent/GLX/icassp/MBRS/experiments/runs/candidate_worst_patch16_weight25_seed29_128_m64_crop/checkpoint_0100.pth,426570e0db56e53ed273689a205c6252dc7648aaf5099178ee0aa691c51ecade,1.5,27.784205475252968,0.8321667563915253,0.027207231866195798,27.256734219590953,0.0019379531749291346,0.059801009444394405,8.785759258270264,0.02549886144697666,True,False
candidate_worst_patch16_weight25_seed29_128_m64_crop,/mnt/wmcontent/GLX/icassp/MBRS/experiments/runs/candidate_worst_patch16_weight25_seed29_128_m64_crop/checkpoint_0100.pth,426570e0db56e53ed273689a205c6252dc7648aaf5099178ee0aa691c51ecade,2.0,25.375235618140234,0.765371977686882,0.045698954965919254,24.840103391641243,0.0033776562369894235,0.060958876308521585,10.964628763198853,0.036202799528837204,True,False
candidate_worst_patch16_weight25_seed29_128_m64_crop,/mnt/wmcontent/GLX/icassp/MBRS/experiments/runs/candidate_worst_patch16_weight25_seed29_128_m64_crop/checkpoint_0100.pth,426570e0db56e53ed273689a205c6252dc7648aaf5099178ee0aa691c51ecade,2.5,23.52464078415951,0.7039793610572815,0.06676664832979441,22.980105584905736,0.005178831040393561,0.06230217307851213,12.86421911239624,0.046831462532281876,True,False
candidate_worst_patch16_weight25_seed29_128_m64_crop,/mnt/wmcontent/GLX/icassp/MBRS/experiments/runs/candidate_worst_patch16_weight25_seed29_128_m64_crop/checkpoint_0100.pth,426570e0db56e53ed273689a205c6252dc7648aaf5099178ee0aa691c51ecade,3.0,22.02612150494946,0.6481524354219437,0.08932908426970243,21.473754617701633,0.0073210341110825534,0.06356661276039689,14.542314052581787,0.057423096150159836,True,True
candidate_worst_patch16_weight25_seed29_128_m64_crop,/mnt/wmcontent/GLX/icassp/MBRS/experiments/runs/candidate_worst_patch16_weight25_seed29_128_m64_crop/checkpoint_0100.pth,426570e0db56e53ed273689a205c6252dc7648aaf5099178ee0aa691c51ecade,4.0,19.692699016963417,0.5519108855724335,0.13724560678005218,19.128127564289237,0.012558830394409597,0.06613983618681568,17.408484382629396,0.07846353948116302,True,True
candidate_worst_patch16_weight25_seed29_128_m64_crop,/mnt/wmcontent/GLX/icassp/MBRS/experiments/runs/candidate_worst_patch16_weight25_seed29_128_m64_crop/checkpoint_0100.pth,426570e0db56e53ed273689a205c6252dc7648aaf5099178ee0aa691c51ecade,5.0,17.91938245582962,0.47343976974487306,0.18599580392241477,17.34260670231254,0.018930482994765043,0.06822273864482614,19.816844024658202,0.09938517212867737,True,True
candidate_worst_patch16_weight50_seed29_128_m64_crop,/mnt/wmcontent/GLX/icassp/MBRS/experiments/runs/candidate_worst_patch16_weight50_seed29_128_m64_crop/checkpoint_0100.pth,4f63b63021b540113475458c9476201c7a659d9e9cc0f02fd4eccdf5d07d3aaa,1.0,34.3864908189869,0.9430387163162232,0.004325215639546513,33.71793565431145,0.000447416353126755,0.07845700586277132,4.617281322479248,0.0,False,False
candidate_worst_patch16_weight50_seed29_128_m64_crop,/mnt/wmcontent/GLX/icassp/MBRS/experiments/runs/candidate_worst_patch16_weight50_seed29_128_m64_crop/checkpoint_0100.pth,4f63b63021b540113475458c9476201c7a659d9e9cc0f02fd4eccdf5d07d3aaa,1.5,30.89599735178934,0.8945920383930206,0.009650089452043176,30.236400780010417,0.000995689131668769,0.0771389942356441,6.645560636520385,0.011164957657456398,True,False
candidate_worst_patch16_weight50_seed29_128_m64_crop,/mnt/wmcontent/GLX/icassp/MBRS/experiments/runs/candidate_worst_patch16_weight50_seed29_128_m64_crop/checkpoint_0100.pth,4f63b63021b540113475458c9476201c7a659d9e9cc0f02fd4eccdf5d07d3aaa,2.0,28.434036493409955,0.8442935693264008,0.01694247396662831,27.782641778571666,0.0017495459085330367,0.07574914994819894,8.480010051727294,0.016278890892863274,True,False
candidate_worst_patch16_weight50_seed29_128_m64_crop,/mnt/wmcontent/GLX/icassp/MBRS/experiments/runs/candidate_worst_patch16_weight50_seed29_128_m64_crop/checkpoint_0100.pth,4f63b63021b540113475458c9476201c7a659d9e9cc0f02fd4eccdf5d07d3aaa,2.5,26.536984250789292,0.7953410291671753,0.02603108823299408,25.89337135796184,0.00270075028820429,0.07437549301429298,10.136724891662597,0.022158203646540642,True,False
candidate_worst_patch16_weight50_seed29_128_m64_crop,/mnt/wmcontent/GLX/icassp/MBRS/experiments/runs/candidate_worst_patch16_weight50_seed29_128_m64_crop/checkpoint_0100.pth,4f63b63021b540113475458c9476201c7a659d9e9cc0f02fd4eccdf5d07d3aaa,3.0,24.996645134717447,0.7488886880874633,0.03668240139260888,24.3604673801685,0.00383850205456838,0.07309428252104312,11.636479988098145,0.028261719271540642,True,False
candidate_worst_patch16_weight50_seed29_128_m64_crop,/mnt/wmcontent/GLX/icassp/MBRS/experiments/runs/candidate_worst_patch16_weight50_seed29_128_m64_crop/checkpoint_0100.pth,4f63b63021b540113475458c9476201c7a659d9e9cc0f02fd4eccdf5d07d3aaa,4.0,22.585965404041982,0.6644936299324036,0.06132272135466337,21.963160424890976,0.006650956962257624,0.07106637933591747,14.248736553192138,0.040733642876148224,True,False
candidate_worst_patch16_weight50_seed29_128_m64_crop,/mnt/wmcontent/GLX/icassp/MBRS/experiments/runs/candidate_worst_patch16_weight50_seed29_128_m64_crop/checkpoint_0100.pth,4f63b63021b540113475458c9476201c7a659d9e9cc0f02fd4eccdf5d07d3aaa,5.0,20.73832937970834,0.5911350041627884,0.08926179207861423,20.127074339744425,0.01012446204200387,0.06944824522495717,16.45953327178955,0.053638916462659836,True,True
candidate_worst_patch16_weight50_seed41_128_m64_crop,/mnt/wmcontent/GLX/icassp/MBRS/experiments/runs/candidate_worst_patch16_weight50_seed41_128_m64_crop/checkpoint_0100.pth,9f1d09c7fcedacd724baf078eaf98a75b328d75e76fc364c0594501363148040,1.0,36.225874928880486,0.9592575538158417,0.003154756217263639,35.568754935900394,0.00029376910206337927,0.07701092999838975,3.7757193756103518,0.0,False,False
candidate_worst_patch16_weight50_seed41_128_m64_crop,/mnt/wmcontent/GLX/icassp/MBRS/experiments/runs/candidate_worst_patch16_weight50_seed41_128_m64_crop/checkpoint_0100.pth,9f1d09c7fcedacd724baf078eaf98a75b328d75e76fc364c0594501363148040,1.5,32.723179377668174,0.9210592997074127,0.007056647362187505,32.070440128585076,0.0006566896158619784,0.07654083739013261,5.52368085861206,0.0075927735306322575,False,False
candidate_worst_patch16_weight50_seed41_128_m64_crop,/mnt/wmcontent/GLX/icassp/MBRS/experiments/runs/candidate_worst_patch16_weight50_seed41_128_m64_crop/checkpoint_0100.pth,9f1d09c7fcedacd724baf078eaf98a75b328d75e76fc364c0594501363148040,2.0,30.24768582689656,0.8797689557075501,0.01249295128043741,29.59964572596542,0.0011591873725410552,0.07608591270328559,7.157809591293335,0.010887044481933117,True,False
candidate_worst_patch16_weight50_seed41_128_m64_crop,/mnt/wmcontent/GLX/icassp/MBRS/experiments/runs/candidate_worst_patch16_weight50_seed41_128_m64_crop/checkpoint_0100.pth,9f1d09c7fcedacd724baf078eaf98a75b328d75e76fc364c0594501363148040,2.5,28.336433365260852,0.8384027242660522,0.019397287825122476,27.69095767997979,0.0017969834944233298,0.07575893486263693,8.677504711151123,0.014814860187470913,True,False
candidate_worst_patch16_weight50_seed41_128_m64_crop,/mnt/wmcontent/GLX/icassp/MBRS/experiments/runs/candidate_worst_patch16_weight50_seed41_128_m64_crop/checkpoint_0100.pth,9f1d09c7fcedacd724baf078eaf98a75b328d75e76fc364c0594501363148040,3.0,26.781831122831306,0.7982417476177216,0.02752204308286309,26.138278516115882,0.0025675816863076763,0.07554399594861869,10.087235565185546,0.018956298008561134,True,False
candidate_worst_patch16_weight50_seed41_128_m64_crop,/mnt/wmcontent/GLX/icassp/MBRS/experiments/runs/candidate_worst_patch16_weight50_seed41_128_m64_crop/checkpoint_0100.pth,9f1d09c7fcedacd724baf078eaf98a75b328d75e76fc364c0594501363148040,4.0,24.344628880488308,0.7232481342554092,0.04657120581716299,23.706253997903218,0.004491122456965968,0.07514449325765599,12.607125434875488,0.028063558042049408,True,False
candidate_worst_patch16_weight50_seed41_128_m64_crop,/mnt/wmcontent/GLX/icassp/MBRS/experiments/runs/candidate_worst_patch16_weight50_seed41_128_m64_crop/checkpoint_0100.pth,9f1d09c7fcedacd724baf078eaf98a75b328d75e76fc364c0594501363148040,5.0,22.47198198792124,0.6559481298923493,0.0686306206136942,21.840147143975535,0.006896284411195666,0.07468442377010033,14.783680686950683,0.037863362580537796,True,False
candidate_worst_patch16_weight75_seed17_128_m64_crop,/mnt/wmcontent/GLX/icassp/MBRS/experiments/runs/candidate_worst_patch16_weight75_seed17_128_m64_crop/checkpoint_0100.pth,d4ad12baeb855e87456df545e8eed0743011bbb9ebdc7b5949dc4a9fef112784,1.0,33.79057028612459,0.936107085943222,0.005784882940351963,33.1416545262564,0.0005193782808782998,0.07857314477418635,4.5879738235473635,0.0,False,False
candidate_worst_patch16_weight75_seed17_128_m64_crop,/mnt/wmcontent/GLX/icassp/MBRS/experiments/runs/candidate_worst_patch16_weight75_seed17_128_m64_crop/checkpoint_0100.pth,d4ad12baeb855e87456df545e8eed0743011bbb9ebdc7b5949dc4a9fef112784,1.5,30.32184456620334,0.8830944502353668,0.013275617631152273,29.69232641010206,0.00114758578594774,0.07606908510456084,6.606631488800049,0.014875895343720913,True,False
candidate_worst_patch16_weight75_seed17_128_m64_crop,/mnt/wmcontent/GLX/icassp/MBRS/experiments/runs/candidate_worst_patch16_weight75_seed17_128_m64_crop/checkpoint_0100.pth,d4ad12baeb855e87456df545e8eed0743011bbb9ebdc7b5949dc4a9fef112784,2.0,27.881993992116154,0.829457801580429,0.023290093652904034,27.268223717916527,0.0020017910131718965,0.07395743713492992,8.430990142822266,0.02157796174287796,True,False
candidate_worst_patch16_weight75_seed17_128_m64_crop,/mnt/wmcontent/GLX/icassp/MBRS/experiments/runs/candidate_worst_patch16_weight75_seed17_128_m64_crop/checkpoint_0100.pth,d4ad12baeb855e87456df545e8eed0743011bbb9ebdc7b5949dc4a9fef112784,2.5,26.0052988628821,0.7781359541416168,0.03543777529150247,25.403997557429065,0.003067759865662083,0.07234759082077219,10.078719968795776,0.028865152969956398,True,False
candidate_worst_patch16_weight75_seed17_128_m64_crop,/mnt/wmcontent/GLX/icassp/MBRS/experiments/runs/candidate_worst_patch16_weight75_seed17_128_m64_crop/checkpoint_0100.pth,d4ad12baeb855e87456df545e8eed0743011bbb9ebdc7b5949dc4a9fef112784,3.0,24.484708645075457,0.7300398802757263,0.04938643442466855,23.893912054971015,0.004333470333367586,0.07108909689242933,11.5715087890625,0.03656819835305214,True,False
candidate_worst_patch16_weight75_seed17_128_m64_crop,/mnt/wmcontent/GLX/icassp/MBRS/experiments/runs/candidate_worst_patch16_weight75_seed17_128_m64_crop/checkpoint_0100.pth,d4ad12baeb855e87456df545e8eed0743011bbb9ebdc7b5949dc4a9fef112784,4.0,22.112731631053315,0.6438325798511505,0.08174556333571673,21.532448769549564,0.007429235999006778,0.06930575393695296,14.175146389007569,0.05189046263694763,True,True
candidate_worst_patch16_weight75_seed17_128_m64_crop,/mnt/wmcontent/GLX/icassp/MBRS/experiments/runs/candidate_worst_patch16_weight75_seed17_128_m64_crop/checkpoint_0100.pth,d4ad12baeb855e87456df545e8eed0743011bbb9ebdc7b5949dc4a9fef112784,5.0,20.301165449469888,0.5698552817106247,0.11799789354205131,19.728066571809574,0.011209245789796114,0.06814010545373177,16.38058485031128,0.06732787936925888,True,True
candidate_worst_patch16_weight75_seed29_128_m64_crop,/mnt/wmcontent/GLX/icassp/MBRS/experiments/runs/candidate_worst_patch16_weight75_seed29_128_m64_crop/checkpoint_0100.pth,e0b80725f451e3c864960bee7af7dded6f59a847fed3801a672b8f8b1431c440,1.0,34.903753115036935,0.9553969097137451,0.006214612447656691,33.96769537619929,0.00046149715228239075,0.11739579470289131,4.210794486999512,0.0,False,False
candidate_worst_patch16_weight75_seed29_128_m64_crop,/mnt/wmcontent/GLX/icassp/MBRS/experiments/runs/candidate_worst_patch16_weight75_seed29_128_m64_crop/checkpoint_0100.pth,e0b80725f451e3c864960bee7af7dded6f59a847fed3801a672b8f8b1431c440,1.5,31.47025668404034,0.9149253857135773,0.012739463783800602,30.549726236522297,0.0009918036044109613,0.11278410807750269,6.043458604812622,0.015224202536046505,True,False
candidate_worst_patch16_weight75_seed29_128_m64_crop,/mnt/wmcontent/GLX/icassp/MBRS/experiments/runs/candidate_worst_patch16_weight75_seed29_128_m64_crop/checkpoint_0100.pth,e0b80725f451e3c864960bee7af7dded6f59a847fed3801a672b8f8b1431c440,2.0,29.04570200678141,0.871252887248993,0.02097614682279527,28.14283577601144,0.001707869658130221,0.10895988240795733,7.710834093093872,0.02050577849149704,True,False
candidate_worst_patch16_weight75_seed29_128_m64_crop,/mnt/wmcontent/GLX/icassp/MBRS/experiments/runs/candidate_worst_patch16_weight75_seed29_128_m64_crop/checkpoint_0100.pth,e0b80725f451e3c864960bee7af7dded6f59a847fed3801a672b8f8b1431c440,2.5,27.175041201556542,0.827658965587616,0.030604528207331897,26.286570787796578,0.0025999768159817903,0.10562995792760614,9.229798574447631,0.026199543848633766,True,False
candidate_worst_patch16_weight75_seed29_128_m64_crop,/mnt/wmcontent/GLX/icassp/MBRS/experiments/runs/candidate_worst_patch16_weight75_seed29_128_m64_crop/checkpoint_0100.pth,e0b80725f451e3c864960bee7af7dded6f59a847fed3801a672b8f8b1431c440,3.0,25.65515493981077,0.7855650043487549,0.0413763440027833,24.782075325805735,0.0036550696403719485,0.10266776783055667,10.615743160247803,0.032152507454156876,True,False
candidate_worst_patch16_weight75_seed29_128_m64_crop,/mnt/wmcontent/GLX/icassp/MBRS/experiments/runs/candidate_worst_patch16_weight75_seed29_128_m64_crop/checkpoint_0100.pth,e0b80725f451e3c864960bee7af7dded6f59a847fed3801a672b8f8b1431c440,4.0,23.274632639311044,0.7076313036680222,0.06505949955433607,22.429055860794993,0.00623960392200388,0.0979978558347473,13.049593505859375,0.044399820268154144,True,False
candidate_worst_patch16_weight75_seed29_128_m64_crop,/mnt/wmcontent/GLX/icassp/MBRS/experiments/runs/candidate_worst_patch16_weight75_seed29_128_m64_crop/checkpoint_0100.pth,e0b80725f451e3c864960bee7af7dded6f59a847fed3801a672b8f8b1431c440,5.0,21.44576211046622,0.638431629538536,0.09052974581718445,20.618366378119926,0.00944236260605976,0.0947171036529238,15.120393676757812,0.05679361894726753,True,True
candidate_worst_patch16_weight75_seed41_128_m64_crop,/mnt/wmcontent/GLX/icassp/MBRS/experiments/runs/candidate_worst_patch16_weight75_seed41_128_m64_crop/checkpoint_0100.pth,5dd6119485fc6f48215326bd088d4405050de34ca605ae2c01414ba2d81e2e1a,1.0,34.95951273270374,0.949600316286087,0.005813753476832062,34.375833783519,0.0003811812352796551,0.0692491440700033,4.359944515228271,0.0,False,False
candidate_worst_patch16_weight75_seed41_128_m64_crop,/mnt/wmcontent/GLX/icassp/MBRS/experiments/runs/candidate_worst_patch16_weight75_seed41_128_m64_crop/checkpoint_0100.pth,5dd6119485fc6f48215326bd088d4405050de34ca605ae2c01414ba2d81e2e1a,1.5,31.46207783511695,0.9038691806793213,0.012443533027544617,30.88489171587568,0.0008503020333591848,0.06852420237637863,6.351111421585083,0.008688964881002903,False,False
candidate_worst_patch16_weight75_seed41_128_m64_crop,/mnt/wmcontent/GLX/icassp/MBRS/experiments/runs/candidate_worst_patch16_weight75_seed41_128_m64_crop/checkpoint_0100.pth,5dd6119485fc6f48215326bd088d4405050de34ca605ae2c01414ba2d81e2e1a,2.0,28.993947255456423,0.8558445549011231,0.021284077242016794,28.421253206916248,0.0014989238150883465,0.0679922441212161,8.18503095626831,0.012979736551642418,True,False
candidate_worst_patch16_weight75_seed41_128_m64_crop,/mnt/wmcontent/GLX/icassp/MBRS/experiments/runs/candidate_worst_patch16_weight75_seed41_128_m64_crop/checkpoint_0100.pth,5dd6119485fc6f48215326bd088d4405050de34ca605ae2c01414ba2d81e2e1a,2.5,27.090851227297716,0.8088034415245056,0.031923021841794255,26.521153006093776,0.002319207069813274,0.06761337345959081,9.862655954360962,0.017788086086511612,True,False
candidate_worst_patch16_weight75_seed41_128_m64_crop,/mnt/wmcontent/GLX/icassp/MBRS/experiments/runs/candidate_worst_patch16_weight75_seed41_128_m64_crop/checkpoint_0100.pth,5dd6119485fc6f48215326bd088d4405050de34ca605ae2c01414ba2d81e2e1a,3.0,25.545411815794186,0.7639399647712708,0.04407576385885477,24.979248569125264,0.0033052359777502715,0.0673098049285377,11.393130760192872,0.023106282576918602,True,False
candidate_worst_patch16_weight75_seed41_128_m64_crop,/mnt/wmcontent/GLX/icassp/MBRS/experiments/runs/candidate_worst_patch16_weight75_seed41_128_m64_crop/checkpoint_0100.pth,5dd6119485fc6f48215326bd088d4405050de34ca605ae2c01414ba2d81e2e1a,4.0,23.12981008189449,0.6818986439704895,0.07101038165390491,22.564257058177496,0.005753764002583921,0.06708872788733515,14.068653106689453,0.03464111313223839,True,False
candidate_worst_patch16_weight75_seed41_128_m64_crop,/mnt/wmcontent/GLX/icassp/MBRS/experiments/runs/candidate_worst_patch16_weight75_seed41_128_m64_crop/checkpoint_0100.pth,5dd6119485fc6f48215326bd088d4405050de34ca605ae2c01414ba2d81e2e1a,5.0,21.282062760567232,0.609901949763298,0.09946339726448059,20.715782238924895,0.008802111567929387,0.06708492190800318,16.322584648132324,0.04699503630399704,True,False
candidate_worst_patch32_topk50_seed29_128_m64_crop,/mnt/wmcontent/GLX/icassp/MBRS/experiments/runs/candidate_worst_patch32_topk50_seed29_128_m64_crop/checkpoint_0100.pth,92946d271b67ff5515e7c06e50765142dd35f4f5b7aa9b02ab933d5bb52b41e6,1.0,33.474541699685425,0.9309005045890808,0.00537192415446043,32.84790179362807,0.0005505781908868812,0.07576122216040762,4.849738564491272,0.0,False,False
candidate_worst_patch32_topk50_seed29_128_m64_crop,/mnt/wmcontent/GLX/icassp/MBRS/experiments/runs/candidate_worst_patch32_topk50_seed29_128_m64_crop/checkpoint_0100.pth,92946d271b67ff5515e7c06e50765142dd35f4f5b7aa9b02ab933d5bb52b41e6,1.5,29.97913242640193,0.8759472763538361,0.01254878963343799,29.351812708043994,0.001230193978990428,0.07560194256763152,6.983800935745239,0.00977376289665699,False,False
candidate_worst_patch32_topk50_seed29_128_m64_crop,/mnt/wmcontent/GLX/icassp/MBRS/experiments/runs/candidate_worst_patch32_topk50_seed29_128_m64_crop/checkpoint_0100.pth,92946d271b67ff5515e7c06e50765142dd35f4f5b7aa9b02ab933d5bb52b41e6,2.0,27.511906446626256,0.8207590949535369,0.022576525211334228,26.88316605763797,0.0021705276612192393,0.07556874161699653,8.900670099258424,0.014110920950770378,True,False
candidate_worst_patch32_topk50_seed29_128_m64_crop,/mnt/wmcontent/GLX/icassp/MBRS/experiments/runs/candidate_worst_patch32_topk50_seed29_128_m64_crop/checkpoint_0100.pth,92946d271b67ff5515e7c06e50765142dd35f4f5b7aa9b02ab933d5bb52b41e6,2.5,25.609649888476397,0.7681147193908692,0.034819958470761775,24.97965380405551,0.0033621852076612412,0.07552670593875363,10.617961292266846,0.019105631858110428,True,False
candidate_worst_patch32_topk50_seed29_128_m64_crop,/mnt/wmcontent/GLX/icassp/MBRS/experiments/runs/candidate_worst_patch32_topk50_seed29_128_m64_crop/checkpoint_0100.pth,92946d271b67ff5515e7c06e50765142dd35f4f5b7aa9b02ab933d5bb52b41e6,3.0,24.06637477677058,0.71886778652668,0.04857457440346479,23.43662551376848,0.004793507326394319,0.0754327466636457,12.161086044311524,0.02471354231238365,True,False
candidate_worst_patch32_topk50_seed29_128_m64_crop,/mnt/wmcontent/GLX/icassp/MBRS/experiments/runs/candidate_worst_patch32_topk50_seed29_128_m64_crop/checkpoint_0100.pth,92946d271b67ff5515e7c06e50765142dd35f4f5b7aa9b02ab933d5bb52b41e6,4.0,21.659369602067923,0.6308764064311981,0.07917930848896504,21.031601660603016,0.008332269506063313,0.07517615730987216,14.825866069793701,0.03693603351712227,True,False
candidate_worst_patch32_topk50_seed29_128_m64_crop,/mnt/wmcontent/GLX/icassp/MBRS/experiments/runs/candidate_worst_patch32_topk50_seed29_128_m64_crop/checkpoint_0100.pth,92946d271b67ff5515e7c06e50765142dd35f4f5b7aa9b02ab933d5bb52b41e6,5.0,19.823619340002217,0.5557953757047653,0.1127293786406517,19.19826654759582,0.012699747788719833,0.07506555903587209,17.06400453567505,0.050233155488967896,True,True
candidate_worst_patch32_topk50_seed41_128_m64_crop,/mnt/wmcontent/GLX/icassp/MBRS/experiments/runs/candidate_worst_patch32_topk50_seed41_128_m64_crop/checkpoint_0100.pth,555d98d102387ead16b354109b6bf26767741d2096fc90b75f9d16b944c439cc,1.0,35.21234139964547,0.9556039083003998,0.005385805024998263,34.39189429367818,0.00043068733350082767,0.11723605387091197,4.087433319091797,0.0,False,False
candidate_worst_patch32_topk50_seed41_128_m64_crop,/mnt/wmcontent/GLX/icassp/MBRS/experiments/runs/candidate_worst_patch32_topk50_seed41_128_m64_crop/checkpoint_0100.pth,555d98d102387ead16b354109b6bf26767741d2096fc90b75f9d16b944c439cc,1.5,31.74656887930224,0.9151268827915192,0.011191125698387623,30.9267354101501,0.0009455375614925288,0.11517353356662317,5.924748592376709,0.011661783792078495,True,False
candidate_worst_patch32_topk50_seed41_128_m64_crop,/mnt/wmcontent/GLX/icassp/MBRS/experiments/runs/candidate_worst_patch32_topk50_seed41_128_m64_crop/checkpoint_0100.pth,555d98d102387ead16b354109b6bf26767741d2096fc90b75f9d16b944c439cc,2.0,29.299860641835128,0.8720666015148163,0.018676924468018115,28.482245050812075,0.0016452261983067728,0.11347323108993516,7.620701446533203,0.016390381380915642,True,False
candidate_worst_patch32_topk50_seed41_128_m64_crop,/mnt/wmcontent/GLX/icassp/MBRS/experiments/runs/candidate_worst_patch32_topk50_seed41_128_m64_crop/checkpoint_0100.pth,555d98d102387ead16b354109b6bf26767741d2096fc90b75f9d16b944c439cc,2.5,27.411225150190162,0.8293661046028137,0.0274403718020767,26.596726022914435,0.00252429568907246,0.11212040666568378,9.182426691055298,0.021479899063706398,True,False
candidate_worst_patch32_topk50_seed41_128_m64_crop,/mnt/wmcontent/GLX/icassp/MBRS/experiments/runs/candidate_worst_patch32_topk50_seed41_128_m64_crop/checkpoint_0100.pth,555d98d102387ead16b354109b6bf26767741d2096fc90b75f9d16b944c439cc,3.0,25.875612200855507,0.7882116258144378,0.037237688936293124,25.064283838446634,0.003580259210430086,0.11104438766026577,10.619106369018555,0.026685791090130806,True,False
candidate_worst_patch32_topk50_seed41_128_m64_crop,/mnt/wmcontent/GLX/icassp/MBRS/experiments/runs/candidate_worst_patch32_topk50_seed41_128_m64_crop/checkpoint_0100.pth,555d98d102387ead16b354109b6bf26767741d2096fc90b75f9d16b944c439cc,4.0,23.46831009908785,0.7119159746170044,0.059176652207970616,22.663691419944463,0.006193093032343313,0.10948331810264986,13.160495185852051,0.03742065280675888,True,False
candidate_worst_patch32_topk50_seed41_128_m64_crop,/mnt/wmcontent/GLX/icassp/MBRS/experiments/runs/candidate_worst_patch32_topk50_seed41_128_m64_crop/checkpoint_0100.pth,555d98d102387ead16b354109b6bf26767741d2096fc90b75f9d16b944c439cc,5.0,21.618266379009683,0.6438693660497665,0.08302066825330258,20.81910749687758,0.009447032031603157,0.10849064354884788,15.330255241394044,0.04843302443623543,True,False
candidate_worst_patch32_weight25_seed29_128_m64_crop,/mnt/wmcontent/GLX/icassp/MBRS/experiments/runs/candidate_worst_patch32_weight25_seed29_128_m64_crop/checkpoint_0100.pth,278986346dfdc3180b235b41b341c3f006e33aa9beed6382395ad180832706eb,1.0,31.719588294582152,0.9095466876029968,0.00982950975652784,31.132284564165307,0.0008012353425147011,0.06670650190133466,6.324765672683716,0.0,False,False
candidate_worst_patch32_weight25_seed29_128_m64_crop,/mnt/wmcontent/GLX/icassp/MBRS/experiments/runs/candidate_worst_patch32_weight25_seed29_128_m64_crop/checkpoint_0100.pth,278986346dfdc3180b235b41b341c3f006e33aa9beed6382395ad180832706eb,1.5,28.24477319685758,0.8454465734958648,0.022464797478169204,27.657009826898346,0.001782811959274113,0.06703642084850499,8.825843620300294,0.01193928997963667,True,False
candidate_worst_patch32_weight25_seed29_128_m64_crop,/mnt/wmcontent/GLX/icassp/MBRS/experiments/runs/candidate_worst_patch32_weight25_seed29_128_m64_crop/checkpoint_0100.pth,278986346dfdc3180b235b41b341c3f006e33aa9beed6382395ad180832706eb,2.0,25.801199608974326,0.7841404092311859,0.039525886196643115,25.20718137560921,0.0031309941329527645,0.06779821024472489,10.954763746261596,0.017859293147921562,True,False
candidate_worst_patch32_weight25_seed29_128_m64_crop,/mnt/wmcontent/GLX/icassp/MBRS/experiments/runs/candidate_worst_patch32_weight25_seed29_128_m64_crop/checkpoint_0100.pth,278986346dfdc3180b235b41b341c3f006e33aa9beed6382395ad180832706eb,2.5,23.92451997709597,0.727152578830719,0.059631257802248004,23.323002697628777,0.004825543254846707,0.06877385451528235,12.790407104492187,0.02449991926550865,True,False
candidate_worst_patch32_weight25_seed29_128_m64_crop,/mnt/wmcontent/GLX/icassp/MBRS/experiments/runs/candidate_worst_patch32_weight25_seed29_128_m64_crop/checkpoint_0100.pth,278986346dfdc3180b235b41b341c3f006e33aa9beed6382395ad180832706eb,3.0,22.40756208986188,0.6747758108377456,0.08179900351911783,21.797072084345096,0.00685523560969159,0.06995358557488268,14.399345912933349,0.03166666626930237,True,False
candidate_worst_patch32_weight25_seed29_128_m64_crop,/mnt/wmcontent/GLX/icassp/MBRS/experiments/runs/candidate_worst_patch32_weight25_seed29_128_m64_crop/checkpoint_0100.pth,278986346dfdc3180b235b41b341c3f006e33aa9beed6382395ad180832706eb,4.0,20.054618517445913,0.5832691138982773,0.12946925237774848,19.42243036200092,0.011856177288573235,0.07246174638706618,17.118717041015625,0.047262370586395264,True,False
candidate_worst_patch32_weight25_seed29_128_m64_crop,/mnt/wmcontent/GLX/icassp/MBRS/experiments/runs/candidate_worst_patch32_weight25_seed29_128_m64_crop/checkpoint_0100.pth,278986346dfdc3180b235b41b341c3f006e33aa9beed6382395ad180832706eb,5.0,18.276104004717862,0.5072397202253341,0.17941736102104186,17.62708036940062,0.017941044196486473,0.07442694252619034,19.369241523742676,0.0640462264418602,True,True
candidate_worst_patch32_weight25_seed41_128_m64_crop,/mnt/wmcontent/GLX/icassp/MBRS/experiments/runs/candidate_worst_patch32_weight25_seed41_128_m64_crop/checkpoint_0100.pth,a1865612759d8d3f4e7800ee82961c5162130874df12ab5b5f84883b0b58fbf0,1.0,34.65210182990133,0.9456372666358948,0.004319537458941341,33.95270073537868,0.0004247511556604877,0.08276298806272114,4.523545393943786,0.0,False,False
candidate_worst_patch32_weight25_seed41_128_m64_crop,/mnt/wmcontent/GLX/icassp/MBRS/experiments/runs/candidate_worst_patch32_weight25_seed41_128_m64_crop/checkpoint_0100.pth,a1865612759d8d3f4e7800ee82961c5162130874df12ab5b5f84883b0b58fbf0,1.5,31.162059078153263,0.8987692475318909,0.009504732019267976,30.473275522812223,0.0009428911239956505,0.08133163287628017,6.536804323196411,0.010127360001206398,True,False
candidate_worst_patch32_weight25_seed41_128_m64_crop,/mnt/wmcontent/GLX/icassp/MBRS/experiments/runs/candidate_worst_patch32_weight25_seed41_128_m64_crop/checkpoint_0100.pth,a1865612759d8d3f4e7800ee82961c5162130874df12ab5b5f84883b0b58fbf0,2.0,28.69548715642019,0.8501302695274353,0.01642966466024518,28.011815813283775,0.0016596141131594777,0.08046750959371478,8.365224332809449,0.014267577789723873,True,False
candidate_worst_patch32_weight25_seed41_128_m64_crop,/mnt/wmcontent/GLX/icassp/MBRS/experiments/runs/candidate_worst_patch32_weight25_seed41_128_m64_crop/checkpoint_0100.pth,a1865612759d8d3f4e7800ee82961c5162130874df12ab5b5f84883b0b58fbf0,2.5,26.790326675304684,0.8026502501964569,0.02504493622109294,26.109522662648796,0.0025686808855971324,0.07988737187720794,10.02104742050171,0.018717041239142418,True,False
candidate_worst_patch32_weight25_seed41_128_m64_crop,/mnt/wmcontent/GLX/icassp/MBRS/experiments/runs/candidate_worst_patch32_weight25_seed41_128_m64_crop/checkpoint_0100.pth,a1865612759d8d3f4e7800ee82961c5162130874df12ab5b5f84883b0b58fbf0,3.0,25.24108446429768,0.7574352669715881,0.0351340720616281,24.56343435551534,0.0036652817425783723,0.07943433429333735,11.523242721557617,0.023602701723575592,True,False
candidate_worst_patch32_weight25_seed41_128_m64_crop,/mnt/wmcontent/GLX/icassp/MBRS/experiments/runs/candidate_worst_patch32_weight25_seed41_128_m64_crop/checkpoint_0100.pth,a1865612759d8d3f4e7800ee82961c5162130874df12ab5b5f84883b0b58fbf0,4.0,22.815745511595598,0.6748951268196106,0.05883197542279959,22.14236390949981,0.006394946672953665,0.07875633108072758,14.144389724731445,0.0340995267033577,True,False
candidate_worst_patch32_weight25_seed41_128_m64_crop,/mnt/wmcontent/GLX/icassp/MBRS/experiments/runs/candidate_worst_patch32_weight25_seed41_128_m64_crop/checkpoint_0100.pth,a1865612759d8d3f4e7800ee82961c5162130874df12ab5b5f84883b0b58fbf0,5.0,20.95596447886558,0.6026863324642181,0.08584535464644433,20.285927201452285,0.009798410134389996,0.07833197106054997,16.364090614318847,0.04536254703998566,True,False
controlled_seed17_excess_patch16_stride16_global_weight50_local_weight50,/mnt/wmcontent/GLX/icassp/MBRS/experiments/runs/controlled_seed17_excess_patch16_stride16_global_weight50_local_weight50/checkpoint_0020.pth,bae9a2f1997fc1c8d18138e6f2203652e8b648508cf6a301224fe8d04ef3ede5,1.0,35.88469931950169,0.9563978755474091,0.002251375315245241,35.13458518853647,0.0003290683871455258,0.09242259584600745,3.821740951538086,0.0,False,False
controlled_seed17_excess_patch16_stride16_global_weight50_local_weight50,/mnt/wmcontent/GLX/icassp/MBRS/experiments/runs/controlled_seed17_excess_patch16_stride16_global_weight50_local_weight50/checkpoint_0020.pth,bae9a2f1997fc1c8d18138e6f2203652e8b648508cf6a301224fe8d04ef3ede5,1.5,32.381570779644704,0.9155858159065247,0.005206961582880467,31.631660961630878,0.0007367925791186281,0.09239789344977048,5.578873672485352,0.008048909716308117,False,False
controlled_seed17_excess_patch16_stride16_global_weight50_local_weight50,/mnt/wmcontent/GLX/icassp/MBRS/experiments/runs/controlled_seed17_excess_patch16_stride16_global_weight50_local_weight50/checkpoint_0020.pth,bae9a2f1997fc1c8d18138e6f2203652e8b648508cf6a301224fe8d04ef3ede5,2.0,29.904062159076204,0.8716070163249969,0.00949146596249193,29.15392311610419,0.0013024744886206462,0.09255944703105837,7.21490234375,0.011464029550552368,True,False
controlled_seed17_excess_patch16_stride16_global_weight50_local_weight50,/mnt/wmcontent/GLX/icassp/MBRS/experiments/runs/controlled_seed17_excess_patch16_stride16_global_weight50_local_weight50/checkpoint_0020.pth,bae9a2f1997fc1c8d18138e6f2203652e8b648508cf6a301224fe8d04ef3ede5,2.5,27.98983153287134,0.8276616775989533,0.015112328305840493,27.238786829039263,0.0020234992605401205,0.09290743547657412,8.730825805664063,0.01537475548684597,True,False
controlled_seed17_excess_patch16_stride16_global_weight50_local_weight50,/mnt/wmcontent/GLX/icassp/MBRS/experiments/runs/controlled_seed17_excess_patch16_stride16_global_weight50_local_weight50/checkpoint_0020.pth,bae9a2f1997fc1c8d18138e6f2203652e8b648508cf6a301224fe8d04ef3ede5,3.0,26.432580834922305,0.7851406836509705,0.021948379883542656,25.678888757841946,0.0028974140144418926,0.09338352091592021,10.131830463409424,0.019726969301700592,True,False
controlled_seed17_excess_patch16_stride16_global_weight50_local_weight50,/mnt/wmcontent/GLX/icassp/MBRS/experiments/runs/controlled_seed17_excess_patch16_stride16_global_weight50_local_weight50/checkpoint_0020.pth,bae9a2f1997fc1c8d18138e6f2203652e8b648508cf6a301224fe8d04ef3ede5,4.0,23.993349110975288,0.7061853867769241,0.039195492081344124,23.23319691880709,0.005085728345438838,0.09442742546520351,12.620693550109863,0.02944376692175865,True,False
controlled_seed17_excess_patch16_stride16_global_weight50_local_weight50,/mnt/wmcontent/GLX/icassp/MBRS/experiments/runs/controlled_seed17_excess_patch16_stride16_global_weight50_local_weight50/checkpoint_0020.pth,bae9a2f1997fc1c8d18138e6f2203652e8b648508cf6a301224fe8d04ef3ede5,5.0,22.122298106948413,0.6358437603712082,0.06013410091400147,21.35779666701593,0.00782639509998262,0.09527926584420458,14.755085659027099,0.040035806596279144,True,False
controlled_seed17_global_continuation,/mnt/wmcontent/GLX/icassp/MBRS/experiments/runs/controlled_seed17_global_continuation/checkpoint_0020.pth,31fddd342f8bd8bd003e4fbc0cf10878035b1cda81d3e10a647833aad84e5248,1.0,36.222525735101684,0.9597028875350953,0.002233172047417611,35.42592541021401,0.0003108426282415167,0.10093777436212466,3.6546008157730103,0.0,False,False
controlled_seed17_global_continuation,/mnt/wmcontent/GLX/icassp/MBRS/experiments/runs/controlled_seed17_global_continuation/checkpoint_0020.pth,31fddd342f8bd8bd003e4fbc0cf10878035b1cda81d3e10a647833aad84e5248,1.5,32.71960220257285,0.9213808906078339,0.0051461757346987725,31.923557468655567,0.0006958528725954238,0.10075743134190245,5.347406888008118,0.007786865346133709,False,False
controlled_seed17_global_continuation,/mnt/wmcontent/GLX/icassp/MBRS/experiments/runs/controlled_seed17_global_continuation/checkpoint_0020.pth,31fddd342f8bd8bd003e4fbc0cf10878035b1cda81d3e10a647833aad84e5248,2.0,30.24177231170699,0.8796331489086151,0.009332574279978871,29.445805739088698,0.001230716524005402,0.100810651866999,6.932239284515381,0.011001383885741234,True,False
controlled_seed17_global_continuation,/mnt/wmcontent/GLX/icassp/MBRS/experiments/runs/controlled_seed17_global_continuation/checkpoint_0020.pth,31fddd342f8bd8bd003e4fbc0cf10878035b1cda81d3e10a647833aad84e5248,2.5,28.32643074919104,0.8375436818599701,0.01480613812804222,27.529947073242557,0.0019121774059021846,0.10105563992308571,8.40885612487793,0.014610189013183117,True,False
controlled_seed17_global_continuation,/mnt/wmcontent/GLX/icassp/MBRS/experiments/runs/controlled_seed17_global_continuation/checkpoint_0020.pth,31fddd342f8bd8bd003e4fbc0cf10878035b1cda81d3e10a647833aad84e5248,3.0,26.767760097484032,0.7965516424179078,0.021411065626889467,25.96997186112614,0.002738691564882174,0.10143542553219613,9.780520181655884,0.018642578274011612,True,False
controlled_seed17_global_continuation,/mnt/wmcontent/GLX/icassp/MBRS/experiments/runs/controlled_seed17_global_continuation/checkpoint_0020.pth,31fddd342f8bd8bd003e4fbc0cf10878035b1cda81d3e10a647833aad84e5248,4.0,24.324931229867506,0.7198462843894958,0.037904536090791224,23.522421500604814,0.004811906308168546,0.10229021090966472,12.232402877807617,0.02763875387609005,True,False
controlled_seed17_global_continuation,/mnt/wmcontent/GLX/icassp/MBRS/experiments/runs/controlled_seed17_global_continuation/checkpoint_0020.pth,31fddd342f8bd8bd003e4fbc0cf10878035b1cda81d3e10a647833aad84e5248,5.0,22.44993909090057,0.650940157175064,0.05789353284984827,21.643847436278485,0.007411797193344683,0.10299966052045713,14.346921977996827,0.03752400726079941,True,False
controlled_seed17_hard_p16_t25_l50,/mnt/wmcontent/GLX/icassp/MBRS/experiments/runs/controlled_seed17_hard_p16_t25_l50/checkpoint_0020.pth,ff0a4c3f0cf5f0ab61e51da23ba2677c2ea446b6e7a0421b6ac53a6a989e8d57,1.0,36.37984862611268,0.9612246322631836,0.0021417918778024615,35.61047610571563,0.00029775229493679946,0.09642993164755048,3.609032473564148,0.0,False,False
controlled_seed17_hard_p16_t25_l50,/mnt/wmcontent/GLX/icassp/MBRS/experiments/runs/controlled_seed17_hard_p16_t25_l50/checkpoint_0020.pth,ff0a4c3f0cf5f0ab61e51da23ba2677c2ea446b6e7a0421b6ac53a6a989e8d57,1.5,32.875241770685165,0.9238902020454407,0.004953881243709475,32.10595169936943,0.0006668563791026827,0.0963937967410138,5.280455827713013,0.007485758513212204,False,False
controlled_seed17_hard_p16_t25_l50,/mnt/wmcontent/GLX/icassp/MBRS/experiments/runs/controlled_seed17_hard_p16_t25_l50/checkpoint_0020.pth,ff0a4c3f0cf5f0ab61e51da23ba2677c2ea446b6e7a0421b6ac53a6a989e8d57,2.0,30.39564154250496,0.8829073297977448,0.00901291084010154,29.626114410489716,0.0011795825668377803,0.09650668246705699,6.845527534484863,0.010594075545668602,True,False
controlled_seed17_hard_p16_t25_l50,/mnt/wmcontent/GLX/icassp/MBRS/experiments/runs/controlled_seed17_hard_p16_t25_l50/checkpoint_0020.pth,ff0a4c3f0cf5f0ab61e51da23ba2677c2ea446b6e7a0421b6ac53a6a989e8d57,2.5,28.478513592252273,0.8413742029666901,0.01434436428360641,27.70818944499849,0.0018335302645573392,0.09678798140778586,8.304068927764893,0.01406046561896801,True,False
controlled_seed17_hard_p16_t25_l50,/mnt/wmcontent/GLX/icassp/MBRS/experiments/runs/controlled_seed17_hard_p16_t25_l50/checkpoint_0020.pth,ff0a4c3f0cf5f0ab61e51da23ba2677c2ea446b6e7a0421b6ac53a6a989e8d57,3.0,26.918081873237686,0.8007914435863495,0.020814437866210938,26.14629776909888,0.0026270191778894514,0.09718006558443394,9.659540996551513,0.018020832911133766,True,False
controlled_seed17_hard_p16_t25_l50,/mnt/wmcontent/GLX/icassp/MBRS/experiments/runs/controlled_seed17_hard_p16_t25_l50/checkpoint_0020.pth,ff0a4c3f0cf5f0ab61e51da23ba2677c2ea446b6e7a0421b6ac53a6a989e8d57,4.0,24.471803682715493,0.7246273839473725,0.03702523432672024,23.693902613749106,0.0046178851509466766,0.09815331258765729,12.084726829528808,0.026754964143037796,True,False
controlled_seed17_hard_p16_t25_l50,/mnt/wmcontent/GLX/icassp/MBRS/experiments/runs/controlled_seed17_hard_p16_t25_l50/checkpoint_0020.pth,ff0a4c3f0cf5f0ab61e51da23ba2677c2ea446b6e7a0421b6ac53a6a989e8d57,5.0,22.59324440693557,0.6560324823856354,0.05663605384528637,21.810600536273974,0.007116100939456373,0.09898229011789032,14.179302520751953,0.036361899226903915,True,False
controlled_seed17_hard_patch16_stride8_top10_global_weight50_local_weight50,/mnt/wmcontent/GLX/icassp/MBRS/experiments/runs/controlled_seed17_hard_patch16_stride8_top10_global_weight50_local_weight50/checkpoint_0020.pth,74fd12a6147b20e68477d9439cf6c416181bc48f07cfa3c3384989f48850f92c,1.0,36.41061260883704,0.9614832425117492,0.0021406502730678765,35.65298752384227,0.00029455477531882936,0.0945688821649359,3.598625340461731,0.0,False,False
controlled_seed17_hard_patch16_stride8_top10_global_weight50_local_weight50,/mnt/wmcontent/GLX/icassp/MBRS/experiments/runs/controlled_seed17_hard_patch16_stride8_top10_global_weight50_local_weight50/checkpoint_0020.pth,74fd12a6147b20e68477d9439cf6c416181bc48f07cfa3c3384989f48850f92c,1.5,32.90573554111221,0.9243540644645691,0.004950014192145318,32.14779276710286,0.0006597851193509995,0.09458183239605863,5.264309244155884,0.007446696050465107,False,False
controlled_seed17_hard_patch16_stride8_top10_global_weight50_local_weight50,/mnt/wmcontent/GLX/icassp/MBRS/experiments/runs/controlled_seed17_hard_patch16_stride8_top10_global_weight50_local_weight50/checkpoint_0020.pth,74fd12a6147b20e68477d9439cf6c416181bc48f07cfa3c3384989f48850f92c,2.0,30.425934981761134,0.8835457980632782,0.009004601216875017,29.667813190816425,0.0011669600891764276,0.09473677523627826,6.82376166343689,0.010541585274040699,True,False
controlled_seed17_hard_patch16_stride8_top10_global_weight50_local_weight50,/mnt/wmcontent/GLX/icassp/MBRS/experiments/runs/controlled_seed17_hard_patch16_stride8_top10_global_weight50_local_weight50/checkpoint_0020.pth,74fd12a6147b20e68477d9439cf6c416181bc48f07cfa3c3384989f48850f92c,2.5,28.508667655469914,0.8421493697166443,0.01433029911480844,27.749665346086868,0.0018141600483795627,0.0950385530070926,8.277014017105103,0.014012044295668602,True,False
controlled_seed17_hard_patch16_stride8_top10_global_weight50_local_weight50,/mnt/wmcontent/GLX/icassp/MBRS/experiments/runs/controlled_seed17_hard_patch16_stride8_top10_global_weight50_local_weight50/checkpoint_0020.pth,74fd12a6147b20e68477d9439cf6c416181bc48f07cfa3c3384989f48850f92c,3.0,26.948100943532438,0.8016736721992492,0.020803164737299085,26.186800704197243,0.0025993508571991696,0.09546832478510259,9.627732934951782,0.01793863996863365,True,False
controlled_seed17_hard_patch16_stride8_top10_global_weight50_local_weight50,/mnt/wmcontent/GLX/icassp/MBRS/experiments/runs/controlled_seed17_hard_patch16_stride8_top10_global_weight50_local_weight50/checkpoint_0020.pth,74fd12a6147b20e68477d9439cf6c416181bc48f07cfa3c3384989f48850f92c,4.0,24.501577695785368,0.7256670773029328,0.03701628210023045,23.73334544262929,0.004569381410256028,0.09653592410729532,12.04550485610962,0.026713866740465164,True,False
controlled_seed17_hard_patch16_stride8_top10_global_weight50_local_weight50,/mnt/wmcontent/GLX/icassp/MBRS/experiments/runs/controlled_seed17_hard_patch16_stride8_top10_global_weight50_local_weight50/checkpoint_0020.pth,74fd12a6147b20e68477d9439cf6c416181bc48f07cfa3c3384989f48850f92c,5.0,22.622847417558475,0.6571848207712173,0.056593801863491534,21.84956297612734,0.007045340284239501,0.09743551871698843,14.134809494018555,0.03630249202251434,True,False
controlled_seed17_hard_patch16_stride8_top25_weight50,/mnt/wmcontent/GLX/icassp/MBRS/experiments/runs/controlled_seed17_hard_patch16_stride8_top25_weight50/checkpoint_0020.pth,ce3949ade1cd298b4c55e5290bff7cc0bf240656172b18b9c72155355591eb16,1.0,36.40604068619167,0.9614506411552429,0.002140083711128682,35.63949084926801,0.0002959639481559861,0.09613841161709315,3.596375813484192,0.0,False,False
controlled_seed17_hard_patch16_stride8_top25_weight50,/mnt/wmcontent/GLX/icassp/MBRS/experiments/runs/controlled_seed17_hard_patch16_stride8_top25_weight50/checkpoint_0020.pth,ce3949ade1cd298b4c55e5290bff7cc0bf240656172b18b9c72155355591eb16,1.5,32.90114837062105,0.924291011095047,0.004947175029665232,32.1344349266265,0.0006628857628675177,0.0961093907909069,5.263213210105896,0.007393798790872097,False,False
controlled_seed17_hard_patch16_stride8_top25_weight50,/mnt/wmcontent/GLX/icassp/MBRS/experiments/runs/controlled_seed17_hard_patch16_stride8_top25_weight50/checkpoint_0020.pth,ce3949ade1cd298b4c55e5290bff7cc0bf240656172b18b9c72155355591eb16,2.0,30.421247392530603,0.8834570813179016,0.008994206874631346,29.654216407191196,0.0011726123135304078,0.09622691412432006,6.824838438034058,0.010496825911104679,True,False
controlled_seed17_hard_patch16_stride8_top25_weight50,/mnt/wmcontent/GLX/icassp/MBRS/experiments/runs/controlled_seed17_hard_patch16_stride8_top25_weight50/checkpoint_0020.pth,ce3949ade1cd298b4c55e5290bff7cc0bf240656172b18b9c72155355591eb16,2.5,28.503817578983025,0.842039841413498,0.014311200613155961,27.735928238096676,0.001822924215812236,0.0965096850860124,8.280941352844238,0.013920491561293602,True,False
controlled_seed17_hard_patch16_stride8_top25_weight50,/mnt/wmcontent/GLX/icassp/MBRS/experiments/runs/controlled_seed17_hard_patch16_stride8_top25_weight50/checkpoint_0020.pth,ce3949ade1cd298b4c55e5290bff7cc0bf240656172b18b9c72155355591eb16,3.0,26.943072662895858,0.8015460216999054,0.020762335089966655,26.17356809112558,0.002612192043452524,0.09690463859420834,9.634823532104493,0.017838135361671448,True,False
controlled_seed17_hard_patch16_stride8_top25_weight50,/mnt/wmcontent/GLX/icassp/MBRS/experiments/runs/controlled_seed17_hard_patch16_stride8_top25_weight50/checkpoint_0020.pth,ce3949ade1cd298b4c55e5290bff7cc0bf240656172b18b9c72155355591eb16,4.0,24.496153253370537,0.7255053383111953,0.03690984832122922,23.7198752568309,0.004592605388024822,0.09789867273381059,12.058501510620117,0.026499023661017418,True,False
controlled_seed17_hard_patch16_stride8_top25_weight50,/mnt/wmcontent/GLX/icassp/MBRS/experiments/runs/controlled_seed17_hard_patch16_stride8_top25_weight50/checkpoint_0020.pth,ce3949ade1cd298b4c55e5290bff7cc0bf240656172b18b9c72155355591eb16,5.0,22.616939319421554,0.6569823938608169,0.056444689668715,21.835781655928475,0.007078844262287021,0.09874345852993356,14.15284423828125,0.036026205867528915,True,False
controlled_seed17_multiscale_patch16_patch32_top25_weight70_weight30_global_weight50_local_weight50,/mnt/wmcontent/GLX/icassp/MBRS/experiments/runs/controlled_seed17_multiscale_patch16_patch32_top25_weight70_weight30_global_weight50_local_weight50/checkpoint_0020.pth,665ef925929c76066ad622a932c3d830fc484c5ae259894066edaf34f1f31cee,1.0,36.34475666864168,0.9609136414527893,0.0021514857490547,35.5752668262247,0.00030010836773726625,0.09641342318537874,3.615294728279114,0.0,False,False
controlled_seed17_multiscale_patch16_patch32_top25_weight70_weight30_global_weight50_local_weight50,/mnt/wmcontent/GLX/icassp/MBRS/experiments/runs/controlled_seed17_multiscale_patch16_patch32_top25_weight70_weight30_global_weight50_local_weight50/checkpoint_0020.pth,665ef925929c76066ad622a932c3d830fc484c5ae259894066edaf34f1f31cee,1.5,32.84028741590245,0.9233693325519562,0.004971423177048564,32.07133581159515,0.000672105352859944,0.09631637018203662,5.289991002082825,0.007545572705566883,False,False
controlled_seed17_multiscale_patch16_patch32_top25_weight70_weight30_global_weight50_local_weight50,/mnt/wmcontent/GLX/icassp/MBRS/experiments/runs/controlled_seed17_multiscale_patch16_patch32_top25_weight70_weight30_global_weight50_local_weight50/checkpoint_0020.pth,665ef925929c76066ad622a932c3d830fc484c5ae259894066edaf34f1f31cee,2.0,30.36093229369724,0.8822220289707183,0.009042714941315352,29.59248226093051,0.0011886507979943417,0.09634298397061077,6.858313808441162,0.010694580152630806,True,False
controlled_seed17_multiscale_patch16_patch32_top25_weight70_weight30_global_weight50_local_weight50,/mnt/wmcontent/GLX/icassp/MBRS/experiments/runs/controlled_seed17_multiscale_patch16_patch32_top25_weight70_weight30_global_weight50_local_weight50/checkpoint_0020.pth,665ef925929c76066ad622a932c3d830fc484c5ae259894066edaf34f1f31cee,2.5,28.444091044725546,0.8405715668201447,0.014381593223661185,27.675198926039165,0.0018473656714195386,0.09656644098637081,8.320072793960572,0.014234619215130806,True,False
controlled_seed17_multiscale_patch16_patch32_top25_weight70_weight30_global_weight50_local_weight50,/mnt/wmcontent/GLX/icassp/MBRS/experiments/runs/controlled_seed17_multiscale_patch16_patch32_top25_weight70_weight30_global_weight50_local_weight50/checkpoint_0020.pth,665ef925929c76066ad622a932c3d830fc484c5ae259894066edaf34f1f31cee,3.0,26.88398973782452,0.7999083852767944,0.02087247227318585,26.114225193490743,0.002646120673744008,0.09690858474056102,9.67861102104187,0.01820882223546505,True,False
controlled_seed17_multiscale_patch16_patch32_top25_weight70_weight30_global_weight50_local_weight50,/mnt/wmcontent/GLX/icassp/MBRS/experiments/runs/controlled_seed17_multiscale_patch16_patch32_top25_weight70_weight30_global_weight50_local_weight50/checkpoint_0020.pth,665ef925929c76066ad622a932c3d830fc484c5ae259894066edaf34f1f31cee,4.0,24.438449098279534,0.7236509335041046,0.03710352625697851,23.66353891799366,0.004650181534234434,0.09780454020646591,12.10951795578003,0.02703287824988365,True,False
controlled_seed17_multiscale_patch16_patch32_top25_weight70_weight30_global_weight50_local_weight50,/mnt/wmcontent/GLX/icassp/MBRS/experiments/runs/controlled_seed17_multiscale_patch16_patch32_top25_weight70_weight30_global_weight50_local_weight50/checkpoint_0020.pth,665ef925929c76066ad622a932c3d830fc484c5ae259894066edaf34f1f31cee,5.0,22.560563207793017,0.6550078815221787,0.05675998240709305,21.781274504258963,0.007163689469452947,0.09857427315717526,14.209147033691407,0.03673461824655533,True,False
controlled_seed17_soft_p16_t025_l50,/mnt/wmcontent/GLX/icassp/MBRS/experiments/runs/controlled_seed17_soft_p16_t025_l50/checkpoint_0020.pth,936c56c8d833e1743eac351ece733c23b7c81e10514efcc957c126f7a498f9f6,1.0,36.310964796364466,0.9605315518379212,0.002163843277376145,35.542397498942655,0.00030153655701724345,0.09588017513774971,3.6418421936035155,0.0,False,False
controlled_seed17_soft_p16_t025_l50,/mnt/wmcontent/GLX/icassp/MBRS/experiments/runs/controlled_seed17_soft_p16_t025_l50/checkpoint_0020.pth,936c56c8d833e1743eac351ece733c23b7c81e10514efcc957c126f7a498f9f6,1.5,32.80686874542457,0.9227886259555816,0.005014830681029707,32.03888306989849,0.0006752404005965218,0.09578368538099821,5.326196279525757,0.007678629364818335,False,False
controlled_seed17_soft_p16_t025_l50,/mnt/wmcontent/GLX/icassp/MBRS/experiments/runs/controlled_seed17_soft_p16_t025_l50/checkpoint_0020.pth,936c56c8d833e1743eac351ece733c23b7c81e10514efcc957c126f7a498f9f6,2.0,30.327846934417803,0.8815105986595154,0.009143685740418732,29.560825736199913,0.0011941876253695226,0.09580469214512399,6.901813478469848,0.010874837636947632,True,False
controlled_seed17_soft_p16_t025_l50,/mnt/wmcontent/GLX/icassp/MBRS/experiments/runs/controlled_seed17_soft_p16_t025_l50/checkpoint_0020.pth,936c56c8d833e1743eac351ece733c23b7c81e10514efcc957c126f7a498f9f6,2.5,28.41131263201842,0.8397782516479492,0.014551585819572211,27.644044774684453,0.0018559036485385149,0.09601750552772353,8.368940334320069,0.014460449106991291,True,False
controlled_seed17_soft_p16_t025_l50,/mnt/wmcontent/GLX/icassp/MBRS/experiments/runs/controlled_seed17_soft_p16_t025_l50/checkpoint_0020.pth,936c56c8d833e1743eac351ece733c23b7c81e10514efcc957c126f7a498f9f6,3.0,26.851470569518227,0.7990625536441803,0.021116931429132818,26.08321609632771,0.0026580382621614264,0.09634978055900888,9.731296501159669,0.018444417044520378,True,False
controlled_seed17_soft_p16_t025_l50,/mnt/wmcontent/GLX/icassp/MBRS/experiments/runs/controlled_seed17_soft_p16_t025_l50/checkpoint_0020.pth,936c56c8d833e1743eac351ece733c23b7c81e10514efcc957c126f7a498f9f6,4.0,24.40647289227161,0.7227473157644272,0.037551746089011434,23.633785706621055,0.004669663150561974,0.09718510720934721,12.16663860321045,0.027367757633328438,True,False
controlled_seed17_soft_p16_t025_l50,/mnt/wmcontent/GLX/icassp/MBRS/experiments/runs/controlled_seed17_soft_p16_t025_l50/checkpoint_0020.pth,936c56c8d833e1743eac351ece733c23b7c81e10514efcc957c126f7a498f9f6,5.0,22.529245806340306,0.6540894424915313,0.05745911251753569,21.752847999199417,0.007192770750261843,0.09791255384482075,14.268375186920165,0.03716186434030533,True,False
controlled_seed17_soft_p16_t05_l50,/mnt/wmcontent/GLX/icassp/MBRS/experiments/runs/controlled_seed17_soft_p16_t05_l50/checkpoint_0020.pth,5e0a918675def7df59d9886c0badd76172b4c6b333b51b6975ccce9e35b8eb45,1.0,36.29989290755395,0.9604820561408997,0.002171983211301267,35.5173519190443,0.0003040137437346857,0.09835448174831159,3.6347020626068116,0.0,False,False
controlled_seed17_soft_p16_t05_l50,/mnt/wmcontent/GLX/icassp/MBRS/experiments/runs/controlled_seed17_soft_p16_t05_l50/checkpoint_0020.pth,5e0a918675def7df59d9886c0badd76172b4c6b333b51b6975ccce9e35b8eb45,1.5,32.79629091918537,0.9226971089839935,0.005020060734823346,32.01444864613022,0.0006805705858278088,0.09822565825749917,5.318317556381226,0.007725830189883709,False,False
controlled_seed17_soft_p16_t05_l50,/mnt/wmcontent/GLX/icassp/MBRS/experiments/runs/controlled_seed17_soft_p16_t05_l50/checkpoint_0020.pth,5e0a918675def7df59d9886c0badd76172b4c6b333b51b6975ccce9e35b8eb45,2.0,30.317833357253154,0.8813961946964264,0.00913518822286278,29.536785532266713,0.0012034909191424958,0.09824652918335854,6.894634904861451,0.010968017391860485,True,False
controlled_seed17_soft_p16_t05_l50,/mnt/wmcontent/GLX/icassp/MBRS/experiments/runs/controlled_seed17_soft_p16_t05_l50/checkpoint_0020.pth,5e0a918675def7df59d9886c0badd76172b4c6b333b51b6975ccce9e35b8eb45,2.5,28.401891350766434,0.8396572792530059,0.014515071688219906,27.620745016531362,0.0018700410815654322,0.09848414261605648,8.36341341972351,0.014608561061322689,True,False
controlled_seed17_soft_p16_t05_l50,/mnt/wmcontent/GLX/icassp/MBRS/experiments/runs/controlled_seed17_soft_p16_t05_l50/checkpoint_0020.pth,5e0a918675def7df59d9886c0badd76172b4c6b333b51b6975ccce9e35b8eb45,3.0,26.84262887379407,0.7989427363872528,0.021043296586722136,26.060466938355706,0.00267808600096032,0.09884069296432893,9.727907676696777,0.018655598163604736,True,False
controlled_seed17_soft_p16_t05_l50,/mnt/wmcontent/GLX/icassp/MBRS/experiments/runs/controlled_seed17_soft_p16_t05_l50/checkpoint_0020.pth,5e0a918675def7df59d9886c0badd76172b4c6b333b51b6975ccce9e35b8eb45,4.0,24.39885571584192,0.7226351183652878,0.037357197366654875,23.611781856325965,0.004703945402288809,0.09974596410495216,12.167470283508301,0.027603760361671448,True,False
controlled_seed17_soft_p16_t05_l50,/mnt/wmcontent/GLX/icassp/MBRS/experiments/runs/controlled_seed17_soft_p16_t05_l50/checkpoint_0020.pth,5e0a918675def7df59d9886c0badd76172b4c6b333b51b6975ccce9e35b8eb45,5.0,22.522848236207437,0.6539812022447586,0.05711941692978144,21.731750074953034,0.007244357196614146,0.10051929181596606,14.272218647003173,0.037460122257471085,True,False
controlled_seed17_soft_p16_t10_l50,/mnt/wmcontent/GLX/icassp/MBRS/experiments/runs/controlled_seed17_soft_p16_t10_l50/checkpoint_0020.pth,f602b02e8649b77d4d524d16ca7a50ea56b039b596ca7d8869c95c3082664a3b,1.0,36.24976335578677,0.9598760855197906,0.002184888911433518,35.45962425391398,0.00030776655141380617,0.09923340390314252,3.6532091665267945,0.0,False,False
controlled_seed17_soft_p16_t10_l50,/mnt/wmcontent/GLX/icassp/MBRS/experiments/runs/controlled_seed17_soft_p16_t10_l50/checkpoint_0020.pth,f602b02e8649b77d4d524d16ca7a50ea56b039b596ca7d8869c95c3082664a3b,1.5,32.74624333902162,0.9216676533222199,0.005057564114686101,31.956561543334466,0.0006890200747875497,0.09910520123150325,5.345524754524231,0.007713622879236937,False,False
controlled_seed17_soft_p16_t10_l50,/mnt/wmcontent/GLX/icassp/MBRS/experiments/runs/controlled_seed17_soft_p16_t10_l50/checkpoint_0020.pth,f602b02e8649b77d4d524d16ca7a50ea56b039b596ca7d8869c95c3082664a3b,2.0,30.267738919788968,0.8800039100646972,0.009206871101632715,29.47862725344628,0.0012183982855640352,0.0991074982299729,6.929836120605469,0.010923258028924465,True,False
controlled_seed17_soft_p16_t10_l50,/mnt/wmcontent/GLX/icassp/MBRS/experiments/runs/controlled_seed17_soft_p16_t10_l50/checkpoint_0020.pth,f602b02e8649b77d4d524d16ca7a50ea56b039b596ca7d8869c95c3082664a3b,2.5,28.35168539236381,0.8379684245586395,0.014629948064684867,27.562374721716324,0.001893232228467241,0.0993019155112693,8.405861988067628,0.014504801481962204,True,False
controlled_seed17_soft_p16_t10_l50,/mnt/wmcontent/GLX/icassp/MBRS/experiments/runs/controlled_seed17_soft_p16_t10_l50/checkpoint_0020.pth,f602b02e8649b77d4d524d16ca7a50ea56b039b596ca7d8869c95c3082664a3b,3.0,26.792314746273235,0.7970120000839234,0.021206153985112906,26.00222810929792,0.0027112497959751636,0.09961458945874599,9.776824398040771,0.01850748620927334,True,False
controlled_seed17_soft_p16_t10_l50,/mnt/wmcontent/GLX/icassp/MBRS/experiments/runs/controlled_seed17_soft_p16_t10_l50/checkpoint_0020.pth,f602b02e8649b77d4d524d16ca7a50ea56b039b596ca7d8869c95c3082664a3b,4.0,24.348114715137083,0.720343011021614,0.03766454404219985,23.55462766300791,0.0047644202446099375,0.10037027366065816,12.22709035873413,0.027417398989200592,True,False
controlled_seed17_soft_p16_t10_l50,/mnt/wmcontent/GLX/icassp/MBRS/experiments/runs/controlled_seed17_soft_p16_t10_l50/checkpoint_0020.pth,f602b02e8649b77d4d524d16ca7a50ea56b039b596ca7d8869c95c3082664a3b,5.0,22.47166827567332,0.6514471566677094,0.05764469284564257,21.675015799325468,0.007340147595386952,0.1010168460850482,14.340139045715333,0.0372123196721077,True,False
fixed_ablation_patch16_128_m64_crop,/mnt/wmcontent/GLX/icassp/MBRS/experiments/runs/fixed_ablation_patch16_128_m64_crop/checkpoint_0100.pth,bac4d13549ceaaacd57e5613e8ae3a3d69a18fb8b2f6a78665a01f698eaa4aed,1.0,35.53683759358542,0.9528788435459137,0.0028524903929792343,34.828741446052014,0.0003478346449264791,0.0814982932012229,4.063235211372375,0.0,False,False
fixed_ablation_patch16_128_m64_crop,/mnt/wmcontent/GLX/icassp/MBRS/experiments/runs/fixed_ablation_patch16_128_m64_crop/checkpoint_0100.pth,bac4d13549ceaaacd57e5613e8ae3a3d69a18fb8b2f6a78665a01f698eaa4aed,1.5,32.030168322474346,0.9098278117179871,0.006652639321982861,31.322938578808415,0.0007793983200099319,0.0813496789025313,5.897979068756103,0.0071777342818677425,False,False
fixed_ablation_patch16_128_m64_crop,/mnt/wmcontent/GLX/icassp/MBRS/experiments/runs/fixed_ablation_patch16_128_m64_crop/checkpoint_0100.pth,bac4d13549ceaaacd57e5613e8ae3a3d69a18fb8b2f6a78665a01f698eaa4aed,2.0,29.549636322018795,0.8638851857185363,0.012084543644450605,28.843880758480747,0.0013793004013132304,0.08125414096913575,7.58828351020813,0.010309651494026184,True,False
fixed_ablation_patch16_128_m64_crop,/mnt/wmcontent/GLX/icassp/MBRS/experiments/runs/fixed_ablation_patch16_128_m64_crop/checkpoint_0100.pth,bac4d13549ceaaacd57e5613e8ae3a3d69a18fb8b2f6a78665a01f698eaa4aed,2.5,27.632947089655325,0.8183488047122955,0.019012842737138273,26.92794908878861,0.002144574921694584,0.08125908235189337,9.141952934265136,0.013871663250029087,True,False
fixed_ablation_patch16_128_m64_crop,/mnt/wmcontent/GLX/icassp/MBRS/experiments/runs/fixed_ablation_patch16_128_m64_crop/checkpoint_0100.pth,bac4d13549ceaaacd57e5613e8ae3a3d69a18fb8b2f6a78665a01f698eaa4aed,3.0,26.073546817840153,0.774583432674408,0.02731502667069435,25.36932097924124,0.0030705438309814783,0.08129084435370816,10.571170635223389,0.017829997465014458,True,False
fixed_ablation_patch16_128_m64_crop,/mnt/wmcontent/GLX/icassp/MBRS/experiments/runs/fixed_ablation_patch16_128_m64_crop/checkpoint_0100.pth,bac4d13549ceaaacd57e5613e8ae3a3d69a18fb8b2f6a78665a01f698eaa4aed,4.0,23.630238961389963,0.6939839589595794,0.04726424790918827,22.928125360392638,0.0053869122336618605,0.08134666690623936,13.107658214569092,0.026774495840072632,True,False
fixed_ablation_patch16_128_m64_crop,/mnt/wmcontent/GLX/icassp/MBRS/experiments/runs/fixed_ablation_patch16_128_m64_crop/checkpoint_0100.pth,bac4d13549ceaaacd57e5613e8ae3a3d69a18fb8b2f6a78665a01f698eaa4aed,5.0,21.755359856253094,0.6228429853916169,0.07099309794604779,21.05531060969994,0.00828646199312061,0.08135941239816287,15.292602729797363,0.03657674044370651,True,False
fixed_ablation_patch64_128_m64_crop,/mnt/wmcontent/GLX/icassp/MBRS/experiments/runs/fixed_ablation_patch64_128_m64_crop/checkpoint_0100.pth,0a56d24fd897e19686bd2c6c9cb4c07ea3374c772cc8d74372505e7790f0615a,1.0,33.10803388651679,0.9273680222034454,0.00673289017751813,32.30059393802973,0.0006246394892514218,0.09280540945184479,5.167087917327881,0.0,False,False
fixed_ablation_patch64_128_m64_crop,/mnt/wmcontent/GLX/icassp/MBRS/experiments/runs/fixed_ablation_patch64_128_m64_crop/checkpoint_0100.pth,0a56d24fd897e19686bd2c6c9cb4c07ea3374c772cc8d74372505e7790f0615a,1.5,29.620020428926264,0.8679608702659607,0.015283912783488632,28.802869005557774,0.0013995667721610516,0.09413544342140627,7.433279390335083,0.011632080189883709,True,False
fixed_ablation_patch64_128_m64_crop,/mnt/wmcontent/GLX/icassp/MBRS/experiments/runs/fixed_ablation_patch64_128_m64_crop/checkpoint_0100.pth,0a56d24fd897e19686bd2c6c9cb4c07ea3374c772cc8d74372505e7790f0615a,2.0,27.16065393093073,0.8085605382919312,0.026888881344348192,26.332430329403152,0.002473381898016669,0.09582577292482275,9.47096794128418,0.017566325142979622,True,False
fixed_ablation_patch64_128_m64_crop,/mnt/wmcontent/GLX/icassp/MBRS/experiments/runs/fixed_ablation_patch64_128_m64_crop/checkpoint_0100.pth,0a56d24fd897e19686bd2c6c9cb4c07ea3374c772cc8d74372505e7790f0615a,2.5,25.265305925604874,0.7521955597400666,0.04114314572885633,24.42718567716697,0.003837016124743968,0.09749954259120247,11.300608139038086,0.024172769859433174,True,False
fixed_ablation_patch64_128_m64_crop,/mnt/wmcontent/GLX/icassp/MBRS/experiments/runs/fixed_ablation_patch64_128_m64_crop/checkpoint_0100.pth,0a56d24fd897e19686bd2c6c9cb4c07ea3374c772cc8d74372505e7790f0615a,3.0,23.727012897328304,0.6997243118286133,0.05728974916040897,22.87977195791408,0.005481397113762796,0.09909912242335674,12.949004020690918,0.03119506873190403,True,False
fixed_ablation_patch64_128_m64_crop,/mnt/wmcontent/GLX/icassp/MBRS/experiments/runs/fixed_ablation_patch64_128_m64_crop/checkpoint_0100.pth,0a56d24fd897e19686bd2c6c9cb4c07ea3374c772cc8d74372505e7790f0615a,4.0,21.324285670680236,0.6066188967227936,0.09392949149012565,20.46198927709214,0.009579153766389936,0.10207158381190698,15.798101863861085,0.04625122249126434,True,False
fixed_ablation_patch64_128_m64_crop,/mnt/wmcontent/GLX/icassp/MBRS/experiments/runs/fixed_ablation_patch64_128_m64_crop/checkpoint_0100.pth,0a56d24fd897e19686bd2c6c9cb4c07ea3374c772cc8d74372505e7790f0615a,5.0,19.488794234505487,0.5279969412088394,0.13386202856898308,18.616221212779234,0.014682101146318018,0.10460692373628876,18.17988618850708,0.0619620755314827,True,True
fixed_ablation_topk10_128_m64_crop,/mnt/wmcontent/GLX/icassp/MBRS/experiments/runs/fixed_ablation_topk10_128_m64_crop/checkpoint_0100.pth,45185dbe49f199664c2373a7e67ef2d1599cf4d7b1a164f73d7ede98dd7d06cc,1.0,32.65316757781613,0.9187542498111725,0.006412867209874094,32.07794953878985,0.0006395966786658391,0.06419185264399394,5.663323245048523,0.0,False,False
fixed_ablation_topk10_128_m64_crop,/mnt/wmcontent/GLX/icassp/MBRS/experiments/runs/fixed_ablation_topk10_128_m64_crop/checkpoint_0100.pth,45185dbe49f199664c2373a7e67ef2d1599cf4d7b1a164f73d7ede98dd7d06cc,1.5,29.16877474858508,0.8549650478363037,0.014324576174840332,28.599401087261402,0.0014247780479490757,0.06341403971010857,8.067288694381714,0.013743896037340164,True,False
fixed_ablation_topk10_128_m64_crop,/mnt/wmcontent/GLX/icassp/MBRS/experiments/runs/fixed_ablation_topk10_128_m64_crop/checkpoint_0100.pth,45185dbe49f199664c2373a7e67ef2d1599cf4d7b1a164f73d7ede98dd7d06cc,2.0,26.71388759772837,0.7924358987808228,0.02518179129809141,26.145401241739975,0.002507575649069622,0.0630532103678198,10.182520370483399,0.02057739347219467,True,False
fixed_ablation_topk10_128_m64_crop,/mnt/wmcontent/GLX/icassp/MBRS/experiments/runs/fixed_ablation_topk10_128_m64_crop/checkpoint_0100.pth,45185dbe49f199664c2373a7e67ef2d1599cf4d7b1a164f73d7ede98dd7d06cc,2.5,24.822994064699948,0.7339078885316849,0.03842758173123002,24.255644822592572,0.0038747348915785552,0.0629218626406466,12.046541633605957,0.027974039316177368,True,False
fixed_ablation_topk10_128_m64_crop,/mnt/wmcontent/GLX/icassp/MBRS/experiments/runs/fixed_ablation_topk10_128_m64_crop/checkpoint_0100.pth,45185dbe49f199664c2373a7e67ef2d1599cf4d7b1a164f73d7ede98dd7d06cc,3.0,23.28868697433426,0.6799582535028458,0.05343331415206194,22.722640045031156,0.005511960710864514,0.06284912687843074,13.700433597564697,0.035795897245407104,True,False
fixed_ablation_topk10_128_m64_crop,/mnt/wmcontent/GLX/icassp/MBRS/experiments/runs/fixed_ablation_topk10_128_m64_crop/checkpoint_0100.pth,45185dbe49f199664c2373a7e67ef2d1599cf4d7b1a164f73d7ede98dd7d06cc,4.0,20.892158966513172,0.5853271132707596,0.08766278684139252,20.329348114742604,0.009544326514005661,0.06273190769763809,16.516468696594238,0.05160969868302345,True,True
fixed_ablation_topk10_128_m64_crop,/mnt/wmcontent/GLX/icassp/MBRS/experiments/runs/fixed_ablation_topk10_128_m64_crop/checkpoint_0100.pth,45185dbe49f199664c2373a7e67ef2d1599cf4d7b1a164f73d7ede98dd7d06cc,5.0,19.05973424018888,0.5063607114553451,0.12584861122071744,18.498557856000115,0.01455048187635839,0.06290325412188898,18.842789974212646,0.0677567571401596,True,True
fixed_ablation_topk50_128_m64_crop,/mnt/wmcontent/GLX/icassp/MBRS/experiments/runs/fixed_ablation_topk50_128_m64_crop/checkpoint_0100.pth,778937ece60ece43e5adf76c4e8d693418fc72557c34838dbd0b85a1656f861d,1.0,34.69069805332938,0.9468217849731445,0.004298019760753959,33.962010629727445,0.0004308269202010706,0.08845889003313044,4.347813782691955,0.0,False,False
fixed_ablation_topk50_128_m64_crop,/mnt/wmcontent/GLX/icassp/MBRS/experiments/runs/fixed_ablation_topk50_128_m64_crop/checkpoint_0100.pth,778937ece60ece43e5adf76c4e8d693418fc72557c34838dbd0b85a1656f861d,1.5,31.20818572545876,0.8998720550537109,0.009872488724067808,30.48883105575671,0.000957334719132632,0.08750277217738985,6.269207210540771,0.012808837927877903,True,False
fixed_ablation_topk50_128_m64_crop,/mnt/wmcontent/GLX/icassp/MBRS/experiments/runs/fixed_ablation_topk50_128_m64_crop/checkpoint_0100.pth,778937ece60ece43e5adf76c4e8d693418fc72557c34838dbd0b85a1656f861d,2.0,28.751600580109393,0.8509674024581909,0.017815486397594213,28.032065411597237,0.0016850786545546726,0.08731451522822774,8.015339403152465,0.01824381574988365,True,False
fixed_ablation_topk50_128_m64_crop,/mnt/wmcontent/GLX/icassp/MBRS/experiments/runs/fixed_ablation_topk50_128_m64_crop/checkpoint_0100.pth,778937ece60ece43e5adf76c4e8d693418fc72557c34838dbd0b85a1656f861d,2.5,26.85721027389071,0.8031173694133759,0.027787312343716623,26.13593483592961,0.0026053300377679987,0.08743587014574711,9.601807250976563,0.024083251133561134,True,False
fixed_ablation_topk50_128_m64_crop,/mnt/wmcontent/GLX/icassp/MBRS/experiments/runs/fixed_ablation_topk50_128_m64_crop/checkpoint_0100.pth,778937ece60ece43e5adf76c4e8d693418fc72557c34838dbd0b85a1656f861d,3.0,25.318414229079472,0.757438827753067,0.03943309718742967,24.59446854144803,0.003710397467948496,0.08773703306936699,11.047900047302246,0.030166829004883766,True,False
fixed_ablation_topk50_128_m64_crop,/mnt/wmcontent/GLX/icassp/MBRS/experiments/runs/fixed_ablation_topk50_128_m64_crop/checkpoint_0100.pth,778937ece60ece43e5adf76c4e8d693418fc72557c34838dbd0b85a1656f861d,4.0,22.911188927409786,0.6738308322429657,0.06612178109586239,22.18546187204569,0.006449541933834553,0.08832173907446479,13.586211433410645,0.04287109524011612,True,False
fixed_ablation_topk50_128_m64_crop,/mnt/wmcontent/GLX/icassp/MBRS/experiments/runs/fixed_ablation_topk50_128_m64_crop/checkpoint_0100.pth,778937ece60ece43e5adf76c4e8d693418fc72557c34838dbd0b85a1656f861d,5.0,21.0669498901178,0.6005731880664825,0.0958532452583313,20.34073916680571,0.00985705259256065,0.08875277315779007,15.745297183990479,0.05606282502412796,True,True
fixed_global_128_m64_crop,/mnt/wmcontent/GLX/icassp/MBRS/experiments/runs/fixed_global_128_m64_crop/checkpoint_0100.pth,e7bb05354d58641ffdab4537652d1f86c150217a786775eaf8bd29f376272310,1.0,33.255489523257566,0.9301267552375794,0.0066058515524491665,32.39025400282108,0.0006136210412660148,0.103204684684575,4.960219368934632,0.0,False,False
fixed_global_128_m64_crop,/mnt/wmcontent/GLX/icassp/MBRS/experiments/runs/fixed_global_128_m64_crop/checkpoint_0100.pth,e7bb05354d58641ffdab4537652d1f86c150217a786775eaf8bd29f376272310,1.5,29.76359251688686,0.8726443171501159,0.01524440121371299,28.904289467399895,0.0013686205603880809,0.10257325660001944,7.141666841506958,0.010617676191031933,True,False
fixed_global_128_m64_crop,/mnt/wmcontent/GLX/icassp/MBRS/experiments/runs/fixed_global_128_m64_crop/checkpoint_0100.pth,e7bb05354d58641ffdab4537652d1f86c150217a786775eaf8bd29f376272310,2.0,27.30141691929431,0.8150359535217285,0.027078289883211256,26.447372626334417,0.0024093477963469923,0.10213330895466434,9.10695502281189,0.015790609642863274,True,False
fixed_global_128_m64_crop,/mnt/wmcontent/GLX/icassp/MBRS/experiments/runs/fixed_global_128_m64_crop/checkpoint_0100.pth,e7bb05354d58641ffdab4537652d1f86c150217a786775eaf8bd29f376272310,2.5,25.403643310392514,0.76016073346138,0.04143215496093035,24.554794856689362,0.0037257356161717325,0.10179382225777653,10.872278327941894,0.02142537385225296,True,False
fixed_global_128_m64_crop,/mnt/wmcontent/GLX/icassp/MBRS/experiments/runs/fixed_global_128_m64_crop/checkpoint_0100.pth,e7bb05354d58641ffdab4537652d1f86c150217a786775eaf8bd29f376272310,3.0,23.863253015874246,0.7088653266429901,0.057846062555909156,23.018881348668803,0.005308370246784762,0.10154765230745606,12.46059658050537,0.027440184727311134,True,False
fixed_global_128_m64_crop,/mnt/wmcontent/GLX/icassp/MBRS/experiments/runs/fixed_global_128_m64_crop/checkpoint_0100.pth,e7bb05354d58641ffdab4537652d1f86c150217a786775eaf8bd29f376272310,4.0,21.459074195054704,0.6174266266822815,0.09560076374560594,20.622075113017058,0.009222557321190834,0.101214277917085,15.200938339233398,0.04044555500149727,True,False
fixed_global_128_m64_crop,/mnt/wmcontent/GLX/icassp/MBRS/experiments/runs/fixed_global_128_m64_crop/checkpoint_0100.pth,e7bb05354d58641ffdab4537652d1f86c150217a786775eaf8bd29f376272310,5.0,19.626196985610957,0.5397630542516708,0.1380293284356594,18.797306413187663,0.014043103321455419,0.10073530249052558,17.496534442901613,0.05427083373069763,True,True
fixed_patch_mean_128_m64_crop,/mnt/wmcontent/GLX/icassp/MBRS/experiments/runs/fixed_patch_mean_128_m64_crop/checkpoint_0100.pth,e3bbc3a30491ea56ae31457e4b23c4e3f58fc28faf630062f80228686634f10a,1.0,34.054292505954244,0.9439131402969361,0.005828071623109281,33.24725446069473,0.0005128104762115982,0.10281132128567812,4.249113087654114,0.0,False,False
fixed_patch_mean_128_m64_crop,/mnt/wmcontent/GLX/icassp/MBRS/experiments/runs/fixed_patch_mean_128_m64_crop/checkpoint_0100.pth,e3bbc3a30491ea56ae31457e4b23c4e3f58fc28faf630062f80228686634f10a,1.5,30.562918187099907,0.8944834613800049,0.013079852852970362,29.75478429124596,0.0011442556005204097,0.10258916071444002,6.16458589553833,0.011423747055232525,True,False
fixed_patch_mean_128_m64_crop,/mnt/wmcontent/GLX/icassp/MBRS/experiments/runs/fixed_patch_mean_128_m64_crop/checkpoint_0100.pth,e3bbc3a30491ea56ae31457e4b23c4e3f58fc28faf630062f80228686634f10a,2.0,28.09930065712212,0.842977557182312,0.022979796789586546,27.290096541477997,0.0020161365647800265,0.10258889570186647,7.92296010017395,0.016529947519302368,True,False
fixed_patch_mean_128_m64_crop,/mnt/wmcontent/GLX/icassp/MBRS/experiments/runs/fixed_patch_mean_128_m64_crop/checkpoint_0100.pth,e3bbc3a30491ea56ae31457e4b23c4e3f58fc28faf630062f80228686634f10a,2.5,26.199754230169336,0.7926402759552001,0.035059007853269576,25.389368017203672,0.003121034768410027,0.10271357840723395,9.529141054153442,0.022097982466220856,True,False
fixed_patch_mean_128_m64_crop,/mnt/wmcontent/GLX/icassp/MBRS/experiments/runs/fixed_patch_mean_128_m64_crop/checkpoint_0100.pth,e3bbc3a30491ea56ae31457e4b23c4e3f58fc28faf630062f80228686634f10a,3.0,24.658410473979927,0.7447116446495056,0.04879137322306633,23.8473923288774,0.004450302550103515,0.102862988516849,10.993380908966065,0.02812499925494194,True,False
fixed_patch_mean_128_m64_crop,/mnt/wmcontent/GLX/icassp/MBRS/experiments/runs/fixed_patch_mean_128_m64_crop/checkpoint_0100.pth,e3bbc3a30491ea56ae31457e4b23c4e3f58fc28faf630062f80228686634f10a,4.0,22.253857588452583,0.6575107908248902,0.08012395784258843,21.442322707843005,0.007732358849607408,0.10300925675008896,13.551026782989503,0.040857747197151184,True,False
fixed_patch_mean_128_m64_crop,/mnt/wmcontent/GLX/icassp/MBRS/experiments/runs/fixed_patch_mean_128_m64_crop/checkpoint_0100.pth,e3bbc3a30491ea56ae31457e4b23c4e3f58fc28faf630062f80228686634f10a,5.0,20.421980741594368,0.5817958956956863,0.11460921242833137,19.613019901616006,0.011752318704966456,0.1027682997765403,15.707555923461914,0.05423421040177345,True,True
fixed_worst_128_m64_crop,/mnt/wmcontent/GLX/icassp/MBRS/experiments/runs/fixed_worst_128_m64_crop/checkpoint_0100.pth,9318a56bb792705db6c1cbe9409e0b2b00323937ce0386ad25e0d6ee3b7e9502,1.0,33.0999272490436,0.9272774302959442,0.00840158450882882,32.39850000794089,0.0006030190030287486,0.07979364422308373,5.088098359107971,0.0,False,False
fixed_worst_128_m64_crop,/mnt/wmcontent/GLX/icassp/MBRS/experiments/runs/fixed_worst_128_m64_crop/checkpoint_0100.pth,9318a56bb792705db6c1cbe9409e0b2b00323937ce0386ad25e0d6ee3b7e9502,1.5,29.638507849657543,0.8691998732089996,0.018140744008123873,28.956721923652523,0.001327822230523452,0.07723455664298355,7.251440315246582,0.015720214694738388,True,False
fixed_worst_128_m64_crop,/mnt/wmcontent/GLX/icassp/MBRS/experiments/runs/fixed_worst_128_m64_crop/checkpoint_0100.pth,9318a56bb792705db6c1cbe9409e0b2b00323937ce0386ad25e0d6ee3b7e9502,2.0,27.202352548771756,0.811273922920227,0.030998372621834278,26.533739226258344,0.002315560122951865,0.07536443642996825,9.173699769973755,0.02270914800465107,True,False
fixed_worst_128_m64_crop,/mnt/wmcontent/GLX/icassp/MBRS/experiments/runs/fixed_worst_128_m64_crop/checkpoint_0100.pth,9318a56bb792705db6c1cbe9409e0b2b00323937ce0386ad25e0d6ee3b7e9502,2.5,25.324837195802168,0.7562604463100433,0.04607702607288957,24.66233331352722,0.003561813359847292,0.0742864076182579,10.888521213531494,0.029782714322209358,True,False
fixed_worst_128_m64_crop,/mnt/wmcontent/GLX/icassp/MBRS/experiments/runs/fixed_worst_128_m64_crop/checkpoint_0100.pth,9318a56bb792705db6c1cbe9409e0b2b00323937ce0386ad25e0d6ee3b7e9502,3.0,23.80046955133588,0.7049611085653305,0.062279667183756826,23.143140369285646,0.005052869650535285,0.07354351353889664,12.427073040008544,0.03696085512638092,True,False
fixed_worst_128_m64_crop,/mnt/wmcontent/GLX/icassp/MBRS/experiments/runs/fixed_worst_128_m64_crop/checkpoint_0100.pth,9318a56bb792705db6c1cbe9409e0b2b00323937ce0386ad25e0d6ee3b7e9502,4.0,21.418113602562975,0.613723571896553,0.0970698381960392,20.76892309245982,0.00871663517318666,0.07242995137660024,15.079702796936035,0.05152547359466553,True,True
fixed_worst_128_m64_crop,/mnt/wmcontent/GLX/icassp/MBRS/experiments/runs/fixed_worst_128_m64_crop/checkpoint_0100.pth,9318a56bb792705db6c1cbe9409e0b2b00323937ce0386ad25e0d6ee3b7e9502,5.0,19.59531259113954,0.5363687109947205,0.13486905470490457,18.953952113248636,0.013231691014952958,0.07165796390399198,17.298688297271728,0.066070556640625,True,True
global_128_m64_crop,/mnt/wmcontent/GLX/icassp/MBRS/experiments/runs/global_128_m64_crop/checkpoint_0100.pth,c45dfd1dabdc0a922b0a82707c48e55a7f2b9343349c8ee64525c3fa1504b4f0,1.0,34.88718039428322,0.9497004497051239,0.0035300171840935944,34.03095681350681,0.0004308254823263269,0.10847859516149655,4.099661717414856,0.0,False,False
global_128_m64_crop,/mnt/wmcontent/GLX/icassp/MBRS/experiments/runs/global_128_m64_crop/checkpoint_0100.pth,c45dfd1dabdc0a922b0a82707c48e55a7f2b9343349c8ee64525c3fa1504b4f0,1.5,31.39867384887793,0.9049216377735138,0.007865352816879749,30.550739650623107,0.0009579094193759375,0.10710179143050327,5.955895643234253,0.010834554210305214,True,False
global_128_m64_crop,/mnt/wmcontent/GLX/icassp/MBRS/experiments/runs/global_128_m64_crop/checkpoint_0100.pth,c45dfd1dabdc0a922b0a82707c48e55a7f2b9343349c8ee64525c3fa1504b4f0,2.0,28.93385420481096,0.8577482163906097,0.01380483752116561,28.09077206139351,0.0016858795448206365,0.10612981749421496,7.667698574066162,0.015205484814941883,True,False
global_128_m64_crop,/mnt/wmcontent/GLX/icassp/MBRS/experiments/runs/global_128_m64_crop/checkpoint_0100.pth,c45dfd1dabdc0a922b0a82707c48e55a7f2b9343349c8ee64525c3fa1504b4f0,2.5,27.03200122579688,0.811313111782074,0.021194110922515393,26.193312598100594,0.0026064139942172915,0.10533846747585393,9.240050344467162,0.019956868141889572,True,False
global_128_m64_crop,/mnt/wmcontent/GLX/icassp/MBRS/experiments/runs/global_128_m64_crop/checkpoint_0100.pth,c45dfd1dabdc0a922b0a82707c48e55a7f2b9343349c8ee64525c3fa1504b4f0,3.0,25.48656184168475,0.7668372690677643,0.02984203189611435,24.653241311839018,0.003712532427161932,0.10466041746729378,10.681674137115479,0.02480224519968033,True,False
global_128_m64_crop,/mnt/wmcontent/GLX/icassp/MBRS/experiments/runs/global_128_m64_crop/checkpoint_0100.pth,c45dfd1dabdc0a922b0a82707c48e55a7f2b9343349c8ee64525c3fa1504b4f0,4.0,23.06774472546997,0.685175895690918,0.050492231547832486,22.24480595187762,0.006450348363723606,0.10336486503474276,13.218871650695801,0.03535563126206398,True,False
global_128_m64_crop,/mnt/wmcontent/GLX/icassp/MBRS/experiments/runs/global_128_m64_crop/checkpoint_0100.pth,c45dfd1dabdc0a922b0a82707c48e55a7f2b9343349c8ee64525c3fa1504b4f0,5.0,21.214278730231626,0.6134073394536972,0.07455401577055454,20.401071618483357,0.009849387051071972,0.10217453827628646,15.376871643066407,0.04652262479066849,True,False
nocrop_global_128_m64,/mnt/wmcontent/GLX/icassp/MBRS/experiments/runs/nocrop_global_128_m64/checkpoint_0100.pth,93c069f370577085bdb3536ba0953905ce115148c92959ff891a4b52b92cd503,1.0,37.34657321620407,0.9732623517513275,0.0035265556862577796,36.127625867345024,0.0002752925277309259,0.1620702865601001,2.907350625991821,0.0,False,False
nocrop_global_128_m64,/mnt/wmcontent/GLX/icassp/MBRS/experiments/runs/nocrop_global_128_m64/checkpoint_0100.pth,93c069f370577085bdb3536ba0953905ce115148c92959ff891a4b52b92cd503,1.5,33.85721714169078,0.9482999742031097,0.008571634124964476,32.64618802416494,0.0006133508250059094,0.161117139397495,4.25379985332489,0.006751709152013063,False,False
nocrop_global_128_m64,/mnt/wmcontent/GLX/icassp/MBRS/experiments/runs/nocrop_global_128_m64/checkpoint_0100.pth,93c069f370577085bdb3536ba0953905ce115148c92959ff891a4b52b92cd503,2.0,31.3922236231651,0.9204581928253174,0.015871488875709473,30.18896328634959,0.0010798686265479772,0.16022999282776898,5.521081881523132,0.009193521924316883,False,False
nocrop_global_128_m64,/mnt/wmcontent/GLX/icassp/MBRS/experiments/runs/nocrop_global_128_m64/checkpoint_0100.pth,93c069f370577085bdb3536ba0953905ce115148c92959ff891a4b52b92cd503,2.5,29.487427066677547,0.8913314807415008,0.025124238207936286,28.290596144704228,0.001671435772732366,0.15952226805154424,6.7116233921051025,0.011816813610494137,True,False
nocrop_global_128_m64,/mnt/wmcontent/GLX/icassp/MBRS/experiments/runs/nocrop_global_128_m64/checkpoint_0100.pth,93c069f370577085bdb3536ba0953905ce115148c92959ff891a4b52b92cd503,3.0,27.93840553482724,0.8618613171577454,0.035848804470151666,26.74810368404983,0.0023833879292942586,0.15888702309055883,7.829053449630737,0.014629312790930271,True,False
nocrop_global_128_m64,/mnt/wmcontent/GLX/icassp/MBRS/experiments/runs/nocrop_global_128_m64/checkpoint_0100.pth,93c069f370577085bdb3536ba0953905ce115148c92959ff891a4b52b92cd503,4.0,25.5124010581293,0.8038385546207428,0.06040408406406641,24.331944142582284,0.004145926219644025,0.157764285629606,9.864636011123658,0.02077392488718033,True,False
nocrop_global_128_m64,/mnt/wmcontent/GLX/icassp/MBRS/experiments/runs/nocrop_global_128_m64/checkpoint_0100.pth,93c069f370577085bdb3536ba0953905ce115148c92959ff891a4b52b92cd503,5.0,23.652964612552,0.7487120288610458,0.08762837767601013,22.481587953070093,0.0063270943786483255,0.15667535162363438,11.668731803894042,0.02764322981238365,True,False
optimization_global_seed17_128_m64_crop,/mnt/wmcontent/GLX/icassp/MBRS/experiments/runs/optimization_global_seed17_128_m64_crop/checkpoint_0100.pth,1a82ec4f9559c5861fdcbd51ddd76b4ecce2507e7ecf8c1a7e63a9ea6cce2907,1.0,34.662164993179026,0.9445008492469787,0.004562637745402753,33.95223919567461,0.00042449025422683915,0.08434208091435755,4.533848929405212,0.0,False,False
optimization_global_seed17_128_m64_crop,/mnt/wmcontent/GLX/icassp/MBRS/experiments/runs/optimization_global_seed17_128_m64_crop/checkpoint_0100.pth,1a82ec4f9559c5861fdcbd51ddd76b4ecce2507e7ecf8c1a7e63a9ea6cce2907,1.5,31.166492945728645,0.8958067190647125,0.010053813229314984,30.457723124052876,0.0009492389764636755,0.08435318711285554,6.563634948730469,0.009888916276395321,False,False
optimization_global_seed17_128_m64_crop,/mnt/wmcontent/GLX/icassp/MBRS/experiments/runs/optimization_global_seed17_128_m64_crop/checkpoint_0100.pth,1a82ec4f9559c5861fdcbd51ddd76b4ecce2507e7ecf8c1a7e63a9ea6cce2907,2.0,28.700538962679218,0.8454520094394684,0.017636740887537597,27.989761147390627,0.0016760143643477932,0.084683718922436,8.415030632019043,0.01474812813103199,True,False
optimization_global_seed17_128_m64_crop,/mnt/wmcontent/GLX/icassp/MBRS/experiments/runs/optimization_global_seed17_128_m64_crop/checkpoint_0100.pth,1a82ec4f9559c5861fdcbd51ddd76b4ecce2507e7ecf8c1a7e63a9ea6cce2907,2.5,26.799542934042037,0.7964767491817475,0.02718652656301856,26.086460441387995,0.0025983678846387193,0.08518644090749668,10.096336174011231,0.020170491188764572,True,False
optimization_global_seed17_128_m64_crop,/mnt/wmcontent/GLX/icassp/MBRS/experiments/runs/optimization_global_seed17_128_m64_crop/checkpoint_0100.pth,1a82ec4f9559c5861fdcbd51ddd76b4ecce2507e7ecf8c1a7e63a9ea6cce2907,3.0,25.255747501688383,0.7499419784545899,0.0383810730651021,24.539235760039038,0.003712096263188869,0.08580465127105134,11.621993923187256,0.026059569790959358,True,False
optimization_global_seed17_128_m64_crop,/mnt/wmcontent/GLX/icassp/MBRS/experiments/runs/optimization_global_seed17_128_m64_crop/checkpoint_0100.pth,1a82ec4f9559c5861fdcbd51ddd76b4ecce2507e7ecf8c1a7e63a9ea6cce2907,4.0,22.843839116854237,0.6651964908838273,0.0642757585644722,22.119882888418093,0.006481274391990155,0.08711141311111019,14.274251518249512,0.03873128071427345,True,False
optimization_global_seed17_128_m64_crop,/mnt/wmcontent/GLX/icassp/MBRS/experiments/runs/optimization_global_seed17_128_m64_crop/checkpoint_0100.pth,1a82ec4f9559c5861fdcbd51ddd76b4ecce2507e7ecf8c1a7e63a9ea6cce2907,5.0,21.0002105452045,0.591278789639473,0.09310257732868195,20.269658934027536,0.0099328104685992,0.08832307990378821,16.501914157867432,0.052131347358226776,True,True
optimization_global_seed29_128_m64_crop,/mnt/wmcontent/GLX/icassp/MBRS/experiments/runs/optimization_global_seed29_128_m64_crop/checkpoint_0100.pth,f840be4fa0345035b31dcf23e2616388103b5e397a601b9e578f51e00a51f44c,1.0,34.849029234013564,0.9490530574321747,0.004885340838227421,34.041266917832665,0.0004303176252869889,0.1005652085953264,4.3372818994522095,0.0,False,False
optimization_global_seed29_128_m64_crop,/mnt/wmcontent/GLX/icassp/MBRS/experiments/runs/optimization_global_seed29_128_m64_crop/checkpoint_0100.pth,f840be4fa0345035b31dcf23e2616388103b5e397a601b9e578f51e00a51f44c,1.5,31.362410839024957,0.9034082531929016,0.011461643218062818,30.556659954837006,0.0009569418057799339,0.0997615483256329,6.288969449996948,0.012360840104520321,True,False
optimization_global_seed29_128_m64_crop,/mnt/wmcontent/GLX/icassp/MBRS/experiments/runs/optimization_global_seed29_128_m64_crop/checkpoint_0100.pth,f840be4fa0345035b31dcf23e2616388103b5e397a601b9e578f51e00a51f44c,2.0,28.900802020052836,0.8554013192653656,0.020757791865617038,28.098027232416815,0.0016800799814518542,0.09904059408562915,8.076915340423584,0.016817627474665642,True,False
optimization_global_seed29_128_m64_crop,/mnt/wmcontent/GLX/icassp/MBRS/experiments/runs/optimization_global_seed29_128_m64_crop/checkpoint_0100.pth,f840be4fa0345035b31dcf23e2616388103b5e397a601b9e578f51e00a51f44c,2.5,27.003033356125904,0.8082716500759125,0.03245636656880379,26.204611981271963,0.00258877404674422,0.09830928070408086,9.707937746047973,0.021837972104549408,True,False
optimization_global_seed29_128_m64_crop,/mnt/wmcontent/GLX/icassp/MBRS/experiments/runs/optimization_global_seed29_128_m64_crop/checkpoint_0100.pth,f840be4fa0345035b31dcf23e2616388103b5e397a601b9e578f51e00a51f44c,3.0,25.46205002304732,0.7632519114017486,0.046223552636802195,24.669870096295718,0.003675107569433749,0.0975493152524907,11.195512256622315,0.02735595777630806,True,False
optimization_global_seed29_128_m64_crop,/mnt/wmcontent/GLX/icassp/MBRS/experiments/runs/optimization_global_seed29_128_m64_crop/checkpoint_0100.pth,f840be4fa0345035b31dcf23e2616388103b5e397a601b9e578f51e00a51f44c,4.0,23.052633507045464,0.6808728569746018,0.07767529547214508,22.271819122967102,0.006350693486165255,0.09616053086791577,13.803431434631348,0.03929199278354645,True,False
optimization_global_seed29_128_m64_crop,/mnt/wmcontent/GLX/icassp/MBRS/experiments/runs/optimization_global_seed29_128_m64_crop/checkpoint_0100.pth,f840be4fa0345035b31dcf23e2616388103b5e397a601b9e578f51e00a51f44c,5.0,21.207464550009526,0.60872778236866,0.11263320736587047,20.43367601216429,0.009659791947342455,0.09497159364636029,16.01953817367554,0.051892902702093124,True,True
optimization_global_seed41_128_m64_crop,/mnt/wmcontent/GLX/icassp/MBRS/experiments/runs/optimization_global_seed41_128_m64_crop/checkpoint_0100.pth,b81a5859e8cc9ca08b8af98b65696a978d74600c55733d8bc537e3a8c1ae1cc6,1.0,34.60323804672044,0.9480102896690369,0.007076059342361987,33.727054040125175,0.0004499664722243324,0.10350240775810639,4.089388318061829,0.0,False,False
optimization_global_seed41_128_m64_crop,/mnt/wmcontent/GLX/icassp/MBRS/experiments/runs/optimization_global_seed41_128_m64_crop/checkpoint_0100.pth,b81a5859e8cc9ca08b8af98b65696a978d74600c55733d8bc537e3a8c1ae1cc6,1.5,31.120725176230014,0.9030920350551606,0.015865446403622627,30.24999069380378,0.0010018754797056317,0.1031852671125529,5.958275718688965,0.010857746936380863,True,False
optimization_global_seed41_128_m64_crop,/mnt/wmcontent/GLX/icassp/MBRS/experiments/runs/optimization_global_seed41_128_m64_crop/checkpoint_0100.pth,b81a5859e8cc9ca08b8af98b65696a978d74600c55733d8bc537e3a8c1ae1cc6,2.0,28.66691902282199,0.8563151741027832,0.027667431365698575,27.800380208775767,0.001761868263129145,0.10308819266428268,7.696125688552857,0.015817463397979736,True,False
optimization_global_seed41_128_m64_crop,/mnt/wmcontent/GLX/icassp/MBRS/experiments/runs/optimization_global_seed41_128_m64_crop/checkpoint_0100.pth,b81a5859e8cc9ca08b8af98b65696a978d74600c55733d8bc537e3a8c1ae1cc6,2.5,26.77700990040373,0.8104057323932647,0.041867096945643424,25.914269938847834,0.002720966167980805,0.10301400131098377,9.30896330833435,0.021239014342427254,True,False
optimization_global_seed41_128_m64_crop,/mnt/wmcontent/GLX/icassp/MBRS/experiments/runs/optimization_global_seed41_128_m64_crop/checkpoint_0100.pth,b81a5859e8cc9ca08b8af98b65696a978d74600c55733d8bc537e3a8c1ae1cc6,3.0,25.2432506511987,0.766419404745102,0.05794246841222048,24.38344330857516,0.0038720387464854867,0.10298076909639209,10.804949073791503,0.02700602263212204,True,False
optimization_global_seed41_128_m64_crop,/mnt/wmcontent/GLX/icassp/MBRS/experiments/runs/optimization_global_seed41_128_m64_crop/checkpoint_0100.pth,b81a5859e8cc9ca08b8af98b65696a978d74600c55733d8bc537e3a8c1ae1cc6,4.0,22.847221145413485,0.6854457831382752,0.09361131146550178,21.99391876686859,0.006716897457372397,0.10302126395455025,13.480775260925293,0.03890340030193329,True,False
optimization_global_seed41_128_m64_crop,/mnt/wmcontent/GLX/icassp/MBRS/experiments/runs/optimization_global_seed41_128_m64_crop/checkpoint_0100.pth,b81a5859e8cc9ca08b8af98b65696a978d74600c55733d8bc537e3a8c1ae1cc6,5.0,21.01373405769276,0.6138529628515244,0.1310251584649086,20.16318797037753,0.010237494253087788,0.10327543878690003,15.79538818359375,0.051331378519535065,True,True
optimization_patch_mean_seed17_128_m64_crop,/mnt/wmcontent/GLX/icassp/MBRS/experiments/runs/optimization_patch_mean_seed17_128_m64_crop/checkpoint_0100.pth,c0e88c117bc7a555df2430ca3b4a17fd5e94c7d570e8b6f7877f116f9b36b5a5,1.0,34.56616531220789,0.9543473970890045,0.004777452107518911,34.00103818116325,0.0005725444445124594,0.13548063579772407,4.157767381668091,0.0,False,False
optimization_patch_mean_seed17_128_m64_crop,/mnt/wmcontent/GLX/icassp/MBRS/experiments/runs/optimization_patch_mean_seed17_128_m64_crop/checkpoint_0100.pth,c0e88c117bc7a555df2430ca3b4a17fd5e94c7d570e8b6f7877f116f9b36b5a5,1.5,31.08475590854205,0.9121261870861054,0.010186687726527453,30.513206880786107,0.0012686809644219465,0.13444590928272301,6.033489789962768,0.009306233376264572,False,False
optimization_patch_mean_seed17_128_m64_crop,/mnt/wmcontent/GLX/icassp/MBRS/experiments/runs/optimization_patch_mean_seed17_128_m64_crop/checkpoint_0100.pth,c0e88c117bc7a555df2430ca3b4a17fd5e94c7d570e8b6f7877f116f9b36b5a5,2.0,28.644911826872708,0.8669942426681518,0.017244916465133427,28.056372870675503,0.002205479611293413,0.13344924838928518,7.758774375915527,0.013473307713866234,True,False
optimization_patch_mean_seed17_128_m64_crop,/mnt/wmcontent/GLX/icassp/MBRS/experiments/runs/optimization_patch_mean_seed17_128_m64_crop/checkpoint_0100.pth,c0e88c117bc7a555df2430ca3b4a17fd5e94c7d570e8b6f7877f116f9b36b5a5,2.5,26.774234429936072,0.8221554589271546,0.02570566814392805,26.164355919675494,0.003365121155511588,0.13263857570484489,9.339335451126098,0.01819051057100296,True,False
optimization_patch_mean_seed17_128_m64_crop,/mnt/wmcontent/GLX/icassp/MBRS/experiments/runs/optimization_patch_mean_seed17_128_m64_crop/checkpoint_0100.pth,c0e88c117bc7a555df2430ca3b4a17fd5e94c7d570e8b6f7877f116f9b36b5a5,3.0,25.26736554649731,0.778983166217804,0.03542826848104596,24.631659583139335,0.004719884453807026,0.13187663326050644,10.784113445281982,0.02354736253619194,True,False
optimization_patch_mean_seed17_128_m64_crop,/mnt/wmcontent/GLX/icassp/MBRS/experiments/runs/optimization_patch_mean_seed17_128_m64_crop/checkpoint_0100.pth,c0e88c117bc7a555df2430ca3b4a17fd5e94c7d570e8b6f7877f116f9b36b5a5,4.0,22.933242068480553,0.6993171578645706,0.05772185403853655,22.24548371538171,0.007921928686555476,0.13031107794710592,13.315169067382813,0.03522501513361931,True,False
optimization_patch_mean_seed17_128_m64_crop,/mnt/wmcontent/GLX/icassp/MBRS/experiments/runs/optimization_patch_mean_seed17_128_m64_crop/checkpoint_0100.pth,c0e88c117bc7a555df2430ca3b4a17fd5e94c7d570e8b6f7877f116f9b36b5a5,5.0,21.157595807733966,0.6287757515907287,0.08245866850018502,20.426870813774183,0.011697619296610355,0.1288765211753452,15.454186782836913,0.04770100861787796,True,False
optimization_patch_mean_seed29_128_m64_crop,/mnt/wmcontent/GLX/icassp/MBRS/experiments/runs/optimization_patch_mean_seed29_128_m64_crop/checkpoint_0100.pth,58a52569b1755f44154201dc6c7a4dd7bb9deeb26f07a98d8a7a61643e4fcbcf,1.0,33.71988067278738,0.9378972744941712,0.005718238349072635,33.02383075518246,0.00053156837268034,0.08364798046663718,5.019359321594238,0.0,False,False
optimization_patch_mean_seed29_128_m64_crop,/mnt/wmcontent/GLX/icassp/MBRS/experiments/runs/optimization_patch_mean_seed29_128_m64_crop/checkpoint_0100.pth,58a52569b1755f44154201dc6c7a4dd7bb9deeb26f07a98d8a7a61643e4fcbcf,1.5,30.228716828349185,0.8852286028862,0.01308357335627079,29.530126440143917,0.001187489142175764,0.08442388799789918,7.183053464889526,0.011746419593691826,True,False
optimization_patch_mean_seed29_128_m64_crop,/mnt/wmcontent/GLX/icassp/MBRS/experiments/runs/optimization_patch_mean_seed29_128_m64_crop/checkpoint_0100.pth,58a52569b1755f44154201dc6c7a4dd7bb9deeb26f07a98d8a7a61643e4fcbcf,2.0,27.76634617356737,0.8316266906261444,0.023103677043691276,27.063382725331326,0.002093025577487424,0.08563805255945685,9.11392107963562,0.016984863206744194,True,False
optimization_patch_mean_seed29_128_m64_crop,/mnt/wmcontent/GLX/icassp/MBRS/experiments/runs/optimization_patch_mean_seed29_128_m64_crop/checkpoint_0100.pth,58a52569b1755f44154201dc6c7a4dd7bb9deeb26f07a98d8a7a61643e4fcbcf,2.5,25.86785522154417,0.78008558511734,0.03524842564016581,25.159855536131744,0.003238058872520924,0.08682918805944642,10.838285121917725,0.022864989936351776,True,False
optimization_patch_mean_seed29_128_m64_crop,/mnt/wmcontent/GLX/icassp/MBRS/experiments/runs/optimization_patch_mean_seed29_128_m64_crop/checkpoint_0100.pth,58a52569b1755f44154201dc6c7a4dd7bb9deeb26f07a98d8a7a61643e4fcbcf,3.0,24.326167556774468,0.7315878117084503,0.049263057466596365,23.61199153690757,0.0046152542449999605,0.0880171601993906,12.386196327209472,0.029180094599723816,True,False
optimization_patch_mean_seed29_128_m64_crop,/mnt/wmcontent/GLX/icassp/MBRS/experiments/runs/optimization_patch_mean_seed29_128_m64_crop/checkpoint_0100.pth,58a52569b1755f44154201dc6c7a4dd7bb9deeb26f07a98d8a7a61643e4fcbcf,4.0,21.91671189211842,0.644415413737297,0.08117195330560208,21.1888906188516,0.008036900137085468,0.09033743985416648,15.060773181915284,0.04244628921151161,True,False
optimization_patch_mean_seed29_128_m64_crop,/mnt/wmcontent/GLX/icassp/MBRS/experiments/runs/optimization_patch_mean_seed29_128_m64_crop/checkpoint_0100.pth,58a52569b1755f44154201dc6c7a4dd7bb9deeb26f07a98d8a7a61643e4fcbcf,5.0,20.07550023978569,0.5695891755819321,0.1163536037504673,19.33693649778979,0.01226862910669297,0.09223871493495196,17.312983894348143,0.05657918378710747,True,True
optimization_patch_mean_seed41_128_m64_crop,/mnt/wmcontent/GLX/icassp/MBRS/experiments/runs/optimization_patch_mean_seed41_128_m64_crop/checkpoint_0100.pth,a6598774a6c625b983c2fc8600251f45cd4ad5c6132d9d6db8fa745982219813,1.0,32.900109173484395,0.9368891334533691,0.013542206380516291,31.92328575531449,0.0007716725893260445,0.14745413867259277,5.119948482513427,0.0,False,False
optimization_patch_mean_seed41_128_m64_crop,/mnt/wmcontent/GLX/icassp/MBRS/experiments/runs/optimization_patch_mean_seed41_128_m64_crop/checkpoint_0100.pth,a6598774a6c625b983c2fc8600251f45cd4ad5c6132d9d6db8fa745982219813,1.5,29.431618305020187,0.884771728515625,0.02871394298039377,28.45710624701599,0.0016994139275630005,0.14572615790604154,7.312462224960327,0.015016683377325535,True,False
optimization_patch_mean_seed41_128_m64_crop,/mnt/wmcontent/GLX/icassp/MBRS/experiments/runs/optimization_patch_mean_seed41_128_m64_crop/checkpoint_0100.pth,a6598774a6c625b983c2fc8600251f45cd4ad5c6132d9d6db8fa745982219813,2.0,26.991387808784687,0.8318037343025207,0.04762941504828632,26.021061211054402,0.0029515802522655575,0.1440087146390594,9.265663833618165,0.021341552957892418,True,False
optimization_patch_mean_seed41_128_m64_crop,/mnt/wmcontent/GLX/icassp/MBRS/experiments/runs/optimization_patch_mean_seed41_128_m64_crop/checkpoint_0100.pth,a6598774a6c625b983c2fc8600251f45cd4ad5c6132d9d6db8fa745982219813,2.5,25.114011331620407,0.780773668885231,0.0692206460237503,24.14910305844964,0.0045112546515883875,0.1424114365555481,11.017609710693359,0.028177082538604736,True,False
optimization_patch_mean_seed41_128_m64_crop,/mnt/wmcontent/GLX/icassp/MBRS/experiments/runs/optimization_patch_mean_seed41_128_m64_crop/checkpoint_0100.pth,a6598774a6c625b983c2fc8600251f45cd4ad5c6132d9d6db8fa745982219813,3.0,23.59201978033786,0.7326013642549515,0.09212946183979512,22.631194668860044,0.006366119468584657,0.14103426436609873,12.601890201568603,0.035376790910959244,True,False
optimization_patch_mean_seed41_128_m64_crop,/mnt/wmcontent/GLX/icassp/MBRS/experiments/runs/optimization_patch_mean_seed41_128_m64_crop/checkpoint_0100.pth,a6598774a6c625b983c2fc8600251f45cd4ad5c6132d9d6db8fa745982219813,4.0,21.215272511542143,0.6455326062440873,0.13849792189896107,20.260463859496085,0.010918359076604246,0.1389789486921341,15.36671859741211,0.05031575635075569,True,True
optimization_patch_mean_seed41_128_m64_crop,/mnt/wmcontent/GLX/icassp/MBRS/experiments/runs/optimization_patch_mean_seed41_128_m64_crop/checkpoint_0100.pth,a6598774a6c625b983c2fc8600251f45cd4ad5c6132d9d6db8fa745982219813,5.0,19.39875263825315,0.5703979873657227,0.18389593929052353,18.44968439078436,0.016523010421078652,0.13753363272457306,17.71669059753418,0.06566528230905533,True,True
optimization_worst_seed17_128_m64_crop,/mnt/wmcontent/GLX/icassp/MBRS/experiments/runs/optimization_worst_seed17_128_m64_crop/checkpoint_0100.pth,2847d938ee9449a0380e603e70b77c711f77d3511d3fc285347c89d2360dfac9,1.0,32.68708003623143,0.9180178284645081,0.006619005787651986,32.08694558542672,0.0006448634597472847,0.06571051452417874,5.359297499656678,0.0,False,False
optimization_worst_seed17_128_m64_crop,/mnt/wmcontent/GLX/icassp/MBRS/experiments/runs/optimization_worst_seed17_128_m64_crop/checkpoint_0100.pth,2847d938ee9449a0380e603e70b77c711f77d3511d3fc285347c89d2360dfac9,1.5,29.191270156681384,0.8535818266868591,0.01581702127121389,28.59134097616092,0.0014419375167926774,0.06568814739940743,7.688608026504516,0.010228271596133709,True,False
optimization_worst_seed17_128_m64_crop,/mnt/wmcontent/GLX/icassp/MBRS/experiments/runs/optimization_worst_seed17_128_m64_crop/checkpoint_0100.pth,2847d938ee9449a0380e603e70b77c711f77d3511d3fc285347c89d2360dfac9,2.0,26.725201466308263,0.790966523885727,0.028523326124995946,26.12350672644522,0.0025449830142315476,0.06589340957906216,9.774931793212891,0.015304768458008766,True,False
optimization_worst_seed17_128_m64_crop,/mnt/wmcontent/GLX/icassp/MBRS/experiments/runs/optimization_worst_seed17_128_m64_crop/checkpoint_0100.pth,2847d938ee9449a0380e603e70b77c711f77d3511d3fc285347c89d2360dfac9,2.5,24.823710944899066,0.7327120381593705,0.04423305047675967,24.220683788275,0.003944251098437235,0.06615749395355479,11.64274471282959,0.02098754793405533,True,False
optimization_worst_seed17_128_m64_crop,/mnt/wmcontent/GLX/icassp/MBRS/experiments/runs/optimization_worst_seed17_128_m64_crop/checkpoint_0100.pth,2847d938ee9449a0380e603e70b77c711f77d3511d3fc285347c89d2360dfac9,3.0,23.279645872266734,0.6792075914144516,0.062302724160254,22.675819220654713,0.00563101582461968,0.06640491776824306,13.320505771636963,0.027103271335363388,True,False
optimization_worst_seed17_128_m64_crop,/mnt/wmcontent/GLX/icassp/MBRS/experiments/runs/optimization_worst_seed17_128_m64_crop/checkpoint_0100.pth,2847d938ee9449a0380e603e70b77c711f77d3511d3fc285347c89d2360dfac9,4.0,20.86734447290577,0.5855442208051681,0.10400386177003383,20.260612859752747,0.009832478244788945,0.0670860822649276,16.21328201293945,0.040534261614084244,True,False
optimization_worst_seed17_128_m64_crop,/mnt/wmcontent/GLX/icassp/MBRS/experiments/runs/optimization_worst_seed17_128_m64_crop/checkpoint_0100.pth,2847d938ee9449a0380e603e70b77c711f77d3511d3fc285347c89d2360dfac9,5.0,19.023346057676328,0.5073049935698509,0.15068123675882816,18.40948562102924,0.01507329696789384,0.06795224115079707,18.634410552978515,0.05469563975930214,True,True
optimization_worst_seed29_128_m64_crop,/mnt/wmcontent/GLX/icassp/MBRS/experiments/runs/optimization_worst_seed29_128_m64_crop/checkpoint_0100.pth,e5cd9fcfb071a0b247a04144eb425e28727b07005e43e54013c9a0ab164b47b3,1.0,31.299517149511026,0.9126571464538574,0.019411407811567187,30.257615730632214,0.001008903839974664,0.12182795085069617,6.151793098449707,0.0,False,False
optimization_worst_seed29_128_m64_crop,/mnt/wmcontent/GLX/icassp/MBRS/experiments/runs/optimization_worst_seed29_128_m64_crop/checkpoint_0100.pth,e5cd9fcfb071a0b247a04144eb425e28727b07005e43e54013c9a0ab164b47b3,1.5,27.872947548472506,0.8496241986751556,0.041431931108236314,26.865746793776896,0.002205749014974572,0.11778627521668467,8.607133150100708,0.02078450471162796,True,False
optimization_worst_seed29_128_m64_crop,/mnt/wmcontent/GLX/icassp/MBRS/experiments/runs/optimization_worst_seed29_128_m64_crop/checkpoint_0100.pth,e5cd9fcfb071a0b247a04144eb425e28727b07005e43e54013c9a0ab164b47b3,2.0,25.473539719592438,0.7888670265674591,0.06680693790316582,24.489716951293882,0.003809223712887615,0.11546357468444592,10.713436450958252,0.029532063752412796,True,False
optimization_worst_seed29_128_m64_crop,/mnt/wmcontent/GLX/icassp/MBRS/experiments/runs/optimization_worst_seed29_128_m64_crop/checkpoint_0100.pth,e5cd9fcfb071a0b247a04144eb425e28727b07005e43e54013c9a0ab164b47b3,2.5,23.63770423434554,0.7323216754198074,0.0936154380440712,22.663936054045706,0.005790135621791706,0.11424304466060921,12.539809265136718,0.038736164569854736,True,False
optimization_worst_seed29_128_m64_crop,/mnt/wmcontent/GLX/icassp/MBRS/experiments/runs/optimization_worst_seed29_128_m64_crop/checkpoint_0100.pth,e5cd9fcfb071a0b247a04144eb425e28727b07005e43e54013c9a0ab164b47b3,3.0,22.15830058293395,0.6803534615039826,0.12081974476575852,21.187380233354528,0.008123398388270288,0.11383204655351588,14.143359718322754,0.04817301407456398,True,False
optimization_worst_seed29_128_m64_crop,/mnt/wmcontent/GLX/icassp/MBRS/experiments/runs/optimization_worst_seed29_128_m64_crop/checkpoint_0100.pth,e5cd9fcfb071a0b247a04144eb425e28727b07005e43e54013c9a0ab164b47b3,4.0,19.87126798242086,0.5894334894418717,0.17450881481170655,18.907107541503624,0.013701742659322917,0.11354785808856345,16.84839563369751,0.0671590194106102,True,True
optimization_worst_seed29_128_m64_crop,/mnt/wmcontent/GLX/icassp/MBRS/experiments/runs/optimization_worst_seed29_128_m64_crop/checkpoint_0100.pth,e5cd9fcfb071a0b247a04144eb425e28727b07005e43e54013c9a0ab164b47b3,5.0,18.151407580464753,0.5137535655498504,0.22597332775592804,17.19582632436403,0.020211097309365867,0.1126814344752383,19.06734172821045,0.08669677376747131,True,True
optimization_worst_seed41_128_m64_crop,/mnt/wmcontent/GLX/icassp/MBRS/experiments/runs/optimization_worst_seed41_128_m64_crop/checkpoint_0100.pth,d36706a8bfd2e1a4f21e254c70aa653a2dd7377e2484509afe6849290ee5c104,1.0,33.790343987572854,0.936729621887207,0.007647829162888229,33.12176558861933,0.0005135180724028032,0.08163773537935541,4.780861015319824,0.0,False,False
optimization_worst_seed41_128_m64_crop,/mnt/wmcontent/GLX/icassp/MBRS/experiments/runs/optimization_worst_seed41_128_m64_crop/checkpoint_0100.pth,d36706a8bfd2e1a4f21e254c70aa653a2dd7377e2484509afe6849290ee5c104,1.5,30.301815169783318,0.8844124698638915,0.017030026623979212,29.645505668444983,0.0011397826246684417,0.08019208124056623,6.9567841625213624,0.010065510869026184,True,False
optimization_worst_seed41_128_m64_crop,/mnt/wmcontent/GLX/icassp/MBRS/experiments/runs/optimization_worst_seed41_128_m64_crop/checkpoint_0100.pth,d36706a8bfd2e1a4f21e254c70aa653a2dd7377e2484509afe6849290ee5c104,2.0,27.843808551134348,0.8316122841835022,0.029496524799615145,27.199991958444695,0.0019989499606890603,0.07862525916613897,8.949431467056275,0.015110677108168602,True,False
optimization_worst_seed41_128_m64_crop,/mnt/wmcontent/GLX/icassp/MBRS/experiments/runs/optimization_worst_seed41_128_m64_crop/checkpoint_0100.pth,d36706a8bfd2e1a4f21e254c70aa653a2dd7377e2484509afe6849290ee5c104,2.5,25.950180938148986,0.7810417878627777,0.04418368693441153,25.31808879301647,0.003078453348716721,0.07711966596897984,10.758462867736817,0.020720621570944786,True,False
optimization_worst_seed41_128_m64_crop,/mnt/wmcontent/GLX/icassp/MBRS/experiments/runs/optimization_worst_seed41_128_m64_crop/checkpoint_0100.pth,d36706a8bfd2e1a4f21e254c70aa653a2dd7377e2484509afe6849290ee5c104,3.0,24.413712581529296,0.7334813702106476,0.06039036687463522,23.790189315674994,0.004371389711741358,0.07583325618383413,12.394953556060791,0.026795247569680214,True,False
optimization_worst_seed41_128_m64_crop,/mnt/wmcontent/GLX/icassp/MBRS/experiments/runs/optimization_worst_seed41_128_m64_crop/checkpoint_0100.pth,d36706a8bfd2e1a4f21e254c70aa653a2dd7377e2484509afe6849290ee5c104,4.0,22.01407750640449,0.6476909375190735,0.09488738231360912,21.402952647100577,0.00756394317606464,0.07387559971014761,15.220545749664307,0.0396931953728199,True,False
optimization_worst_seed41_128_m64_crop,/mnt/wmcontent/GLX/icassp/MBRS/experiments/runs/optimization_worst_seed41_128_m64_crop/checkpoint_0100.pth,d36706a8bfd2e1a4f21e254c70aa653a2dd7377e2484509afe6849290ee5c104,5.0,20.179945970219983,0.573555081486702,0.13039841756224632,19.577600616345958,0.011500035976059735,0.07247182153066332,17.571405792236327,0.053376056253910065,True,True
optimization_worst_weight25_seed17_128_m64_crop,/mnt/wmcontent/GLX/icassp/MBRS/experiments/runs/optimization_worst_weight25_seed17_128_m64_crop/checkpoint_0100.pth,434c4e7c4eca0b1749a410e42b326be271471e5c9a7470f6861c3ce3699087c0,1.0,35.233851528213044,0.951231359243393,0.0033637497457675637,34.49551476263128,0.0003871399827039568,0.09442374560321072,3.9544121265411376,0.0,False,False
optimization_worst_weight25_seed17_128_m64_crop,/mnt/wmcontent/GLX/icassp/MBRS/experiments/runs/optimization_worst_weight25_seed17_128_m64_crop/checkpoint_0100.pth,434c4e7c4eca0b1749a410e42b326be271471e5c9a7470f6861c3ce3699087c0,1.5,31.734100079516026,0.9065760493278503,0.007964364527724683,30.99531981851975,0.0008660147417685948,0.0944575698883022,5.762691431045532,0.008931070566177368,False,False
optimization_worst_weight25_seed17_128_m64_crop,/mnt/wmcontent/GLX/icassp/MBRS/experiments/runs/optimization_worst_weight25_seed17_128_m64_crop/checkpoint_0100.pth,434c4e7c4eca0b1749a410e42b326be271471e5c9a7470f6861c3ce3699087c0,2.0,29.26072319162301,0.8592557024955749,0.014493041839450597,28.521661493666024,0.001530665044556372,0.09469703412425991,7.439225234985352,0.012788086198270321,True,False
optimization_worst_weight25_seed17_128_m64_crop,/mnt/wmcontent/GLX/icassp/MBRS/experiments/runs/optimization_worst_weight25_seed17_128_m64_crop/checkpoint_0100.pth,434c4e7c4eca0b1749a410e42b326be271471e5c9a7470f6861c3ce3699087c0,2.5,27.350782874929735,0.81254563331604,0.022869779821485282,26.611754928421437,0.0023763001296902074,0.09496406946310873,8.987290468215942,0.017111003398895264,True,False
optimization_worst_weight25_seed17_128_m64_crop,/mnt/wmcontent/GLX/icassp/MBRS/experiments/runs/optimization_worst_weight25_seed17_128_m64_crop/checkpoint_0100.pth,434c4e7c4eca0b1749a410e42b326be271471e5c9a7470f6861c3ce3699087c0,3.0,25.79788035274123,0.7677576684951782,0.0327285772934556,25.058653945238362,0.003397325212135911,0.09523773309165814,10.414693832397461,0.021809488534927368,True,False
optimization_worst_weight25_seed17_128_m64_crop,/mnt/wmcontent/GLX/icassp/MBRS/experiments/runs/optimization_worst_weight25_seed17_128_m64_crop/checkpoint_0100.pth,434c4e7c4eca0b1749a410e42b326be271471e5c9a7470f6861c3ce3699087c0,4.0,23.367644455607845,0.6854423838853836,0.05627529550343752,22.62559128902485,0.00594628099235706,0.09571795052627785,12.946242370605468,0.0322367362678051,True,False
optimization_worst_weight25_seed17_128_m64_crop,/mnt/wmcontent/GLX/icassp/MBRS/experiments/runs/optimization_worst_weight25_seed17_128_m64_crop/checkpoint_0100.pth,434c4e7c4eca0b1749a410e42b326be271471e5c9a7470f6861c3ce3699087c0,5.0,21.505887783746815,0.6129185652732849,0.08441239148378372,20.76115547900167,0.009123803321272135,0.09603359192847666,15.11791690826416,0.04347940906882286,True,False
optimization_worst_weight75_seed17_128_m64_crop,/mnt/wmcontent/GLX/icassp/MBRS/experiments/runs/optimization_worst_weight75_seed17_128_m64_crop/checkpoint_0100.pth,539356fb6423c5658125a8af390d77c10c34b684fc5dee8058833bdbabbffef0,1.0,34.01043240092128,0.9354300487041474,0.0039117108169011774,33.390667473736784,0.00047811724318307824,0.07127225486093537,4.407541122436523,0.0,False,False
optimization_worst_weight75_seed17_128_m64_crop,/mnt/wmcontent/GLX/icassp/MBRS/experiments/runs/optimization_worst_weight75_seed17_128_m64_crop/checkpoint_0100.pth,539356fb6423c5658125a8af390d77c10c34b684fc5dee8058833bdbabbffef0,1.5,30.516052776769783,0.8806686437129975,0.008939201226457954,29.898145058243376,0.0010680506905191578,0.07094954612811917,6.381740970611572,0.009898681193590164,False,False
optimization_worst_weight75_seed17_128_m64_crop,/mnt/wmcontent/GLX/icassp/MBRS/experiments/runs/optimization_worst_weight75_seed17_128_m64_crop/checkpoint_0100.pth,539356fb6423c5658125a8af390d77c10c34b684fc5dee8058833bdbabbffef0,2.0,28.051755893793832,0.8253861784934997,0.01612049203366041,27.43549071214638,0.0018831414094893262,0.07079792057548637,8.184127950668335,0.014938557520508766,True,False
optimization_worst_weight75_seed17_128_m64_crop,/mnt/wmcontent/GLX/icassp/MBRS/experiments/runs/optimization_worst_weight75_seed17_128_m64_crop/checkpoint_0100.pth,539356fb6423c5658125a8af390d77c10c34b684fc5dee8058833bdbabbffef0,2.5,26.153511290223133,0.7727254867553711,0.025257262978702785,25.537109120129877,0.0029145050409715625,0.0707563813732722,9.823278560638428,0.020589599385857582,True,False
optimization_worst_weight75_seed17_128_m64_crop,/mnt/wmcontent/GLX/icassp/MBRS/experiments/runs/optimization_worst_weight75_seed17_128_m64_crop/checkpoint_0100.pth,539356fb6423c5658125a8af390d77c10c34b684fc5dee8058833bdbabbffef0,3.0,24.61332092851425,0.7235052418708802,0.036019443348050115,23.99714319307148,0.0041494786518160255,0.07076072145240059,11.314053287506104,0.026823731139302254,True,False
optimization_worst_weight75_seed17_128_m64_crop,/mnt/wmcontent/GLX/icassp/MBRS/experiments/runs/optimization_worst_weight75_seed17_128_m64_crop/checkpoint_0100.pth,539356fb6423c5658125a8af390d77c10c34b684fc5dee8058833bdbabbffef0,4.0,22.20854488451026,0.6355572146177292,0.061458525471389296,21.594281543454173,0.00720087866531685,0.07078797787190023,13.916145210266114,0.04021769389510155,True,False
optimization_worst_weight75_seed17_128_m64_crop,/mnt/wmcontent/GLX/icassp/MBRS/experiments/runs/optimization_worst_weight75_seed17_128_m64_crop/checkpoint_0100.pth,539356fb6423c5658125a8af390d77c10c34b684fc5dee8058833bdbabbffef0,5.0,20.371374899229426,0.5603808099031449,0.0907798232883215,19.760989688474623,0.010982070975005627,0.07082166644307378,16.109198398590088,0.05425618588924408,True,True
parallel_patch8_topk10_weight50_seed17_128_m64_crop,/mnt/wmcontent/GLX/icassp/MBRS/experiments/runs/parallel_patch8_topk10_weight50_seed17_128_m64_crop/checkpoint_0100.pth,1f9203497578139eea31ad02bb65cd02ccffd85424c29f27e660904d9515fa36,1.0,35.49918252036249,0.9536507391929626,0.0034674309100955723,34.9279880113053,0.00033798721022321843,0.06707139459020976,4.0512793922424315,0.0,False,False
parallel_patch8_topk10_weight50_seed17_128_m64_crop,/mnt/wmcontent/GLX/icassp/MBRS/experiments/runs/parallel_patch8_topk10_weight50_seed17_128_m64_crop/checkpoint_0100.pth,1f9203497578139eea31ad02bb65cd02ccffd85424c29f27e660904d9515fa36,1.5,31.994566443864514,0.9110028505325317,0.008133908561430871,31.42156227482573,0.000757971809071023,0.06717023619662543,5.89010612487793,0.006948241963982582,False,False
parallel_patch8_topk10_weight50_seed17_128_m64_crop,/mnt/wmcontent/GLX/icassp/MBRS/experiments/runs/parallel_patch8_topk10_weight50_seed17_128_m64_crop/checkpoint_0100.pth,1f9203497578139eea31ad02bb65cd02ccffd85424c29f27e660904d9515fa36,2.0,29.51787256870618,0.8653287589550018,0.014708389351144434,28.942358009028897,0.001341729287232738,0.0674301052031948,7.587265996932984,0.010319417342543602,True,False
parallel_patch8_topk10_weight50_seed17_128_m64_crop,/mnt/wmcontent/GLX/icassp/MBRS/experiments/runs/parallel_patch8_topk10_weight50_seed17_128_m64_crop/checkpoint_0100.pth,1f9203497578139eea31ad02bb65cd02ccffd85424c29f27e660904d9515fa36,2.5,27.605479255258977,0.8198538041114807,0.02315048415213823,27.02559803847815,0.002086833028588444,0.06788340362121258,9.148426666259766,0.014204508624970913,True,False
parallel_patch8_topk10_weight50_seed17_128_m64_crop,/mnt/wmcontent/GLX/icassp/MBRS/experiments/runs/parallel_patch8_topk10_weight50_seed17_128_m64_crop/checkpoint_0100.pth,1f9203497578139eea31ad02bb65cd02ccffd85424c29f27e660904d9515fa36,3.0,26.050069014990626,0.7759532129764557,0.03321978161111474,25.465352647697188,0.002989683770574629,0.0684515108802416,10.583892936706542,0.018500976264476776,True,False
parallel_patch8_topk10_weight50_seed17_128_m64_crop,/mnt/wmcontent/GLX/icassp/MBRS/experiments/runs/parallel_patch8_topk10_weight50_seed17_128_m64_crop/checkpoint_0100.pth,1f9203497578139eea31ad02bb65cd02ccffd85424c29f27e660904d9515fa36,4.0,23.613540453920386,0.6947627705335617,0.05748881157487631,23.020953129822647,0.005253534612711519,0.06972273480341849,13.124671802520751,0.027862142771482468,True,False
parallel_patch8_topk10_weight50_seed17_128_m64_crop,/mnt/wmcontent/GLX/icassp/MBRS/experiments/runs/parallel_patch8_topk10_weight50_seed17_128_m64_crop/checkpoint_0100.pth,1f9203497578139eea31ad02bb65cd02ccffd85424c29f27e660904d9515fa36,5.0,21.745134763219347,0.6228646296262741,0.08603348083794117,21.146128775769785,0.008093469997402281,0.07096963482154832,15.297978496551513,0.03788655623793602,True,False
parallel_patch8_topk10_weight50_seed29_128_m64_crop,/mnt/wmcontent/GLX/icassp/MBRS/experiments/runs/parallel_patch8_topk10_weight50_seed29_128_m64_crop/checkpoint_0100.pth,0b49ca57cf16ff03ad4d3b4ffd35d4a78b13c394734cbc0d5485a93381915f08,1.0,33.39208659841333,0.9298155462741852,0.0069423798751085996,32.93675890168292,0.0005225412173604127,0.05079728020288712,4.789765419960022,0.0,False,False
parallel_patch8_topk10_weight50_seed29_128_m64_crop,/mnt/wmcontent/GLX/icassp/MBRS/experiments/runs/parallel_patch8_topk10_weight50_seed29_128_m64_crop/checkpoint_0100.pth,0b49ca57cf16ff03ad4d3b4ffd35d4a78b13c394734cbc0d5485a93381915f08,1.5,29.9005755744307,0.8724609804153443,0.01568930330686271,29.44914082186177,0.0011667436538846231,0.050384598959676466,6.91385820388794,0.010487060993909836,True,False
parallel_patch8_topk10_weight50_seed29_128_m64_crop,/mnt/wmcontent/GLX/icassp/MBRS/experiments/runs/parallel_patch8_topk10_weight50_seed29_128_m64_crop/checkpoint_0100.pth,0b49ca57cf16ff03ad4d3b4ffd35d4a78b13c394734cbc0d5485a93381915f08,2.0,27.438089271219297,0.8149764120578766,0.02753873310983181,26.989437930959472,0.002055521046859212,0.05011742585805314,8.844086303710938,0.015481770969927311,True,False
parallel_patch8_topk10_weight50_seed29_128_m64_crop,/mnt/wmcontent/GLX/icassp/MBRS/experiments/runs/parallel_patch8_topk10_weight50_seed29_128_m64_crop/checkpoint_0100.pth,0b49ca57cf16ff03ad4d3b4ffd35d4a78b13c394734cbc0d5485a93381915f08,2.5,25.540356850274787,0.7604044240713119,0.04171687355265021,25.093745746590194,0.0031787966773845254,0.049873668853529105,10.595756664276124,0.021121012046933174,True,False
parallel_patch8_topk10_weight50_seed29_128_m64_crop,/mnt/wmcontent/GLX/icassp/MBRS/experiments/runs/parallel_patch8_topk10_weight50_seed29_128_m64_crop/checkpoint_0100.pth,0b49ca57cf16ff03ad4d3b4ffd35d4a78b13c394734cbc0d5485a93381915f08,3.0,24.00037307775304,0.7095892530679703,0.05786013338714838,23.55505113307316,0.004529443768551573,0.04978200511290153,12.18911907196045,0.027334798127412796,True,False
parallel_patch8_topk10_weight50_seed29_128_m64_crop,/mnt/wmcontent/GLX/icassp/MBRS/experiments/runs/parallel_patch8_topk10_weight50_seed29_128_m64_crop/checkpoint_0100.pth,0b49ca57cf16ff03ad4d3b4ffd35d4a78b13c394734cbc0d5485a93381915f08,4.0,21.59632273654332,0.6192854231595993,0.09486825309693814,21.153566355773407,0.007878147752489895,0.049805182472300126,14.98481201171875,0.040428873151540756,True,False
parallel_patch8_topk10_weight50_seed29_128_m64_crop,/mnt/wmcontent/GLX/icassp/MBRS/experiments/runs/parallel_patch8_topk10_weight50_seed29_128_m64_crop/checkpoint_0100.pth,0b49ca57cf16ff03ad4d3b4ffd35d4a78b13c394734cbc0d5485a93381915f08,5.0,19.761003462173107,0.5426614356040954,0.13584038831293582,19.31768201616474,0.012021579444408417,0.050071723021323296,17.375256767272948,0.054495036602020264,True,True
parallel_patch8_topk10_weight50_seed41_128_m64_crop,/mnt/wmcontent/GLX/icassp/MBRS/experiments/runs/parallel_patch8_topk10_weight50_seed41_128_m64_crop/checkpoint_0100.pth,4ca675a16438d5ad9528dedc83fea43407302b5b80fe13232094121b54dd51f9,1.0,32.62571832046316,0.9307873356342315,0.016197737646289168,32.226719212380814,0.000758518727379851,0.10948937479068493,5.4214559745788575,0.0,False,False
parallel_patch8_topk10_weight50_seed41_128_m64_crop,/mnt/wmcontent/GLX/icassp/MBRS/experiments/runs/parallel_patch8_topk10_weight50_seed41_128_m64_crop/checkpoint_0100.pth,4ca675a16438d5ad9528dedc83fea43407302b5b80fe13232094121b54dd51f9,1.5,29.278348209405888,0.8794968718290329,0.03075838598422706,28.801388351222418,0.0016237013135105372,0.10734114869324879,7.69277099609375,0.020984699949622154,True,False
parallel_patch8_topk10_weight50_seed41_128_m64_crop,/mnt/wmcontent/GLX/icassp/MBRS/experiments/runs/parallel_patch8_topk10_weight50_seed41_128_m64_crop/checkpoint_0100.pth,4ca675a16438d5ad9528dedc83fea43407302b5b80fe13232094121b54dd51f9,2.0,26.894166259710413,0.8265543460845948,0.04787495002150535,26.387747365976114,0.0027816989191342145,0.1053412202758953,9.70922131538391,0.027211913838982582,True,False
parallel_patch8_topk10_weight50_seed41_128_m64_crop,/mnt/wmcontent/GLX/icassp/MBRS/experiments/runs/parallel_patch8_topk10_weight50_seed41_128_m64_crop/checkpoint_0100.pth,4ca675a16438d5ad9528dedc83fea43407302b5b80fe13232094121b54dd51f9,2.5,25.04686569124139,0.775078302025795,0.06647320989519358,24.52985088813398,0.004209845928708092,0.10342653385766573,11.506541652679443,0.033181559294462204,True,False
parallel_patch8_topk10_weight50_seed41_128_m64_crop,/mnt/wmcontent/GLX/icassp/MBRS/experiments/runs/parallel_patch8_topk10_weight50_seed41_128_m64_crop/checkpoint_0100.pth,4ca675a16438d5ad9528dedc83fea43407302b5b80fe13232094121b54dd51f9,3.0,23.535874431578605,0.7261854887008667,0.08592664301395417,23.016736432075614,0.00591639966587536,0.10193172077254439,13.123925495147706,0.038861896842718124,True,False
parallel_patch8_topk10_weight50_seed41_128_m64_crop,/mnt/wmcontent/GLX/icassp/MBRS/experiments/runs/parallel_patch8_topk10_weight50_seed41_128_m64_crop/checkpoint_0100.pth,4ca675a16438d5ad9528dedc83fea43407302b5b80fe13232094121b54dd51f9,4.0,21.150083150521862,0.6373263788223267,0.126192871555686,20.636961301167762,0.010169116426259278,0.09993969593669023,15.945572357177735,0.05005167797207832,True,True
parallel_patch8_topk10_weight50_seed41_128_m64_crop,/mnt/wmcontent/GLX/icassp/MBRS/experiments/runs/parallel_patch8_topk10_weight50_seed41_128_m64_crop/checkpoint_0100.pth,4ca675a16438d5ad9528dedc83fea43407302b5b80fe13232094121b54dd51f9,5.0,19.305769964077452,0.5603508785367012,0.1673261207342148,18.80121232176477,0.01549723966512829,0.09888250776432274,18.36614046096802,0.06184244900941849,True,True
parallel_patch8_topk50_weight50_seed17_128_m64_crop,/mnt/wmcontent/GLX/icassp/MBRS/experiments/runs/parallel_patch8_topk50_weight50_seed17_128_m64_crop/checkpoint_0100.pth,31d9202e76a65f9ab2234505b7a86949a34b28db277e38a6ec90160ab1f2487b,1.0,34.17616729248017,0.9426271009445191,0.004609286054037511,33.424488432350685,0.00048709513546782543,0.09187798351647598,4.395660047531128,0.0,False,False
parallel_patch8_topk50_weight50_seed17_128_m64_crop,/mnt/wmcontent/GLX/icassp/MBRS/experiments/runs/parallel_patch8_topk50_weight50_seed17_128_m64_crop/checkpoint_0100.pth,31d9202e76a65f9ab2234505b7a86949a34b28db277e38a6ec90160ab1f2487b,1.5,30.673486086615092,0.8920691764354706,0.010524299126118422,29.925348980889208,0.0010894748830469324,0.09160277816975583,6.401534337997436,0.007538655772805214,False,False
parallel_patch8_topk50_weight50_seed17_128_m64_crop,/mnt/wmcontent/GLX/icassp/MBRS/experiments/runs/parallel_patch8_topk50_weight50_seed17_128_m64_crop/checkpoint_0100.pth,31d9202e76a65f9ab2234505b7a86949a34b28db277e38a6ec90160ab1f2487b,2.0,28.199000050397625,0.8395698821544647,0.01894063884392381,27.45339521425349,0.0019245752942515537,0.09149008306925749,8.25351881980896,0.011365966871380806,True,False
parallel_patch8_topk50_weight50_seed17_128_m64_crop,/mnt/wmcontent/GLX/icassp/MBRS/experiments/runs/parallel_patch8_topk50_weight50_seed17_128_m64_crop/checkpoint_0100.pth,31d9202e76a65f9ab2234505b7a86949a34b28db277e38a6ec90160ab1f2487b,2.5,26.28905725274207,0.7883880305290222,0.029682392738759517,25.545461117747386,0.002986133358790539,0.09150357324596356,9.954251327514648,0.01578572578728199,True,False
parallel_patch8_topk50_weight50_seed17_128_m64_crop,/mnt/wmcontent/GLX/icassp/MBRS/experiments/runs/parallel_patch8_topk50_weight50_seed17_128_m64_crop/checkpoint_0100.pth,31d9202e76a65f9ab2234505b7a86949a34b28db277e38a6ec90160ab1f2487b,3.0,24.736429406525573,0.7396716862916947,0.0423725051432848,23.994001986513204,0.004270034967921674,0.09166041782328703,11.512986907958984,0.020608723163604736,True,False
parallel_patch8_topk50_weight50_seed17_128_m64_crop,/mnt/wmcontent/GLX/icassp/MBRS/experiments/runs/parallel_patch8_topk50_weight50_seed17_128_m64_crop/checkpoint_0100.pth,31d9202e76a65f9ab2234505b7a86949a34b28db277e38a6ec90160ab1f2487b,4.0,22.306566165422858,0.6507971858978272,0.07249982744455337,21.562983978257524,0.007472388276364654,0.0921783036489579,14.247691974639892,0.031346842646598816,True,False
parallel_patch8_topk50_weight50_seed17_128_m64_crop,/mnt/wmcontent/GLX/icassp/MBRS/experiments/runs/parallel_patch8_topk50_weight50_seed17_128_m64_crop/checkpoint_0100.pth,31d9202e76a65f9ab2234505b7a86949a34b28db277e38a6ec90160ab1f2487b,5.0,20.44712677325191,0.5732509112358093,0.10705739445984364,19.70226192803435,0.01146659026388079,0.09274226974706384,16.56363224029541,0.04321858659386635,True,False
parallel_patch8_topk50_weight50_seed29_128_m64_crop,/mnt/wmcontent/GLX/icassp/MBRS/experiments/runs/parallel_patch8_topk50_weight50_seed29_128_m64_crop/checkpoint_0100.pth,e857565df1c567f57ac78ac45c51de70820288595bfd9e16b33fa98decd31fd1,1.0,35.004306228848804,0.9490836560726166,0.002896901627536863,34.2513977036829,0.0004052660199522506,0.08886840869434652,3.9998819828033447,0.0,False,False
parallel_patch8_topk50_weight50_seed29_128_m64_crop,/mnt/wmcontent/GLX/icassp/MBRS/experiments/runs/parallel_patch8_topk50_weight50_seed29_128_m64_crop/checkpoint_0100.pth,e857565df1c567f57ac78ac45c51de70820288595bfd9e16b33fa98decd31fd1,1.5,31.500587065286368,0.9029912352561951,0.006880944392178207,30.747017500004816,0.0009082712023518979,0.08900279290507043,5.84530797958374,0.007630208507180214,False,False
parallel_patch8_topk50_weight50_seed29_128_m64_crop,/mnt/wmcontent/GLX/icassp/MBRS/experiments/runs/parallel_patch8_topk50_weight50_seed29_128_m64_crop/checkpoint_0100.pth,e857565df1c567f57ac78ac45c51de70820288595bfd9e16b33fa98decd31fd1,2.0,29.023576371546188,0.854148862361908,0.01269323832821101,28.26902987703197,0.0016083256743149833,0.08938436798089969,7.564119033813476,0.011103922501206398,True,False
parallel_patch8_topk50_weight50_seed29_128_m64_crop,/mnt/wmcontent/GLX/icassp/MBRS/experiments/runs/parallel_patch8_topk50_weight50_seed29_128_m64_crop/checkpoint_0100.pth,e857565df1c567f57ac78ac45c51de70820288595bfd9e16b33fa98decd31fd1,2.5,27.110124973656276,0.8059302222728729,0.020222906852141023,26.352821232268326,0.0025013426633086057,0.08996247064279782,9.15655532836914,0.015060627833008766,True,False
parallel_patch8_topk50_weight50_seed29_128_m64_crop,/mnt/wmcontent/GLX/icassp/MBRS/experiments/runs/parallel_patch8_topk50_weight50_seed29_128_m64_crop/checkpoint_0100.pth,e857565df1c567f57ac78ac45c51de70820288595bfd9e16b33fa98decd31fd1,3.0,25.553845980586793,0.7597144591808319,0.02931739466264844,24.793930618260124,0.0035823390318546443,0.090578473564856,10.629296112060548,0.019432779401540756,True,False
parallel_patch8_topk50_weight50_seed29_128_m64_crop,/mnt/wmcontent/GLX/icassp/MBRS/experiments/runs/parallel_patch8_topk50_weight50_seed29_128_m64_crop/checkpoint_0100.pth,e857565df1c567f57ac78ac45c51de70820288595bfd9e16b33fa98decd31fd1,4.0,23.11622707357212,0.6749427878856659,0.051414886079728606,22.349571786236005,0.0062911636487115175,0.09198349959804908,13.255178318023681,0.029342448338866234,True,False
parallel_patch8_topk50_weight50_seed29_128_m64_crop,/mnt/wmcontent/GLX/icassp/MBRS/experiments/runs/parallel_patch8_topk50_weight50_seed29_128_m64_crop/checkpoint_0100.pth,e857565df1c567f57ac78ac45c51de70820288595bfd9e16b33fa98decd31fd1,5.0,21.24651749591246,0.6005944329500198,0.077476115077734,20.47493867923785,0.00969368129502982,0.09341971121502396,15.522666912078858,0.04024902358651161,True,False
parallel_patch8_topk50_weight50_seed41_128_m64_crop,/mnt/wmcontent/GLX/icassp/MBRS/experiments/runs/parallel_patch8_topk50_weight50_seed41_128_m64_crop/checkpoint_0100.pth,444977a042c71c81fd0c58daaa0fb1140bdf88c55ceac30a87d688590a82ad5e,1.0,32.54499864262113,0.9244110941886902,0.01516334155574441,31.900283992924134,0.0007630935061024502,0.104987419688342,5.367870259284973,0.0,False,False
parallel_patch8_topk50_weight50_seed41_128_m64_crop,/mnt/wmcontent/GLX/icassp/MBRS/experiments/runs/parallel_patch8_topk50_weight50_seed41_128_m64_crop/checkpoint_0100.pth,444977a042c71c81fd0c58daaa0fb1140bdf88c55ceac30a87d688590a82ad5e,1.5,29.219801396773168,0.8688683378696441,0.02976527432911098,28.512002269013397,0.0016065731275011785,0.10139194596567837,7.639801712036133,0.02478434331715107,True,False
parallel_patch8_topk50_weight50_seed41_128_m64_crop,/mnt/wmcontent/GLX/icassp/MBRS/experiments/runs/parallel_patch8_topk50_weight50_seed41_128_m64_crop/checkpoint_0100.pth,444977a042c71c81fd0c58daaa0fb1140bdf88c55ceac30a87d688590a82ad5e,2.0,26.868583176104742,0.8129936069250107,0.04744550449773669,26.132240937082038,0.002709259786643088,0.09835018400952522,9.661748037338256,0.032469481229782104,True,False
parallel_patch8_topk50_weight50_seed41_128_m64_crop,/mnt/wmcontent/GLX/icassp/MBRS/experiments/runs/parallel_patch8_topk50_weight50_seed41_128_m64_crop/checkpoint_0100.pth,444977a042c71c81fd0c58daaa0fb1140bdf88c55ceac30a87d688590a82ad5e,2.5,25.0397953090298,0.7594156450033188,0.06746596783399582,24.29656458280588,0.0040755442762747405,0.0959020491487501,11.470330677032472,0.03945312649011612,True,False
parallel_patch8_topk50_weight50_seed41_128_m64_crop,/mnt/wmcontent/GLX/icassp/MBRS/experiments/runs/parallel_patch8_topk50_weight50_seed41_128_m64_crop/checkpoint_0100.pth,444977a042c71c81fd0c58daaa0fb1140bdf88c55ceac30a87d688590a82ad5e,3.0,23.542500119529592,0.7089850544929505,0.08905227616429329,22.800285440116067,0.005708448658697307,0.09406717940109031,13.099103775024414,0.04605387523770332,True,False
parallel_patch8_topk50_weight50_seed41_128_m64_crop,/mnt/wmcontent/GLX/icassp/MBRS/experiments/runs/parallel_patch8_topk50_weight50_seed41_128_m64_crop/checkpoint_0100.pth,444977a042c71c81fd0c58daaa0fb1140bdf88c55ceac30a87d688590a82ad5e,4.0,21.181737768709453,0.6182945334911346,0.13535614028573037,20.44477888127237,0.009746394546236842,0.09174150096306452,15.930751094818115,0.05929728224873543,True,True
parallel_patch8_topk50_weight50_seed41_128_m64_crop,/mnt/wmcontent/GLX/icassp/MBRS/experiments/runs/parallel_patch8_topk50_weight50_seed41_128_m64_crop/checkpoint_0100.pth,444977a042c71c81fd0c58daaa0fb1140bdf88c55ceac30a87d688590a82ad5e,5.0,19.361533328862397,0.540570296049118,0.1830013784766197,18.630485786587393,0.014752758927643298,0.09071014741922269,18.329905967712403,0.07291951775550842,True,True
parallel_patch8_worst_weight25_seed17_128_m64_crop,/mnt/wmcontent/GLX/icassp/MBRS/experiments/runs/parallel_patch8_worst_weight25_seed17_128_m64_crop/checkpoint_0100.pth,dfb66081e22834c68f5dee7cd8c7b00c7486dc0f9dd98fa442baecf23b2560c2,1.0,35.282684542457524,0.9572352397441865,0.004857398674357682,34.42717003970561,0.0003951614042307483,0.11103496463214592,4.071312203407287,0.0,False,False
parallel_patch8_worst_weight25_seed17_128_m64_crop,/mnt/wmcontent/GLX/icassp/MBRS/experiments/runs/parallel_patch8_worst_weight25_seed17_128_m64_crop/checkpoint_0100.pth,dfb66081e22834c68f5dee7cd8c7b00c7486dc0f9dd98fa442baecf23b2560c2,1.5,31.778703794907944,0.9165230011940002,0.010967863192781806,30.92867072227814,0.0008832657583116088,0.11047161485715185,5.947833318710327,0.006983642466366291,False,False
parallel_patch8_worst_weight25_seed17_128_m64_crop,/mnt/wmcontent/GLX/icassp/MBRS/experiments/runs/parallel_patch8_worst_weight25_seed17_128_m64_crop/checkpoint_0100.pth,dfb66081e22834c68f5dee7cd8c7b00c7486dc0f9dd98fa442baecf23b2560c2,2.0,29.30159039848838,0.8722106444835663,0.01948078166693449,28.45547636067428,0.0015599070888129064,0.11010944313715246,7.690254592895508,0.010387776419520378,True,False
parallel_patch8_worst_weight25_seed17_128_m64_crop,/mnt/wmcontent/GLX/icassp/MBRS/experiments/runs/parallel_patch8_worst_weight25_seed17_128_m64_crop/checkpoint_0100.pth,dfb66081e22834c68f5dee7cd8c7b00c7486dc0f9dd98fa442baecf23b2560c2,2.5,27.388627736297423,0.8276326024532318,0.029892132524400948,26.544046988811356,0.00242111346044112,0.10998508821101873,9.297213468551636,0.014231771230697632,True,False
parallel_patch8_worst_weight25_seed17_128_m64_crop,/mnt/wmcontent/GLX/icassp/MBRS/experiments/runs/parallel_patch8_worst_weight25_seed17_128_m64_crop/checkpoint_0100.pth,dfb66081e22834c68f5dee7cd8c7b00c7486dc0f9dd98fa442baecf23b2560c2,3.0,25.833142690559782,0.7842768609523774,0.041852313503623007,24.988593032484513,0.003462431019870564,0.11001090412045544,10.772790145874023,0.018514811992645264,True,False
parallel_patch8_worst_weight25_seed17_128_m64_crop,/mnt/wmcontent/GLX/icassp/MBRS/experiments/runs/parallel_patch8_worst_weight25_seed17_128_m64_crop/checkpoint_0100.pth,dfb66081e22834c68f5dee7cd8c7b00c7486dc0f9dd98fa442baecf23b2560c2,4.0,23.398527423752103,0.7034648889303208,0.069479637183249,22.550165845079054,0.006066253642784431,0.11030988343275207,13.366972484588622,0.02802327461540699,True,False
parallel_patch8_worst_weight25_seed17_128_m64_crop,/mnt/wmcontent/GLX/icassp/MBRS/experiments/runs/parallel_patch8_worst_weight25_seed17_128_m64_crop/checkpoint_0100.pth,dfb66081e22834c68f5dee7cd8c7b00c7486dc0f9dd98fa442baecf23b2560c2,5.0,21.534017965188603,0.6314219778776169,0.10046455055475235,20.680867413230693,0.009324062641244382,0.11066047157650023,15.566722393035889,0.03837646543979645,True,False
parallel_patch8_worst_weight25_seed29_128_m64_crop,/mnt/wmcontent/GLX/icassp/MBRS/experiments/runs/parallel_patch8_worst_weight25_seed29_128_m64_crop/checkpoint_0100.pth,88be9b28039dfce44b866726fa000c3fa8f501c7974ef6481ed44f009c2d6087,1.0,32.67785495896299,0.9219522500038146,0.008479155665263534,31.90713196139542,0.0007085302735504228,0.09238004365426157,5.151404943466186,0.0,False,False
parallel_patch8_worst_weight25_seed29_128_m64_crop,/mnt/wmcontent/GLX/icassp/MBRS/experiments/runs/parallel_patch8_worst_weight25_seed29_128_m64_crop/checkpoint_0100.pth,88be9b28039dfce44b866726fa000c3fa8f501c7974ef6481ed44f009c2d6087,1.5,29.17811498967997,0.8608527886867523,0.01950065745972097,28.408791020348318,0.0015861972735729069,0.09219086890355442,7.449899425506592,0.009244385175406933,False,False
parallel_patch8_worst_weight25_seed29_128_m64_crop,/mnt/wmcontent/GLX/icassp/MBRS/experiments/runs/parallel_patch8_worst_weight25_seed29_128_m64_crop/checkpoint_0100.pth,88be9b28039dfce44b866726fa000c3fa8f501c7974ef6481ed44f009c2d6087,2.0,26.705938881758055,0.8000466322898865,0.03431319309398532,25.937454981620373,0.00280370564898476,0.0922205907011483,9.54197569847107,0.014200846664607525,True,False
parallel_patch8_worst_weight25_seed29_128_m64_crop,/mnt/wmcontent/GLX/icassp/MBRS/experiments/runs/parallel_patch8_worst_weight25_seed29_128_m64_crop/checkpoint_0100.pth,88be9b28039dfce44b866726fa000c3fa8f501c7974ef6481ed44f009c2d6087,2.5,24.796984424670278,0.7423448199033738,0.05224796859547496,24.027915134611316,0.004353514543035999,0.09244473161118133,11.440608987808227,0.019640706479549408,True,False
parallel_patch8_worst_weight25_seed29_128_m64_crop,/mnt/wmcontent/GLX/icassp/MBRS/experiments/runs/parallel_patch8_worst_weight25_seed29_128_m64_crop/checkpoint_0100.pth,88be9b28039dfce44b866726fa000c3fa8f501c7974ef6481ed44f009c2d6087,3.0,23.24446755087005,0.6884565204381943,0.07278182439506053,22.474918593071806,0.006226092538563535,0.09268701450020676,13.166389293670655,0.02543945237994194,True,False
parallel_patch8_worst_weight25_seed29_128_m64_crop,/mnt/wmcontent/GLX/icassp/MBRS/experiments/runs/parallel_patch8_worst_weight25_seed29_128_m64_crop/checkpoint_0100.pth,88be9b28039dfce44b866726fa000c3fa8f501c7974ef6481ed44f009c2d6087,4.0,20.81156569381033,0.592208496928215,0.11910814590752125,20.039987163030187,0.010909817076753824,0.09313927529421592,16.186405239105223,0.037533365190029144,True,False
parallel_patch8_worst_weight25_seed29_128_m64_crop,/mnt/wmcontent/GLX/icassp/MBRS/experiments/runs/parallel_patch8_worst_weight25_seed29_128_m64_crop/checkpoint_0100.pth,88be9b28039dfce44b866726fa000c3fa8f501c7974ef6481ed44f009c2d6087,5.0,18.943469981654975,0.51020177423954,0.17014383569359778,18.168297694742897,0.016802371721714737,0.09372416108224954,18.754987144470213,0.050405681133270264,True,True
parallel_patch8_worst_weight25_seed41_128_m64_crop,/mnt/wmcontent/GLX/icassp/MBRS/experiments/runs/parallel_patch8_worst_weight25_seed41_128_m64_crop/checkpoint_0100.pth,d806ab888e24851b1c7d7290a394734e91bb18faf7f39176920a16de16c87b14,1.0,32.70844543108025,0.9209794104099274,0.008712098780088127,31.997214417391728,0.0006732458170154132,0.0881846459640374,5.522331056594848,0.0,False,False
parallel_patch8_worst_weight25_seed41_128_m64_crop,/mnt/wmcontent/GLX/icassp/MBRS/experiments/runs/parallel_patch8_worst_weight25_seed41_128_m64_crop/checkpoint_0100.pth,d806ab888e24851b1c7d7290a394734e91bb18faf7f39176920a16de16c87b14,1.5,29.212790598160062,0.8600129806995391,0.01776086403056979,28.503183476931664,0.001504416357493028,0.08803291373530592,7.887810878753662,0.009831543080508709,False,False
parallel_patch8_worst_weight25_seed41_128_m64_crop,/mnt/wmcontent/GLX/icassp/MBRS/experiments/runs/parallel_patch8_worst_weight25_seed41_128_m64_crop/checkpoint_0100.pth,d806ab888e24851b1c7d7290a394734e91bb18faf7f39176920a16de16c87b14,2.0,26.747711908533024,0.7994166964292526,0.02917312303557992,26.037170380067597,0.002651891889399849,0.08791945384986045,9.985684146881104,0.01499837264418602,True,False
parallel_patch8_worst_weight25_seed41_128_m64_crop,/mnt/wmcontent/GLX/icassp/MBRS/experiments/runs/parallel_patch8_worst_weight25_seed41_128_m64_crop/checkpoint_0100.pth,d806ab888e24851b1c7d7290a394734e91bb18faf7f39176920a16de16c87b14,2.5,24.846974959404356,0.7420055711269379,0.04249657858163118,24.137341906125013,0.0041028834448661655,0.08773438660156135,11.845143947601319,0.020510660484433174,True,False
parallel_patch8_worst_weight25_seed41_128_m64_crop,/mnt/wmcontent/GLX/icassp/MBRS/experiments/runs/parallel_patch8_worst_weight25_seed41_128_m64_crop/checkpoint_0100.pth,d806ab888e24851b1c7d7290a394734e91bb18faf7f39176920a16de16c87b14,3.0,23.304108009221565,0.6885985028743744,0.057510798797011375,22.597437684404834,0.005843370277434587,0.08751101539056144,13.502559547424317,0.026444092392921448,True,False
parallel_patch8_worst_weight25_seed41_128_m64_crop,/mnt/wmcontent/GLX/icassp/MBRS/experiments/runs/parallel_patch8_worst_weight25_seed41_128_m64_crop/checkpoint_0100.pth,d806ab888e24851b1c7d7290a394734e91bb18faf7f39176920a16de16c87b14,4.0,20.89693793007268,0.5940339857339859,0.09051717936992645,20.196892901455634,0.010135495467111469,0.08705719312232903,16.343222427368165,0.03943522274494171,True,False
parallel_patch8_worst_weight25_seed41_128_m64_crop,/mnt/wmcontent/GLX/icassp/MBRS/experiments/runs/parallel_patch8_worst_weight25_seed41_128_m64_crop/checkpoint_0100.pth,d806ab888e24851b1c7d7290a394734e91bb18faf7f39176920a16de16c87b14,5.0,19.061433906563675,0.5143892985582351,0.12595941215753556,18.367048588120465,0.015425840732641518,0.08669467035786077,18.720620155334473,0.053610432893037796,True,True
parallel_patch8_worst_weight50_seed17_128_m64_crop,/mnt/wmcontent/GLX/icassp/MBRS/experiments/runs/parallel_patch8_worst_weight50_seed17_128_m64_crop/checkpoint_0100.pth,f0148b578a9c2af15457d5c699de5548fa34cbd5084cc895249e9b1ca6b2b8c5,1.0,29.12674506652096,0.8627425456047058,0.01821157875470817,28.448825012918537,0.0014931487041758373,0.07857200104073869,7.837708511352539,0.0,False,False
parallel_patch8_worst_weight50_seed17_128_m64_crop,/mnt/wmcontent/GLX/icassp/MBRS/experiments/runs/parallel_patch8_worst_weight50_seed17_128_m64_crop/checkpoint_0100.pth,f0148b578a9c2af15457d5c699de5548fa34cbd5084cc895249e9b1ca6b2b8c5,1.5,25.702433229777885,0.7753357350826263,0.038898202665150164,25.02334893501524,0.003283692938275635,0.07907273632957752,10.898411026000977,0.029499512165784836,True,False
parallel_patch8_worst_weight50_seed17_128_m64_crop,/mnt/wmcontent/GLX/icassp/MBRS/experiments/runs/parallel_patch8_worst_weight50_seed17_128_m64_crop/checkpoint_0100.pth,f0148b578a9c2af15457d5c699de5548fa34cbd5084cc895249e9b1ca6b2b8c5,2.0,23.30112156925162,0.6967440503835678,0.06502857502549887,22.599401361150882,0.005743752607377246,0.08161681825987299,13.459516201019287,0.0422249361872673,True,False
parallel_patch8_worst_weight50_seed17_128_m64_crop,/mnt/wmcontent/GLX/icassp/MBRS/experiments/runs/parallel_patch8_worst_weight50_seed17_128_m64_crop/checkpoint_0100.pth,f0148b578a9c2af15457d5c699de5548fa34cbd5084cc895249e9b1ca6b2b8c5,2.5,21.458090654085638,0.6270936959981919,0.09553370080888271,20.729415743234227,0.008827154694590717,0.08501540955819899,15.63522102355957,0.054953206330537796,True,True
parallel_patch8_worst_weight50_seed17_128_m64_crop,/mnt/wmcontent/GLX/icassp/MBRS/experiments/runs/parallel_patch8_worst_weight50_seed17_128_m64_crop/checkpoint_0100.pth,f0148b578a9c2af15457d5c699de5548fa34cbd5084cc895249e9b1ca6b2b8c5,3.0,19.967942848404537,0.5655454272031784,0.12967455983161927,19.216471531447922,0.01250666140113026,0.08850582218912884,17.51789363861084,0.0679728165268898,True,True
parallel_patch8_worst_weight50_seed17_128_m64_crop,/mnt/wmcontent/GLX/icassp/MBRS/experiments/runs/parallel_patch8_worst_weight50_seed17_128_m64_crop/checkpoint_0100.pth,f0148b578a9c2af15457d5c699de5548fa34cbd5084cc895249e9b1ca6b2b8c5,4.0,17.655120319932646,0.463169461786747,0.20552278846502303,16.865266959649297,0.021498149833641945,0.09446875959135133,20.646067924499512,0.09410034120082855,True,True
parallel_patch8_worst_weight50_seed17_128_m64_crop,/mnt/wmcontent/GLX/icassp/MBRS/experiments/runs/parallel_patch8_worst_weight50_seed17_128_m64_crop/checkpoint_0100.pth,f0148b578a9c2af15457d5c699de5548fa34cbd5084cc895249e9b1ca6b2b8c5,5.0,15.907047502877813,0.3831128627061844,0.28575184643268586,15.085715740283387,0.032413345379754904,0.09884386785870633,23.176158599853515,0.12059570103883743,True,True
parallel_patch8_worst_weight50_seed29_128_m64_crop,/mnt/wmcontent/GLX/icassp/MBRS/experiments/runs/parallel_patch8_worst_weight50_seed29_128_m64_crop/checkpoint_0100.pth,e7501d2d4d3e443c661cda442ef2293c226afc92c6fb6b4134d7f0077acf18ff,1.0,34.68215944720087,0.943564293384552,0.004099654094316066,34.05456832746824,0.0004089909620233811,0.07205173840453377,4.075087671279907,0.0,False,False
parallel_patch8_worst_weight50_seed29_128_m64_crop,/mnt/wmcontent/GLX/icassp/MBRS/experiments/runs/parallel_patch8_worst_weight50_seed29_128_m64_crop/checkpoint_0100.pth,e7501d2d4d3e443c661cda442ef2293c226afc92c6fb6b4134d7f0077acf18ff,1.5,31.200457072067067,0.8949144434928894,0.009249309482984245,30.580137904283344,0.0009099323573173024,0.07100027855498219,5.934469623565674,0.011481933295726776,True,False
parallel_patch8_worst_weight50_seed29_128_m64_crop,/mnt/wmcontent/GLX/icassp/MBRS/experiments/runs/parallel_patch8_worst_weight50_seed29_128_m64_crop/checkpoint_0100.pth,e7501d2d4d3e443c661cda442ef2293c226afc92c6fb6b4134d7f0077acf18ff,2.0,28.749472608782334,0.8449453902244568,0.016342219589278104,28.134523124459115,0.0015960676525719464,0.06995880964699587,7.655007982254029,0.01705118827521801,True,False
parallel_patch8_worst_weight50_seed29_128_m64_crop,/mnt/wmcontent/GLX/icassp/MBRS/experiments/runs/parallel_patch8_worst_weight50_seed29_128_m64_crop/checkpoint_0100.pth,e7501d2d4d3e443c661cda442ef2293c226afc92c6fb6b4134d7f0077acf18ff,2.5,26.860374960752456,0.7966389739513398,0.025012354105710982,26.251267991249257,0.0024614869791548697,0.06912343533276022,9.239205589294434,0.023000488057732582,True,False
parallel_patch8_worst_weight50_seed29_128_m64_crop,/mnt/wmcontent/GLX/icassp/MBRS/experiments/runs/parallel_patch8_worst_weight50_seed29_128_m64_crop/checkpoint_0100.pth,e7501d2d4d3e443c661cda442ef2293c226afc92c6fb6b4134d7f0077acf18ff,3.0,25.324967109820356,0.7509257733821869,0.035069598890841006,24.720315960837596,0.0035026824893429876,0.06879877642486379,10.696358118057251,0.02904703840613365,True,False
parallel_patch8_worst_weight50_seed29_128_m64_crop,/mnt/wmcontent/GLX/icassp/MBRS/experiments/runs/parallel_patch8_worst_weight50_seed29_128_m64_crop/checkpoint_0100.pth,e7501d2d4d3e443c661cda442ef2293c226afc92c6fb6b4134d7f0077acf18ff,4.0,22.920055617838763,0.6678594797849655,0.05898532424122095,22.318944667384876,0.006088386797346175,0.06860627425044258,13.278093509674072,0.04122680798172951,True,False
parallel_patch8_worst_weight50_seed29_128_m64_crop,/mnt/wmcontent/GLX/icassp/MBRS/experiments/runs/parallel_patch8_worst_weight50_seed29_128_m64_crop/checkpoint_0100.pth,e7501d2d4d3e443c661cda442ef2293c226afc92c6fb6b4134d7f0077acf18ff,5.0,21.07466109165031,0.5953797698020935,0.08688276529312133,20.474023412509883,0.009305997514165937,0.0687448435032825,15.49372158050537,0.053992513567209244,True,True
parallel_patch8_worst_weight50_seed41_128_m64_crop,/mnt/wmcontent/GLX/icassp/MBRS/experiments/runs/parallel_patch8_worst_weight50_seed41_128_m64_crop/checkpoint_0100.pth,32bc84fd37797a8cfe17b5dbc89b7781425864b4739c00e8dcc09d4012078f87,1.0,29.87232464765996,0.8790993010997772,0.024061954724602402,29.23085514515942,0.0013595612623612397,0.0995873613706422,7.283721790313721,0.0,False,False
parallel_patch8_worst_weight50_seed41_128_m64_crop,/mnt/wmcontent/GLX/icassp/MBRS/experiments/runs/parallel_patch8_worst_weight50_seed41_128_m64_crop/checkpoint_0100.pth,32bc84fd37797a8cfe17b5dbc89b7781425864b4739c00e8dcc09d4012078f87,1.5,26.463659106943393,0.799806073307991,0.04531833592802286,25.806849875090393,0.0029593014548299833,0.09764647585906083,10.0883487033844,0.028614908456802368,True,False
parallel_patch8_worst_weight50_seed41_128_m64_crop,/mnt/wmcontent/GLX/icassp/MBRS/experiments/runs/parallel_patch8_worst_weight50_seed41_128_m64_crop/checkpoint_0100.pth,32bc84fd37797a8cfe17b5dbc89b7781425864b4739c00e8dcc09d4012078f87,2.0,24.057451108880002,0.7267051702737808,0.06922735579311848,23.39738622349288,0.005118100662948564,0.09622115508548269,12.46355411529541,0.038676757365465164,True,False
parallel_patch8_worst_weight50_seed41_128_m64_crop,/mnt/wmcontent/GLX/icassp/MBRS/experiments/runs/parallel_patch8_worst_weight50_seed41_128_m64_crop/checkpoint_0100.pth,32bc84fd37797a8cfe17b5dbc89b7781425864b4739c00e8dcc09d4012078f87,2.5,22.199791440987187,0.6608299928903579,0.0944481110945344,21.54130745699786,0.0078067292412742975,0.09514963376641618,14.520424041748047,0.04854573681950569,True,False
parallel_patch8_worst_weight50_seed41_128_m64_crop,/mnt/wmcontent/GLX/icassp/MBRS/experiments/runs/parallel_patch8_worst_weight50_seed41_128_m64_crop/checkpoint_0100.pth,32bc84fd37797a8cfe17b5dbc89b7781425864b4739c00e8dcc09d4012078f87,3.0,20.689892246569602,0.6018941861391067,0.11998403199017048,20.034953446375106,0.011018801208119839,0.09438203275928884,16.33694496154785,0.05831339582800865,True,True
parallel_patch8_worst_weight50_seed41_128_m64_crop,/mnt/wmcontent/GLX/icassp/MBRS/experiments/runs/parallel_patch8_worst_weight50_seed41_128_m64_crop/checkpoint_0100.pth,32bc84fd37797a8cfe17b5dbc89b7781425864b4739c00e8dcc09d4012078f87,4.0,18.33193057649498,0.5023894700407981,0.1716988801956177,17.684109266172747,0.01891862868331373,0.09333400379471402,19.455177040100097,0.07826538383960724,True,True
parallel_patch8_worst_weight50_seed41_128_m64_crop,/mnt/wmcontent/GLX/icassp/MBRS/experiments/runs/parallel_patch8_worst_weight50_seed41_128_m64_crop/checkpoint_0100.pth,32bc84fd37797a8cfe17b5dbc89b7781425864b4739c00e8dcc09d4012078f87,5.0,16.53961504002275,0.4232633790373802,0.22420149385929108,15.90160314273487,0.028544300822541117,0.09234038739491175,22.09827938079834,0.09910156577825546,True,True
parallel_patch8_worst_weight75_seed17_128_m64_crop,/mnt/wmcontent/GLX/icassp/MBRS/experiments/runs/parallel_patch8_worst_weight75_seed17_128_m64_crop/checkpoint_0100.pth,362e5ecc4df18cdef51d6ecdb3e7f711a74dbff749d3a7547a955f61e66136a6,1.0,35.12923702278147,0.9515650022029877,0.0034391156653873624,34.395328201761615,0.00039035053880070336,0.08393524091999821,4.113164510726929,0.0,False,False
parallel_patch8_worst_weight75_seed17_128_m64_crop,/mnt/wmcontent/GLX/icassp/MBRS/experiments/runs/parallel_patch8_worst_weight75_seed17_128_m64_crop/checkpoint_0100.pth,362e5ecc4df18cdef51d6ecdb3e7f711a74dbff749d3a7547a955f61e66136a6,1.5,31.623220646968026,0.9066769766807556,0.007907194262370467,30.891175847645076,0.0008743869146564976,0.08383261532430844,5.984894418716431,0.0068855793215334415,False,False
parallel_patch8_worst_weight75_seed17_128_m64_crop,/mnt/wmcontent/GLX/icassp/MBRS/experiments/runs/parallel_patch8_worst_weight75_seed17_128_m64_crop/checkpoint_0100.pth,362e5ecc4df18cdef51d6ecdb3e7f711a74dbff749d3a7547a955f61e66136a6,2.0,29.143640992716144,0.8588470482826233,0.014207852249965071,28.411485928241312,0.0015473286842461675,0.08393825493785555,7.712711238861084,0.010126546025276184,True,False
parallel_patch8_worst_weight75_seed17_128_m64_crop,/mnt/wmcontent/GLX/icassp/MBRS/experiments/runs/parallel_patch8_worst_weight75_seed17_128_m64_crop/checkpoint_0100.pth,362e5ecc4df18cdef51d6ecdb3e7f711a74dbff749d3a7547a955f61e66136a6,2.5,27.227364835244053,0.8114716041088105,0.02222857054322958,26.493923831601233,0.0024050838313996793,0.08417381386690971,9.301995582580567,0.01368611678481102,True,False
parallel_patch8_worst_weight75_seed17_128_m64_crop,/mnt/wmcontent/GLX/icassp/MBRS/experiments/runs/parallel_patch8_worst_weight75_seed17_128_m64_crop/checkpoint_0100.pth,362e5ecc4df18cdef51d6ecdb3e7f711a74dbff749d3a7547a955f61e66136a6,3.0,25.667785632515105,0.7659238386154175,0.03175821440294385,24.933105966271913,0.0034442696277983487,0.08445992070767679,10.763308982849122,0.017545979470014572,True,False
parallel_patch8_worst_weight75_seed17_128_m64_crop,/mnt/wmcontent/GLX/icassp/MBRS/experiments/runs/parallel_patch8_worst_weight75_seed17_128_m64_crop/checkpoint_0100.pth,362e5ecc4df18cdef51d6ecdb3e7f711a74dbff749d3a7547a955f61e66136a6,4.0,23.22331623622351,0.6820252126455307,0.05455561324954033,22.485686350862867,0.006048824551980942,0.08511228772037147,13.3488360786438,0.026215413585305214,True,False
parallel_patch8_worst_weight75_seed17_128_m64_crop,/mnt/wmcontent/GLX/icassp/MBRS/experiments/runs/parallel_patch8_worst_weight75_seed17_128_m64_crop/checkpoint_0100.pth,362e5ecc4df18cdef51d6ecdb3e7f711a74dbff749d3a7547a955f61e66136a6,5.0,21.34680246871507,0.608007840514183,0.08145938381552696,20.605779716835094,0.009318456852342933,0.08585758214235682,15.560704269409179,0.03575317561626434,True,False
parallel_patch8_worst_weight75_seed29_128_m64_crop,/mnt/wmcontent/GLX/icassp/MBRS/experiments/runs/parallel_patch8_worst_weight75_seed29_128_m64_crop/checkpoint_0100.pth,de28069eeca86508d8815f5fa69334a507cdd9aef38300a27c0a6ead5883c9ad,1.0,34.11157572768378,0.9392347502708435,0.008071787008084357,33.57435041921919,0.0004577846631582361,0.06128013839368227,4.786391797065735,0.0,False,False
parallel_patch8_worst_weight75_seed29_128_m64_crop,/mnt/wmcontent/GLX/icassp/MBRS/experiments/runs/parallel_patch8_worst_weight75_seed29_128_m64_crop/checkpoint_0100.pth,de28069eeca86508d8815f5fa69334a507cdd9aef38300a27c0a6ead5883c9ad,1.5,30.613438654397203,0.8885625028610229,0.01805820475332439,30.075341903222416,0.0010242166617535986,0.06124763672722584,6.865025386810303,0.00843098945915699,False,False
parallel_patch8_worst_weight75_seed29_128_m64_crop,/mnt/wmcontent/GLX/icassp/MBRS/experiments/runs/parallel_patch8_worst_weight75_seed29_128_m64_crop/checkpoint_0100.pth,de28069eeca86508d8815f5fa69334a507cdd9aef38300a27c0a6ead5883c9ad,2.0,28.14488772684293,0.8360583341121673,0.031146973818540574,27.606123623189973,0.0018069658748572693,0.06142287325574304,8.732821426391602,0.012948811985552311,True,False
parallel_patch8_worst_weight75_seed29_128_m64_crop,/mnt/wmcontent/GLX/icassp/MBRS/experiments/runs/parallel_patch8_worst_weight75_seed29_128_m64_crop/checkpoint_0100.pth,de28069eeca86508d8815f5fa69334a507cdd9aef38300a27c0a6ead5883c9ad,2.5,26.2404519535132,0.7849160271883011,0.046793778445571664,25.701922919589578,0.0027987140172626825,0.06162900587799434,10.411793231964111,0.017935384064912796,True,False
parallel_patch8_worst_weight75_seed29_128_m64_crop,/mnt/wmcontent/GLX/icassp/MBRS/experiments/runs/parallel_patch8_worst_weight75_seed29_128_m64_crop/checkpoint_0100.pth,de28069eeca86508d8815f5fa69334a507cdd9aef38300a27c0a6ead5883c9ad,3.0,24.69297755512593,0.7363417071104049,0.06423723705112934,24.153830064074118,0.003993368122028187,0.061884452733030004,11.92796480178833,0.02323608472943306,True,False
parallel_patch8_worst_weight75_seed29_128_m64_crop,/mnt/wmcontent/GLX/icassp/MBRS/experiments/runs/parallel_patch8_worst_weight75_seed29_128_m64_crop/checkpoint_0100.pth,de28069eeca86508d8815f5fa69334a507cdd9aef38300a27c0a6ead5883c9ad,4.0,22.27341191769817,0.6481651890277863,0.10283204760402441,21.730313164174696,0.006969287605024874,0.06266798103149268,14.56344518661499,0.03480346500873566,True,False
parallel_patch8_worst_weight75_seed29_128_m64_crop,/mnt/wmcontent/GLX/icassp/MBRS/experiments/runs/parallel_patch8_worst_weight75_seed29_128_m64_crop/checkpoint_0100.pth,de28069eeca86508d8815f5fa69334a507cdd9aef38300a27c0a6ead5883c9ad,5.0,20.423543790538506,0.5717906510829925,0.14397566013038157,19.876096431881326,0.010673156762495637,0.06358970656673274,16.78980827331543,0.04696858674287796,True,False
parallel_patch8_worst_weight75_seed41_128_m64_crop,/mnt/wmcontent/GLX/icassp/MBRS/experiments/runs/parallel_patch8_worst_weight75_seed41_128_m64_crop/checkpoint_0100.pth,0fb30d78fea0fe250622dcc8ff292de0437736d4f245ba42ecc4e7da33311e79,1.0,33.2796139191009,0.9306378734111785,0.005387441557832062,32.696009882507845,0.0005560163919290062,0.06727127879443959,5.117423930168152,0.0,False,False
parallel_patch8_worst_weight75_seed41_128_m64_crop,/mnt/wmcontent/GLX/icassp/MBRS/experiments/runs/parallel_patch8_worst_weight75_seed41_128_m64_crop/checkpoint_0100.pth,0fb30d78fea0fe250622dcc8ff292de0437736d4f245ba42ecc4e7da33311e79,1.5,29.780781395854298,0.8734535109996796,0.01215002709068358,29.192805530048076,0.001246008857851848,0.06778830880902625,7.3179216384887695,0.010016276501119137,True,False
parallel_patch8_worst_weight75_seed41_128_m64_crop,/mnt/wmcontent/GLX/icassp/MBRS/experiments/runs/parallel_patch8_worst_weight75_seed41_128_m64_crop/checkpoint_0100.pth,0fb30d78fea0fe250622dcc8ff292de0437736d4f245ba42ecc4e7da33311e79,2.0,27.309580583553807,0.8157203912734985,0.021609890293329954,26.715810628080828,0.002204248181078583,0.06844025260227259,9.285813360214233,0.014561360701918602,True,False
parallel_patch8_worst_weight75_seed41_128_m64_crop,/mnt/wmcontent/GLX/icassp/MBRS/experiments/runs/parallel_patch8_worst_weight75_seed41_128_m64_crop/checkpoint_0100.pth,0fb30d78fea0fe250622dcc8ff292de0437736d4f245ba42ecc4e7da33311e79,2.5,25.40235883944763,0.7605167585611343,0.0335308637842536,24.8027722163623,0.003424928990425542,0.06916520306400276,11.049965572357177,0.01961425691843033,True,False
parallel_patch8_worst_weight75_seed41_128_m64_crop,/mnt/wmcontent/GLX/icassp/MBRS/experiments/runs/parallel_patch8_worst_weight75_seed41_128_m64_crop/checkpoint_0100.pth,0fb30d78fea0fe250622dcc8ff292de0437736d4f245ba42ecc4e7da33311e79,3.0,23.85255695454024,0.7087889564037323,0.04747018780559301,23.248223016723845,0.004901243888307363,0.06983254263412643,12.641320991516114,0.025184733793139458,True,False
parallel_patch8_worst_weight75_seed41_128_m64_crop,/mnt/wmcontent/GLX/icassp/MBRS/experiments/runs/parallel_patch8_worst_weight75_seed41_128_m64_crop/checkpoint_0100.pth,0fb30d78fea0fe250622dcc8ff292de0437736d4f245ba42ecc4e7da33311e79,4.0,21.430985959589997,0.6163417738676071,0.08044751688838005,20.81972262832423,0.008582765189930796,0.07093288092355449,15.410400142669678,0.03744262829422951,True,False
parallel_patch8_worst_weight75_seed41_128_m64_crop,/mnt/wmcontent/GLX/icassp/MBRS/experiments/runs/parallel_patch8_worst_weight75_seed41_128_m64_crop/checkpoint_0100.pth,0fb30d78fea0fe250622dcc8ff292de0437736d4f245ba42ecc4e7da33311e79,5.0,19.582744938425233,0.5376437598466873,0.11862585641443729,18.96556919016768,0.01317070774268359,0.07178005917850173,17.756732692718504,0.050834961235523224,True,True
parallel_worst_patch16_weight50_seed29_128_m64_crop,/mnt/wmcontent/GLX/icassp/MBRS/experiments/runs/parallel_worst_patch16_weight50_seed29_128_m64_crop/checkpoint_0100.pth,ec0fea4f9e3b0cb70463cfa2a6662588c4f94979b1244dee290f4a2db618479d,1.0,34.71362005847641,0.9508874976634979,0.009137649317272007,33.97995406178417,0.00042825978001928886,0.09050733691869847,4.17246298789978,0.0,False,False
parallel_worst_patch16_weight50_seed29_128_m64_crop,/mnt/wmcontent/GLX/icassp/MBRS/experiments/runs/parallel_worst_patch16_weight50_seed29_128_m64_crop/checkpoint_0100.pth,ec0fea4f9e3b0cb70463cfa2a6662588c4f94979b1244dee290f4a2db618479d,1.5,31.236746896502776,0.9079901790618896,0.019172949539497493,30.51740151918982,0.0009491228684782982,0.08873812167659616,6.039971208572387,0.012973225675523281,True,False
parallel_worst_patch16_weight50_seed29_128_m64_crop,/mnt/wmcontent/GLX/icassp/MBRS/experiments/runs/parallel_worst_patch16_weight50_seed29_128_m64_crop/checkpoint_0100.pth,ec0fea4f9e3b0cb70463cfa2a6662588c4f94979b1244dee290f4a2db618479d,2.0,28.793179046806046,0.8625429999828339,0.031651502400636675,28.083230184128553,0.0016598106129094958,0.0869431727940136,7.748361730575562,0.019484862685203552,True,False
parallel_worst_patch16_weight50_seed29_128_m64_crop,/mnt/wmcontent/GLX/icassp/MBRS/experiments/runs/parallel_worst_patch16_weight50_seed29_128_m64_crop/checkpoint_0100.pth,ec0fea4f9e3b0cb70463cfa2a6662588c4f94979b1244dee290f4a2db618479d,2.5,26.91334801433007,0.8176414895057679,0.045888969153165815,26.210298291891707,0.002551183743053116,0.08527920074018557,9.307079563140869,0.026252849027514458,True,False
parallel_worst_patch16_weight50_seed29_128_m64_crop,/mnt/wmcontent/GLX/icassp/MBRS/experiments/runs/parallel_worst_patch16_weight50_seed29_128_m64_crop/checkpoint_0100.pth,ec0fea4f9e3b0cb70463cfa2a6662588c4f94979b1244dee290f4a2db618479d,3.0,25.387477793332252,0.7744462776184082,0.06132495371624827,24.69162091206877,0.0036141360201872885,0.08371229825972543,10.731944751739501,0.03264119476079941,True,False
parallel_worst_patch16_weight50_seed29_128_m64_crop,/mnt/wmcontent/GLX/icassp/MBRS/experiments/runs/parallel_worst_patch16_weight50_seed29_128_m64_crop/checkpoint_0100.pth,ec0fea4f9e3b0cb70463cfa2a6662588c4f94979b1244dee290f4a2db618479d,4.0,23.00116787014983,0.694464716911316,0.09457912363111973,22.321862284116964,0.0062119053187780085,0.0809110279596105,13.24733232498169,0.04536580294370651,True,False
parallel_worst_patch16_weight50_seed29_128_m64_crop,/mnt/wmcontent/GLX/icassp/MBRS/experiments/runs/parallel_worst_patch16_weight50_seed29_128_m64_crop/checkpoint_0100.pth,ec0fea4f9e3b0cb70463cfa2a6662588c4f94979b1244dee290f4a2db618479d,5.0,21.172813085850777,0.6233230328559876,0.1295002783089876,20.509964534847214,0.00939665756188333,0.07854267979257264,15.414209690093994,0.05802815780043602,True,True
parallel_worst_patch16_weight50_seed41_128_m64_crop,/mnt/wmcontent/GLX/icassp/MBRS/experiments/runs/parallel_worst_patch16_weight50_seed41_128_m64_crop/checkpoint_0100.pth,2809c4a167d7847947af27e4c8dbca270e553c30bfbfe5ff1fc07d762afab0cf,1.0,29.82639027727931,0.9100654256343842,0.03312870636582375,28.51688643606205,0.0015798355036531575,0.15814968708327587,6.79924955368042,0.0,False,False
parallel_worst_patch16_weight50_seed41_128_m64_crop,/mnt/wmcontent/GLX/icassp/MBRS/experiments/runs/parallel_worst_patch16_weight50_seed41_128_m64_crop/checkpoint_0100.pth,2809c4a167d7847947af27e4c8dbca270e553c30bfbfe5ff1fc07d762afab0cf,1.5,26.346986042579367,0.8415770304203033,0.06584566321223974,25.040781985035373,0.003512037812033668,0.15722530243385402,9.610578966140746,0.020504964515566826,True,False
parallel_worst_patch16_weight50_seed41_128_m64_crop,/mnt/wmcontent/GLX/icassp/MBRS/experiments/runs/parallel_worst_patch16_weight50_seed41_128_m64_crop/checkpoint_0100.pth,2809c4a167d7847947af27e4c8dbca270e553c30bfbfe5ff1fc07d762afab0cf,2.0,23.89268133177677,0.774262804389,0.10294988207519054,22.588441376148854,0.006171829198719934,0.15649429024256623,12.057213764190674,0.02965494804084301,True,False
parallel_worst_patch16_weight50_seed41_128_m64_crop,/mnt/wmcontent/GLX/icassp/MBRS/experiments/runs/parallel_worst_patch16_weight50_seed41_128_m64_crop/checkpoint_0100.pth,2809c4a167d7847947af27e4c8dbca270e553c30bfbfe5ff1fc07d762afab0cf,2.5,22.000502859631126,0.7109546595811844,0.14108167096972465,20.698065588564514,0.009528344909194858,0.15597112837662996,14.19391616821289,0.03888509050011635,True,False
parallel_worst_patch16_weight50_seed41_128_m64_crop,/mnt/wmcontent/GLX/icassp/MBRS/experiments/runs/parallel_worst_patch16_weight50_seed41_128_m64_crop/checkpoint_0100.pth,2809c4a167d7847947af27e4c8dbca270e553c30bfbfe5ff1fc07d762afab0cf,3.0,20.464519969765604,0.6523963189125062,0.17858731657266616,19.163216011988997,0.013558535552583635,0.15570032170976952,16.073876094818115,0.048395588994026184,True,False
parallel_worst_patch16_weight50_seed41_128_m64_crop,/mnt/wmcontent/GLX/icassp/MBRS/experiments/runs/parallel_worst_patch16_weight50_seed41_128_m64_crop/checkpoint_0100.pth,2809c4a167d7847947af27e4c8dbca270e553c30bfbfe5ff1fc07d762afab0cf,4.0,18.069710444015715,0.5497854715585708,0.24847216799855232,16.770967979004578,0.023498903783038257,0.15547882369418298,19.2359552192688,0.0683785006403923,True,True
parallel_worst_patch16_weight50_seed41_128_m64_crop,/mnt/wmcontent/GLX/icassp/MBRS/experiments/runs/parallel_worst_patch16_weight50_seed41_128_m64_crop/checkpoint_0100.pth,2809c4a167d7847947af27e4c8dbca270e553c30bfbfe5ff1fc07d762afab0cf,5.0,16.250874952915314,0.4652316504716873,0.31130208730697634,14.956387523618254,0.035730569581501184,0.15552230271152603,21.81413272857666,0.08992960304021835,True,True
parallel_worst_patch32_weight25_seed29_128_m64_crop,/mnt/wmcontent/GLX/icassp/MBRS/experiments/runs/parallel_worst_patch32_weight25_seed29_128_m64_crop/checkpoint_0100.pth,3a29158a506f252dbfc5ad9ce29127a9389658f314c1d082b151fff229bcbcf6,1.0,32.72499795043188,0.9256690192222595,0.008010410473216325,31.91103185845443,0.0007819119533814955,0.11738059202362144,4.706143960952759,0.0,False,False
parallel_worst_patch32_weight25_seed29_128_m64_crop,/mnt/wmcontent/GLX/icassp/MBRS/experiments/runs/parallel_worst_patch32_weight25_seed29_128_m64_crop/checkpoint_0100.pth,3a29158a506f252dbfc5ad9ce29127a9389658f314c1d082b151fff229bcbcf6,1.5,29.27080119689341,0.8679655683040619,0.017955556595698,28.46521713880075,0.0017292905232170596,0.1150817562758382,6.855675554275512,0.016328532248735428,True,False
parallel_worst_patch32_weight25_seed29_128_m64_crop,/mnt/wmcontent/GLX/icassp/MBRS/experiments/runs/parallel_worst_patch32_weight25_seed29_128_m64_crop/checkpoint_0100.pth,3a29158a506f252dbfc5ad9ce29127a9389658f314c1d082b151fff229bcbcf6,2.0,26.84700931039389,0.8110669803619385,0.0308543324097991,26.04872999844001,0.0030133282142924146,0.11279554797117557,8.836170291900634,0.02458333410322666,True,False
parallel_worst_patch32_weight25_seed29_128_m64_crop,/mnt/wmcontent/GLX/icassp/MBRS/experiments/runs/parallel_worst_patch32_weight25_seed29_128_m64_crop/checkpoint_0100.pth,3a29158a506f252dbfc5ad9ce29127a9389658f314c1d082b151fff229bcbcf6,2.5,24.982891757416862,0.7573808705806733,0.04584738656878471,24.194820525786056,0.004612879465566948,0.11068950363907533,10.64769006729126,0.03273559734225273,True,False
parallel_worst_patch32_weight25_seed29_128_m64_crop,/mnt/wmcontent/GLX/icassp/MBRS/experiments/runs/parallel_worst_patch32_weight25_seed29_128_m64_crop/checkpoint_0100.pth,3a29158a506f252dbfc5ad9ce29127a9389658f314c1d082b151fff229bcbcf6,3.0,23.46905445905071,0.7074128866195679,0.06268842596560717,22.691848637363748,0.006526078424649313,0.10883069079767113,12.300736923217773,0.040727946907281876,True,False
parallel_worst_patch32_weight25_seed29_128_m64_crop,/mnt/wmcontent/GLX/icassp/MBRS/experiments/runs/parallel_worst_patch32_weight25_seed29_128_m64_crop/checkpoint_0100.pth,3a29158a506f252dbfc5ad9ce29127a9389658f314c1d082b151fff229bcbcf6,4.0,21.09905305721721,0.6183257311582565,0.10085220195353031,20.33975415476527,0.011250461933668703,0.1062819378766202,15.191817817687989,0.05652506649494171,True,True
parallel_worst_patch32_weight25_seed29_128_m64_crop,/mnt/wmcontent/GLX/icassp/MBRS/experiments/runs/parallel_worst_patch32_weight25_seed29_128_m64_crop/checkpoint_0100.pth,3a29158a506f252dbfc5ad9ce29127a9389658f314c1d082b151fff229bcbcf6,5.0,19.28215813841043,0.5422704815864563,0.14173174485564233,18.53260382775327,0.01716633973643184,0.10494089016438268,17.621314792633058,0.0723775252699852,True,True
parallel_worst_patch32_weight25_seed41_128_m64_crop,/mnt/wmcontent/GLX/icassp/MBRS/experiments/runs/parallel_worst_patch32_weight25_seed41_128_m64_crop/checkpoint_0100.pth,6fe3f078cee42947b508f4160e2ecc488bfed2a58f2482301541cc5d25805fdd,1.0,30.3974318163684,0.9212989389896393,0.04365152088925242,29.20487368565411,0.001298449341848027,0.13864754309010288,7.297569856643677,0.0,False,False
parallel_worst_patch32_weight25_seed41_128_m64_crop,/mnt/wmcontent/GLX/icassp/MBRS/experiments/runs/parallel_worst_patch32_weight25_seed41_128_m64_crop/checkpoint_0100.pth,6fe3f078cee42947b508f4160e2ecc488bfed2a58f2482301541cc5d25805fdd,1.5,26.92767973339616,0.8581978261470795,0.08042908862233161,25.75274911016889,0.0028663627343485133,0.13634187222528843,10.040318794250489,0.017690429463982582,True,False
parallel_worst_patch32_weight25_seed41_128_m64_crop,/mnt/wmcontent/GLX/icassp/MBRS/experiments/runs/parallel_worst_patch32_weight25_seed41_128_m64_crop/checkpoint_0100.pth,6fe3f078cee42947b508f4160e2ecc488bfed2a58f2482301541cc5d25805fdd,2.0,24.500219453613376,0.7948791468143463,0.11795534998178482,23.350465479312607,0.004956115178065375,0.13303184001518223,12.288596820831298,0.027794595807790756,True,False
parallel_worst_patch32_weight25_seed41_128_m64_crop,/mnt/wmcontent/GLX/icassp/MBRS/experiments/runs/parallel_worst_patch32_weight25_seed41_128_m64_crop/checkpoint_0100.pth,6fe3f078cee42947b508f4160e2ecc488bfed2a58f2482301541cc5d25805fdd,2.5,22.644473878076717,0.7348225718736648,0.15420857027173043,21.525222587295232,0.007499544753227383,0.12913323629400814,14.163701210021973,0.03878499194979668,True,False
parallel_worst_patch32_weight25_seed41_128_m64_crop,/mnt/wmcontent/GLX/icassp/MBRS/experiments/runs/parallel_worst_patch32_weight25_seed41_128_m64_crop/checkpoint_0100.pth,6fe3f078cee42947b508f4160e2ecc488bfed2a58f2482301541cc5d25805fdd,3.0,21.145802839117245,0.6789882135391235,0.188692384660244,20.058644013578704,0.010463685002177954,0.12523679512344973,15.76377857208252,0.049590252339839935,True,False
parallel_worst_patch32_weight25_seed41_128_m64_crop,/mnt/wmcontent/GLX/icassp/MBRS/experiments/runs/parallel_worst_patch32_weight25_seed41_128_m64_crop/checkpoint_0100.pth,6fe3f078cee42947b508f4160e2ecc488bfed2a58f2482301541cc5d25805fdd,4.0,18.812770510901732,0.5803715258836746,0.25132314667105676,17.78308829988096,0.017558597936294974,0.11848408680368296,18.40461465835571,0.07014323025941849,True,True
parallel_worst_patch32_weight25_seed41_128_m64_crop,/mnt/wmcontent/GLX/icassp/MBRS/experiments/runs/parallel_worst_patch32_weight25_seed41_128_m64_crop/checkpoint_0100.pth,6fe3f078cee42947b508f4160e2ecc488bfed2a58f2482301541cc5d25805fdd,5.0,17.03476807746273,0.4977837270498276,0.30795736104249954,16.04959615994205,0.02607327909208834,0.11348429648163182,20.561145763397217,0.08955159783363342,True,True
patch_mean_128_m64_crop,/mnt/wmcontent/GLX/icassp/MBRS/experiments/runs/patch_mean_128_m64_crop/checkpoint_0100.pth,7f32b93d06179786f1f114af9428c5efd2efef42d6b312ae78cce702bb466f3e,1.0,32.51830244104822,0.9236433219909668,0.009069301725830883,31.62655983802746,0.0008137546638317871,0.11779893517910599,5.631845445632934,0.0,False,False
patch_mean_128_m64_crop,/mnt/wmcontent/GLX/icassp/MBRS/experiments/runs/patch_mean_128_m64_crop/checkpoint_0100.pth,7f32b93d06179786f1f114af9428c5efd2efef42d6b312ae78cce702bb466f3e,1.5,29.01688674161551,0.8630591809749604,0.02018181225284934,28.128664673809627,0.001822595545090735,0.11747980510152024,8.05765851020813,0.00992512982338667,False,False
patch_mean_128_m64_crop,/mnt/wmcontent/GLX/icassp/MBRS/experiments/runs/patch_mean_128_m64_crop/checkpoint_0100.pth,7f32b93d06179786f1f114af9428c5efd2efef42d6b312ae78cce702bb466f3e,2.0,26.54297047564762,0.8031951773166657,0.03516124283894897,25.658051246431377,0.0032243958330946043,0.1173549317190175,10.206228170394898,0.014972331002354622,True,False
patch_mean_128_m64_crop,/mnt/wmcontent/GLX/icassp/MBRS/experiments/runs/patch_mean_128_m64_crop/checkpoint_0100.pth,7f32b93d06179786f1f114af9428c5efd2efef42d6b312ae78cce702bb466f3e,2.5,24.632784632530715,0.7467036199569702,0.05315586060285568,23.749559360747668,0.0050120916205924,0.11738626473219085,12.108202438354493,0.020657552406191826,True,False
patch_mean_128_m64_crop,/mnt/wmcontent/GLX/icassp/MBRS/experiments/runs/patch_mean_128_m64_crop/checkpoint_0100.pth,7f32b93d06179786f1f114af9428c5efd2efef42d6b312ae78cce702bb466f3e,3.0,23.07995584539772,0.6942163556814194,0.07366085972636938,22.196978165123532,0.007176924893865361,0.11751714424354859,13.799851474761963,0.026676025241613388,True,False
patch_mean_128_m64_crop,/mnt/wmcontent/GLX/icassp/MBRS/experiments/runs/patch_mean_128_m64_crop/checkpoint_0100.pth,7f32b93d06179786f1f114af9428c5efd2efef42d6b312ae78cce702bb466f3e,4.0,20.65092743224604,0.6011288493871689,0.11846481956541538,19.768635055395723,0.012585456247907132,0.11774852593418879,16.687024478912353,0.03979207202792168,True,False
patch_mean_128_m64_crop,/mnt/wmcontent/GLX/icassp/MBRS/experiments/runs/patch_mean_128_m64_crop/checkpoint_0100.pth,7f32b93d06179786f1f114af9428c5efd2efef42d6b312ae78cce702bb466f3e,5.0,18.7969071077088,0.5224782240390777,0.16646785855293275,17.91327690014379,0.019320849324576558,0.11790724595986836,19.081831073760988,0.05399617552757263,True,True
seed17_contentaware_gradient_patch16_stride8_top10_alpha1_global0.5_local0.5,/mnt/wmcontent/GLX/icassp/MBRS/experiments/runs/seed17_contentaware_gradient_patch16_stride8_top10_alpha1_global0.5_local0.5/checkpoint_0020.pth,56e1b19b1ab7d9ba75ad6d675ae3385638bbe5910dcb930e720211dc1bc442c8,1.0,36.37352359289473,0.9614195704460144,0.0020857539353892206,35.60852090919547,0.00029679068364202977,0.09502461205140073,3.615842761993408,0.0,False,False
seed17_contentaware_gradient_patch16_stride8_top10_alpha1_global0.5_local0.5,/mnt/wmcontent/GLX/icassp/MBRS/experiments/runs/seed17_contentaware_gradient_patch16_stride8_top10_alpha1_global0.5_local0.5/checkpoint_0020.pth,56e1b19b1ab7d9ba75ad6d675ae3385638bbe5910dcb930e720211dc1bc442c8,1.5,32.868374468481164,0.9241068947315216,0.004826514893211425,32.10199079875363,0.0006651502657041419,0.09512474115803247,5.288953795433044,0.007450764998793602,False,False
seed17_contentaware_gradient_patch16_stride8_top10_alpha1_global0.5_local0.5,/mnt/wmcontent/GLX/icassp/MBRS/experiments/runs/seed17_contentaware_gradient_patch16_stride8_top10_alpha1_global0.5_local0.5/checkpoint_0020.pth,56e1b19b1ab7d9ba75ad6d675ae3385638bbe5910dcb930e720211dc1bc442c8,2.0,30.388281039827334,0.8830350136756897,0.00879137053154409,29.621260037305177,0.0011768804455641658,0.09531937359538574,6.854695510864258,0.010555013082921505,True,False
seed17_contentaware_gradient_patch16_stride8_top10_alpha1_global0.5_local0.5,/mnt/wmcontent/GLX/icassp/MBRS/experiments/runs/seed17_contentaware_gradient_patch16_stride8_top10_alpha1_global0.5_local0.5/checkpoint_0020.pth,56e1b19b1ab7d9ba75ad6d675ae3385638bbe5910dcb930e720211dc1bc442c8,2.5,28.470787866323924,0.8413424026966095,0.014014406949281693,27.702438112571564,0.001830525160767138,0.09568015725904423,8.31304141998291,0.014060872606933117,True,False
seed17_contentaware_gradient_patch16_stride8_top10_alpha1_global0.5_local0.5,/mnt/wmcontent/GLX/icassp/MBRS/experiments/runs/seed17_contentaware_gradient_patch16_stride8_top10_alpha1_global0.5_local0.5/checkpoint_0020.pth,56e1b19b1ab7d9ba75ad6d675ae3385638bbe5910dcb930e720211dc1bc442c8,3.0,26.91007202916822,0.8005619168281555,0.02037371266633272,26.138848558279047,0.002623464842909016,0.09617276226070626,9.667570972442627,0.01798909530043602,True,False
seed17_contentaware_gradient_patch16_stride8_top10_alpha1_global0.5_local0.5,/mnt/wmcontent/GLX/icassp/MBRS/experiments/runs/seed17_contentaware_gradient_patch16_stride8_top10_alpha1_global0.5_local0.5/checkpoint_0020.pth,56e1b19b1ab7d9ba75ad6d675ae3385638bbe5910dcb930e720211dc1bc442c8,4.0,24.463243388113778,0.7239827412366867,0.036426716037094596,23.685411700998348,0.00461350210243836,0.09727857099049812,12.0898309135437,0.026759034022688866,True,False
seed17_contentaware_gradient_patch16_stride8_top10_alpha1_global0.5_local0.5,/mnt/wmcontent/GLX/icassp/MBRS/experiments/runs/seed17_contentaware_gradient_patch16_stride8_top10_alpha1_global0.5_local0.5/checkpoint_0020.pth,56e1b19b1ab7d9ba75ad6d675ae3385638bbe5910dcb930e720211dc1bc442c8,5.0,22.58424170017467,0.6550226455926895,0.05600730009377003,21.800947925287968,0.007112601900007576,0.0982150413305027,14.180734882354736,0.036406658589839935,True,False
seed17_contentaware_gradient_patch16_stride8_top10_alpha2_global0.5_local0.5,/mnt/wmcontent/GLX/icassp/MBRS/experiments/runs/seed17_contentaware_gradient_patch16_stride8_top10_alpha2_global0.5_local0.5/checkpoint_0020.pth,2a4b12a61c1a437815fd2fc36fbb428d7aaf0fcc1da1f63ff68dc7b48f53be83,1.0,36.32004406573217,0.9610172653198242,0.0021068021783139557,35.550384595778546,0.0003006577522319276,0.0956096393828395,3.631538224220276,0.0,False,False
seed17_contentaware_gradient_patch16_stride8_top10_alpha2_global0.5_local0.5,/mnt/wmcontent/GLX/icassp/MBRS/experiments/runs/seed17_contentaware_gradient_patch16_stride8_top10_alpha2_global0.5_local0.5/checkpoint_0020.pth,2a4b12a61c1a437815fd2fc36fbb428d7aaf0fcc1da1f63ff68dc7b48f53be83,1.5,32.814907507758264,0.9233832919597625,0.004864476185757667,32.04395069319153,0.0006738682262948714,0.0957033772216855,5.313097558021545,0.007464599795639515,False,False
seed17_contentaware_gradient_patch16_stride8_top10_alpha2_global0.5_local0.5,/mnt/wmcontent/GLX/icassp/MBRS/experiments/runs/seed17_contentaware_gradient_patch16_stride8_top10_alpha2_global0.5_local0.5/checkpoint_0020.pth,2a4b12a61c1a437815fd2fc36fbb428d7aaf0fcc1da1f63ff68dc7b48f53be83,2.0,30.334955996425915,0.8820176684856414,0.008853651056997478,29.563058973025864,0.001192015883862041,0.09590321717763714,6.887060928344726,0.010607503354549408,True,False
seed17_contentaware_gradient_patch16_stride8_top10_alpha2_global0.5_local0.5,/mnt/wmcontent/GLX/icassp/MBRS/experiments/runs/seed17_contentaware_gradient_patch16_stride8_top10_alpha2_global0.5_local0.5/checkpoint_0020.pth,2a4b12a61c1a437815fd2fc36fbb428d7aaf0fcc1da1f63ff68dc7b48f53be83,2.5,28.417654262214008,0.8400723147392273,0.014099692394956946,27.64417033575634,0.0018534314131829887,0.09626470354782453,8.353113946914673,0.014099528081715107,True,False
seed17_contentaware_gradient_patch16_stride8_top10_alpha2_global0.5_local0.5,/mnt/wmcontent/GLX/icassp/MBRS/experiments/runs/seed17_contentaware_gradient_patch16_stride8_top10_alpha2_global0.5_local0.5/checkpoint_0020.pth,2a4b12a61c1a437815fd2fc36fbb428d7aaf0fcc1da1f63ff68dc7b48f53be83,3.0,26.857176927201433,0.7990762293338776,0.020480674877762794,26.08050905116539,0.002655865927808918,0.09677567937921719,9.714617404937744,0.018053792417049408,True,False
seed17_contentaware_gradient_patch16_stride8_top10_alpha2_global0.5_local0.5,/mnt/wmcontent/GLX/icassp/MBRS/experiments/runs/seed17_contentaware_gradient_patch16_stride8_top10_alpha2_global0.5_local0.5/checkpoint_0020.pth,2a4b12a61c1a437815fd2fc36fbb428d7aaf0fcc1da1f63ff68dc7b48f53be83,4.0,24.410856019943363,0.7221529650688171,0.036620877161622045,23.627468405949045,0.004669805807061493,0.09790052627916868,12.147869625091552,0.026947021484375,True,False
seed17_contentaware_gradient_patch16_stride8_top10_alpha2_global0.5_local0.5,/mnt/wmcontent/GLX/icassp/MBRS/experiments/runs/seed17_contentaware_gradient_patch16_stride8_top10_alpha2_global0.5_local0.5/checkpoint_0020.pth,2a4b12a61c1a437815fd2fc36fbb428d7aaf0fcc1da1f63ff68dc7b48f53be83,5.0,22.532263165584972,0.6529386657476425,0.056373723000288006,21.743353799865936,0.0072008838481269774,0.09884770785767322,14.246273727416993,0.03659220412373543,True,False
seed17_crop_hard16_stride8_top10_global_oklab_g12p5,/mnt/wmcontent/GLX/icassp/MBRS/experiments/runs/seed17_crop_hard16_stride8_top10_global_oklab_g12p5/checkpoint_0020.pth,e2847537921565edef747fda7a9eb82e06976ed77624988faa8e7a28b003098c,1.0,36.650197404727656,0.9635586428642273,0.0019409441447351128,35.87987106106152,0.0002808161173015833,0.09730342309060305,3.465416603088379,0.0,False,False
seed17_crop_hard16_stride8_top10_global_oklab_g12p5,/mnt/wmcontent/GLX/icassp/MBRS/experiments/runs/seed17_crop_hard16_stride8_top10_global_oklab_g12p5/checkpoint_0020.pth,e2847537921565edef747fda7a9eb82e06976ed77624988faa8e7a28b003098c,1.5,33.145631557763394,0.9279460620880127,0.004471018246840685,32.37525990207538,0.00062906107341405,0.09728320698311706,5.077790002822876,0.007436930201947689,False,False
seed17_crop_hard16_stride8_top10_global_oklab_g12p5,/mnt/wmcontent/GLX/icassp/MBRS/experiments/runs/seed17_crop_hard16_stride8_top10_global_oklab_g12p5/checkpoint_0020.pth,e2847537921565edef747fda7a9eb82e06976ed77624988faa8e7a28b003098c,2.0,30.665958871289046,0.8884663105010986,0.008111028526909649,29.89535707352221,0.0011126239065197296,0.0973997395539446,6.592967681884765,0.010502522811293602,True,False
seed17_crop_hard16_stride8_top10_global_oklab_g12p5,/mnt/wmcontent/GLX/icassp/MBRS/experiments/runs/seed17_crop_hard16_stride8_top10_global_oklab_g12p5/checkpoint_0020.pth,e2847537921565edef747fda7a9eb82e06976ed77624988faa8e7a28b003098c,2.5,28.748714875048588,0.8481760609149933,0.012899868595413864,27.977450420265786,0.00172955984598957,0.0976860083336195,8.010077123641969,0.013909504748880863,True,False
seed17_crop_hard16_stride8_top10_global_oklab_g12p5,/mnt/wmcontent/GLX/icassp/MBRS/experiments/runs/seed17_crop_hard16_stride8_top10_global_oklab_g12p5/checkpoint_0020.pth,e2847537921565edef747fda7a9eb82e06976ed77624988faa8e7a28b003098c,3.0,27.18808952397483,0.8086192357540131,0.01871947553008795,26.41500658105515,0.002478621617774479,0.09809654601957134,9.331429424285888,0.017751464620232582,True,False
seed17_crop_hard16_stride8_top10_global_oklab_g12p5,/mnt/wmcontent/GLX/icassp/MBRS/experiments/runs/seed17_crop_hard16_stride8_top10_global_oklab_g12p5/checkpoint_0020.pth,e2847537921565edef747fda7a9eb82e06976ed77624988faa8e7a28b003098c,4.0,24.74128493829624,0.7340252214670181,0.03339478237554431,23.96136704325591,0.004358377567259594,0.0991459762063631,11.705295028686523,0.026338297873735428,True,False
seed17_crop_hard16_stride8_top10_global_oklab_g12p5,/mnt/wmcontent/GLX/icassp/MBRS/experiments/runs/seed17_crop_hard16_stride8_top10_global_oklab_g12p5/checkpoint_0020.pth,e2847537921565edef747fda7a9eb82e06976ed77624988faa8e7a28b003098c,5.0,22.861883269520213,0.6665148466825486,0.05131391026079655,22.076648426120546,0.006718655368313193,0.10006613806419468,13.762447700500488,0.03571736812591553,True,False
seed17_crop_hard16_stride8_top10_global_oklab_g25,/mnt/wmcontent/GLX/icassp/MBRS/experiments/runs/seed17_crop_hard16_stride8_top10_global_oklab_g25/checkpoint_0020.pth,4a6bfedff9d79769a364ed189fc56a947e1c1115f9c247d4a86b70c6262e1ae4,1.0,36.81815030499279,0.9651044273376465,0.0018586249626241624,36.032251721523245,0.00027214937843382357,0.1000172464965898,3.3650115489959718,0.0,False,False
seed17_crop_hard16_stride8_top10_global_oklab_g25,/mnt/wmcontent/GLX/icassp/MBRS/experiments/runs/seed17_crop_hard16_stride8_top10_global_oklab_g25/checkpoint_0020.pth,4a6bfedff9d79769a364ed189fc56a947e1c1115f9c247d4a86b70c6262e1ae4,1.5,33.31374974726749,0.9306765222549438,0.004258584873750806,32.52823097098122,0.0006096129404613748,0.09996552159696487,4.935224885940552,0.0074259438551962376,False,False
seed17_crop_hard16_stride8_top10_global_oklab_g25,/mnt/wmcontent/GLX/icassp/MBRS/experiments/runs/seed17_crop_hard16_stride8_top10_global_oklab_g25/checkpoint_0020.pth,4a6bfedff9d79769a364ed189fc56a947e1c1115f9c247d4a86b70c6262e1ae4,2.0,30.834292333448914,0.8922589194774627,0.007699187467806041,30.049257546240106,0.0010781009617494418,0.10000822209889496,6.41416805267334,0.010457356460392475,True,False
seed17_crop_hard16_stride8_top10_global_oklab_g25,/mnt/wmcontent/GLX/icassp/MBRS/experiments/runs/seed17_crop_hard16_stride8_top10_global_oklab_g25/checkpoint_0020.pth,4a6bfedff9d79769a364ed189fc56a947e1c1115f9c247d4a86b70c6262e1ae4,2.5,28.917270466753763,0.852863599061966,0.012223483924753965,28.131946028048766,0.0016757405805401505,0.10024908625386506,7.800640039443969,0.013858642429113388,True,False
seed17_crop_hard16_stride8_top10_global_oklab_g25,/mnt/wmcontent/GLX/icassp/MBRS/experiments/runs/seed17_crop_hard16_stride8_top10_global_oklab_g25/checkpoint_0020.pth,4a6bfedff9d79769a364ed189fc56a947e1c1115f9c247d4a86b70c6262e1ae4,3.0,27.35693741680378,0.814054468870163,0.017719567492604255,26.570681305392167,0.002401291768765077,0.1006250398178789,9.096378946304322,0.017668457701802254,True,False
seed17_crop_hard16_stride8_top10_global_oklab_g25,/mnt/wmcontent/GLX/icassp/MBRS/experiments/runs/seed17_crop_hard16_stride8_top10_global_oklab_g25/checkpoint_0020.pth,4a6bfedff9d79769a364ed189fc56a947e1c1115f9c247d4a86b70c6262e1ae4,4.0,24.910546154574796,0.740624589920044,0.031682866532355546,24.117995644728197,0.004222465710481629,0.10163815511392536,11.430993480682373,0.02620442770421505,True,False
seed17_crop_hard16_stride8_top10_global_oklab_g25,/mnt/wmcontent/GLX/icassp/MBRS/experiments/runs/seed17_crop_hard16_stride8_top10_global_oklab_g25/checkpoint_0020.pth,4a6bfedff9d79769a364ed189fc56a947e1c1115f9c247d4a86b70c6262e1ae4,5.0,23.0314180442643,0.6739485228061676,0.04877467975020409,22.233646285972295,0.006508626469876617,0.10257296233247785,13.459506397247315,0.03558146208524704,True,False
seed17_crop_hard16_stride8_top10_local_chroma,/mnt/wmcontent/GLX/icassp/MBRS/experiments/runs/seed17_crop_hard16_stride8_top10_local_chroma/checkpoint_0020.pth,92ba2b77aacf3e80394e28b39f4a7ad9d5dcbb64e8d956e43d3fa95ba43ee2d7,1.0,36.535880683791575,0.9624543035030365,0.0020233522227499634,35.77687482251852,0.00028689350161585024,0.0952576275164224,3.533374786376953,0.0,False,False
seed17_crop_hard16_stride8_top10_local_chroma,/mnt/wmcontent/GLX/icassp/MBRS/experiments/runs/seed17_crop_hard16_stride8_top10_local_chroma/checkpoint_0020.pth,92ba2b77aacf3e80394e28b39f4a7ad9d5dcbb64e8d956e43d3fa95ba43ee2d7,1.5,33.030369759275004,0.9260445261001586,0.004683996699750424,32.27123098098852,0.0006427590799285099,0.09522314093130223,5.1735676622390745,0.0071997069753706455,False,False
seed17_crop_hard16_stride8_top10_local_chroma,/mnt/wmcontent/GLX/icassp/MBRS/experiments/runs/seed17_crop_hard16_stride8_top10_local_chroma/checkpoint_0020.pth,92ba2b77aacf3e80394e28b39f4a7ad9d5dcbb64e8d956e43d3fa95ba43ee2d7,2.0,30.549673030657694,0.8858720767498016,0.008519284287467599,29.790490435681985,0.0011371074337512255,0.09532532842377593,6.712590093612671,0.010183512233197689,True,False
seed17_crop_hard16_stride8_top10_local_chroma,/mnt/wmcontent/GLX/icassp/MBRS/experiments/runs/seed17_crop_hard16_stride8_top10_local_chroma/checkpoint_0020.pth,92ba2b77aacf3e80394e28b39f4a7ad9d5dcbb64e8d956e43d3fa95ba43ee2d7,2.5,28.631413374186852,0.8450047528743744,0.01356358990073204,27.871481278623563,0.001767795171472244,0.09558713214026611,8.149993495941162,0.013484293594956398,True,False
seed17_crop_hard16_stride8_top10_local_chroma,/mnt/wmcontent/GLX/icassp/MBRS/experiments/runs/seed17_crop_hard16_stride8_top10_local_chroma/checkpoint_0020.pth,92ba2b77aacf3e80394e28b39f4a7ad9d5dcbb64e8d956e43d3fa95ba43ee2d7,3.0,27.069732289963056,0.8049604034423828,0.01968907325528562,26.30816326389358,0.002533372648176737,0.0959476574207975,9.488857498168946,0.017235513776540756,True,False
seed17_crop_hard16_stride8_top10_local_chroma,/mnt/wmcontent/GLX/icassp/MBRS/experiments/runs/seed17_crop_hard16_stride8_top10_local_chroma/checkpoint_0020.pth,92ba2b77aacf3e80394e28b39f4a7ad9d5dcbb64e8d956e43d3fa95ba43ee2d7,4.0,24.62109489067555,0.7296007150411605,0.03509201718494296,23.853349389852784,0.004455593432066962,0.09688301528869817,11.8917667388916,0.02564331144094467,True,False
seed17_crop_hard16_stride8_top10_local_chroma,/mnt/wmcontent/GLX/icassp/MBRS/experiments/runs/seed17_crop_hard16_stride8_top10_local_chroma/checkpoint_0020.pth,92ba2b77aacf3e80394e28b39f4a7ad9d5dcbb64e8d956e43d3fa95ba43ee2d7,5.0,22.74024927363123,0.6615277630090713,0.0538016277179122,21.967728352109912,0.006870620313566178,0.09768722424756626,13.973435516357421,0.03491454944014549,True,False
seed17_jpeg_global_continuation,/mnt/wmcontent/GLX/icassp/MBRS/experiments/runs/seed17_jpeg_global_continuation/checkpoint_0020.pth,73ee40e707c4363676e1eb6276d105ac8093d1f751b353d3491d4cd9518ca72c,1.0,35.296970368285365,0.9519618594646454,0.0028868232876993714,34.57758018565327,0.0003737536130211083,0.08929523691508351,4.345057158470154,0.0,False,False
seed17_jpeg_global_continuation,/mnt/wmcontent/GLX/icassp/MBRS/experiments/runs/seed17_jpeg_global_continuation/checkpoint_0020.pth,73ee40e707c4363676e1eb6276d105ac8093d1f751b353d3491d4cd9518ca72c,1.5,31.794374583891045,0.9081174981594086,0.006871432894840836,31.07413561954775,0.0008369069744367152,0.0894369861771113,6.286605491638183,0.008751221001148224,False,False
seed17_jpeg_global_continuation,/mnt/wmcontent/GLX/icassp/MBRS/experiments/runs/seed17_jpeg_global_continuation/checkpoint_0020.pth,73ee40e707c4363676e1eb6276d105ac8093d1f751b353d3491d4cd9518ca72c,2.0,29.318148068645776,0.8615950846672058,0.012664136532694102,28.59562801039898,0.0014795490380492993,0.08989680945883802,8.059937744140624,0.012584635056555271,True,False
seed17_jpeg_global_continuation,/mnt/wmcontent/GLX/icassp/MBRS/experiments/runs/seed17_jpeg_global_continuation/checkpoint_0020.pth,73ee40e707c4363676e1eb6276d105ac8093d1f751b353d3491d4cd9518ca72c,2.5,27.405297008616635,0.815489467382431,0.020236792117357252,26.678963378006785,0.0022988928220001982,0.09053150743036634,9.674578895568848,0.01687215082347393,True,False
seed17_jpeg_global_continuation,/mnt/wmcontent/GLX/icassp/MBRS/experiments/runs/seed17_jpeg_global_continuation/checkpoint_0020.pth,73ee40e707c4363676e1eb6276d105ac8093d1f751b353d3491d4cd9518ca72c,3.0,25.849237180971123,0.7710725212097168,0.029514256985858082,25.118553791715275,0.0032919367391150444,0.09125119157949753,11.14476526260376,0.02153116837143898,True,False
seed17_jpeg_global_continuation,/mnt/wmcontent/GLX/icassp/MBRS/experiments/runs/seed17_jpeg_global_continuation/checkpoint_0020.pth,73ee40e707c4363676e1eb6276d105ac8093d1f751b353d3491d4cd9518ca72c,4.0,23.41120602336296,0.6890050595998765,0.05252868384122848,22.673363533710443,0.005778778688982129,0.09254415662671964,13.719037590026856,0.03169311583042145,True,False
seed17_jpeg_global_continuation,/mnt/wmcontent/GLX/icassp/MBRS/experiments/runs/seed17_jpeg_global_continuation/checkpoint_0020.pth,73ee40e707c4363676e1eb6276d105ac8093d1f751b353d3491d4cd9518ca72c,5.0,21.54142182355691,0.6164608788490296,0.080276964828372,20.798707006742585,0.008898443526122719,0.0934967074693671,15.909266414642333,0.04270019382238388,True,False
seed17_jpeg_oklab_tail_continuation,/mnt/wmcontent/GLX/icassp/MBRS/experiments/runs/seed17_jpeg_oklab_tail_continuation/checkpoint_0020.pth,e814bc50deda0b39685c15a8b140dafdf94ff985efe8a80dc2c22a96c33c13ed,1.0,37.95725220402056,0.9770756351947785,0.002392612346448004,37.15409726779017,0.00021041420342953642,0.10586802616437138,2.547456994056702,0.0,False,False
seed17_jpeg_oklab_tail_continuation,/mnt/wmcontent/GLX/icassp/MBRS/experiments/runs/seed17_jpeg_oklab_tail_continuation/checkpoint_0020.pth,e814bc50deda0b39685c15a8b140dafdf94ff985efe8a80dc2c22a96c33c13ed,1.5,34.48670693881229,0.9546580755710602,0.0056159474654123185,33.69106630231296,0.00046679493854753676,0.10488105165436813,3.755192928314209,0.011777344159781933,True,False
seed17_jpeg_oklab_tail_continuation,/mnt/wmcontent/GLX/icassp/MBRS/experiments/runs/seed17_jpeg_oklab_tail_continuation/checkpoint_0020.pth,e814bc50deda0b39685c15a8b140dafdf94ff985efe8a80dc2c22a96c33c13ed,2.0,32.038043791462286,0.929188826084137,0.010119189876131713,31.243340732052943,0.0008212802004709375,0.10444936986263437,4.910488152503968,0.016317138448357582,True,False
seed17_jpeg_oklab_tail_continuation,/mnt/wmcontent/GLX/icassp/MBRS/experiments/runs/seed17_jpeg_oklab_tail_continuation/checkpoint_0020.pth,e814bc50deda0b39685c15a8b140dafdf94ff985efe8a80dc2c22a96c33c13ed,2.5,30.149927967939085,0.9023938536643982,0.015749569861218334,29.34590596836973,0.0012731180235277862,0.10491214748140909,6.010866394042969,0.021111654117703438,True,False
seed17_jpeg_oklab_tail_continuation,/mnt/wmcontent/GLX/icassp/MBRS/experiments/runs/seed17_jpeg_oklab_tail_continuation/checkpoint_0020.pth,e814bc50deda0b39685c15a8b140dafdf94ff985efe8a80dc2c22a96c33c13ed,3.0,28.614380071470965,0.8751384401321411,0.022404469149187207,27.799256220426308,0.0018209823756478727,0.1061086053312919,7.056820049285888,0.025901691988110542,True,False
seed17_jpeg_oklab_tail_continuation,/mnt/wmcontent/GLX/icassp/MBRS/experiments/runs/seed17_jpeg_oklab_tail_continuation/checkpoint_0020.pth,e814bc50deda0b39685c15a8b140dafdf94ff985efe8a80dc2c22a96c33c13ed,4.0,26.206726412561572,0.8212214291095734,0.03830095142126083,25.370801865630234,0.003190986388362944,0.10929317813857095,8.9841543674469,0.03569905459880829,True,False
seed17_jpeg_oklab_tail_continuation,/mnt/wmcontent/GLX/icassp/MBRS/experiments/runs/seed17_jpeg_oklab_tail_continuation/checkpoint_0020.pth,e814bc50deda0b39685c15a8b140dafdf94ff985efe8a80dc2c22a96c33c13ed,5.0,24.355331841655527,0.7698369240760803,0.05712455045431852,23.50102423479621,0.004915883967187256,0.11263685926566387,10.69920030593872,0.045899659395217896,True,False
worst_128_m64_crop,/mnt/wmcontent/GLX/icassp/MBRS/experiments/runs/worst_128_m64_crop/checkpoint_0100.pth,549c239b3933eafd82c6d7bf702eec0e62feceb3aae32d9d672c5a53b0f3e479,1.0,34.59734063634738,0.9448602509498596,0.00558850038331002,33.90697987742623,0.0004364693367097061,0.08386080062410234,4.440616793632508,0.0,False,False
worst_128_m64_crop,/mnt/wmcontent/GLX/icassp/MBRS/experiments/runs/worst_128_m64_crop/checkpoint_0100.pth,549c239b3933eafd82c6d7bf702eec0e62feceb3aae32d9d672c5a53b0f3e479,1.5,31.10327180914222,0.8967583858966828,0.011981009440496564,30.419860429607454,0.0009740364184835926,0.08308126448667037,6.424410190582275,0.009499918669462204,False,False
worst_128_m64_crop,/mnt/wmcontent/GLX/icassp/MBRS/experiments/runs/worst_128_m64_crop/checkpoint_0100.pth,549c239b3933eafd82c6d7bf702eec0e62feceb3aae32d9d672c5a53b0f3e479,2.0,28.639876223934504,0.8469013285636902,0.0204264997318387,27.962011652209895,0.0017151789256604389,0.08254702531954113,8.233624563217163,0.014315185137093067,True,False
worst_128_m64_crop,/mnt/wmcontent/GLX/icassp/MBRS/experiments/runs/worst_128_m64_crop/checkpoint_0100.pth,549c239b3933eafd82c6d7bf702eec0e62feceb3aae32d9d672c5a53b0f3e479,2.5,26.740533597852618,0.7983560454845429,0.030718592796474695,26.06181948123456,0.002655134478700347,0.08254427266930758,9.876598386764526,0.019652100279927254,True,False
worst_128_m64_crop,/mnt/wmcontent/GLX/icassp/MBRS/experiments/runs/worst_128_m64_crop/checkpoint_0100.pth,549c239b3933eafd82c6d7bf702eec0e62feceb3aae32d9d672c5a53b0f3e479,3.0,25.197593531514677,0.7522306835651398,0.042464361153543,24.515602523603174,0.00378985290764831,0.08272767545902138,11.36775987625122,0.025249836966395378,True,False
worst_128_m64_crop,/mnt/wmcontent/GLX/icassp/MBRS/experiments/runs/worst_128_m64_crop/checkpoint_0100.pth,549c239b3933eafd82c6d7bf702eec0e62feceb3aae32d9d672c5a53b0f3e479,4.0,22.78514724611356,0.6683411264419555,0.06878953497856856,22.09438596385998,0.006619754347484559,0.0833413671161144,13.957521591186524,0.037277426570653915,True,False
worst_128_m64_crop,/mnt/wmcontent/GLX/icassp/MBRS/experiments/runs/worst_128_m64_crop/checkpoint_0100.pth,549c239b3933eafd82c6d7bf702eec0e62feceb3aae32d9d672c5a53b0f3e479,5.0,20.93841188619981,0.595264663696289,0.09784121818840504,20.2397573554841,0.010149822041857987,0.08397226582264708,16.125126724243163,0.04992716386914253,True,False
