method,image_index,crop_ratio,repeat,protected_bits,raw_ber,raw_bit_accuracy,detection_success,exact_decode_success,ecc_corrected_success,schema,logit_mean,logit_abs_mean
TrustMark Q,0,100%,0,100,0.0,1.0,1,1,1,1,-0.21160270273685455,10.677939414978027
TrustMark Q,0,100%,1,100,0.0,1.0,1,1,1,1,-0.21160270273685455,10.677939414978027
TrustMark Q,0,100%,2,100,0.0,1.0,1,1,1,1,-0.21160270273685455,10.677939414978027
TrustMark Q,0,100%,3,100,0.0,1.0,1,1,1,1,-0.21160270273685455,10.677939414978027
TrustMark Q,0,100%,4,100,0.0,1.0,1,1,1,1,-0.21160270273685455,10.677939414978027
TrustMark Q,0,70%,0,100,0.0,1.0,1,1,1,1,0.25495395064353943,9.1943941116333
TrustMark Q,0,70%,1,100,0.0,1.0,1,1,1,1,0.5013948678970337,9.412184715270996
TrustMark Q,0,70%,2,100,0.0,1.0,1,1,1,1,0.24664321541786194,10.065863609313965
TrustMark Q,0,70%,3,100,0.0,1.0,1,1,1,1,0.6339661478996277,9.000636100769043
TrustMark Q,0,70%,4,100,0.0,1.0,1,1,1,1,0.21117371320724487,9.971336364746094
TrustMark Q,0,50%,0,100,0.04,0.96,1,1,1,1,0.09604516625404358,6.37697696685791
TrustMark Q,0,50%,1,100,0.0,1.0,1,1,1,1,0.6555793881416321,8.276837348937988
TrustMark Q,0,50%,2,100,0.0,1.0,1,1,1,1,0.48175179958343506,8.159695625305176
TrustMark Q,0,50%,3,100,0.04,0.96,1,1,1,1,0.1588008850812912,5.407097339630127
TrustMark Q,0,50%,4,100,0.0,1.0,1,1,1,1,0.18017563223838806,7.1806721687316895
TrustMark Q,0,40%,0,100,0.03,0.97,1,1,1,1,0.2201698273420334,5.5800018310546875
TrustMark Q,0,40%,1,100,0.09,0.91,0,0,0,-1,0.655347466468811,4.723761081695557
TrustMark Q,0,40%,2,100,0.17,0.83,0,0,0,-1,0.03294823318719864,2.641921281814575
TrustMark Q,0,40%,3,100,0.12,0.88,0,0,0,-1,0.3088752031326294,3.004117965698242
TrustMark Q,0,40%,4,100,0.03,0.97,1,1,1,1,0.41064202785491943,5.798893928527832
TrustMark Q,0,30%,0,100,0.23,0.77,0,0,0,-1,-0.08006247878074646,1.5176483392715454
TrustMark Q,0,30%,1,100,0.11,0.89,0,0,0,-1,0.05114126205444336,2.5089333057403564
TrustMark Q,0,30%,2,100,0.11,0.89,0,0,0,-1,0.10511693358421326,2.3537418842315674
TrustMark Q,0,30%,3,100,0.22,0.78,0,0,0,-1,-0.024401338770985603,1.77671217918396
TrustMark Q,0,30%,4,100,0.15,0.85,0,0,0,-1,-0.15317536890506744,2.0873210430145264
TrustMark Q,1,100%,0,100,0.03,0.97,1,1,1,1,-0.19012050330638885,7.223227024078369
TrustMark Q,1,100%,1,100,0.03,0.97,1,1,1,1,-0.19012050330638885,7.223227024078369
TrustMark Q,1,100%,2,100,0.03,0.97,1,1,1,1,-0.19012050330638885,7.223227024078369
TrustMark Q,1,100%,3,100,0.03,0.97,1,1,1,1,-0.19012050330638885,7.223227024078369
TrustMark Q,1,100%,4,100,0.03,0.97,1,1,1,1,-0.19012050330638885,7.223227024078369
TrustMark Q,1,70%,0,100,0.06,0.94,0,0,0,-1,-0.13605381548404694,5.189730644226074
TrustMark Q,1,70%,1,100,0.04,0.96,1,1,1,1,-0.09658343344926834,5.5872602462768555
TrustMark Q,1,70%,2,100,0.02,0.98,1,1,1,1,-0.3121802508831024,6.2468414306640625
TrustMark Q,1,70%,3,100,0.05,0.95,1,1,1,1,-0.13402678072452545,5.377707481384277
TrustMark Q,1,70%,4,100,0.01,0.99,1,1,1,1,-0.270545095205307,5.968817710876465
TrustMark Q,1,50%,0,100,0.09,0.91,0,0,0,-1,-0.023544760420918465,3.190844774246216
TrustMark Q,1,50%,1,100,0.08,0.92,0,0,0,-1,-0.28111523389816284,4.203080177307129
TrustMark Q,1,50%,2,100,0.06,0.94,0,0,0,-1,-0.22116559743881226,4.062989234924316
TrustMark Q,1,50%,3,100,0.12,0.88,0,0,0,-1,-0.19107666611671448,2.820254325866699
TrustMark Q,1,50%,4,100,0.07,0.9299999999999999,0,0,0,-1,-0.14184583723545074,3.7754364013671875
TrustMark Q,1,40%,0,100,0.11,0.89,0,0,0,-1,0.006306565832346678,2.779881000518799
TrustMark Q,1,40%,1,100,0.17,0.83,0,0,0,-1,-0.0653858333826065,2.347374200820923
TrustMark Q,1,40%,2,100,0.23,0.77,0,0,0,-1,-0.12580420076847076,1.925828456878662
TrustMark Q,1,40%,3,100,0.19,0.81,0,0,0,-1,0.010164064355194569,1.9580559730529785
TrustMark Q,1,40%,4,100,0.11,0.89,0,0,0,-1,-0.2131565511226654,2.5952816009521484
TrustMark Q,1,30%,0,100,0.31,0.69,0,0,0,-1,-0.056970056146383286,1.1192125082015991
TrustMark Q,1,30%,1,100,0.23,0.77,0,0,0,-1,-0.0885794460773468,1.3182066679000854
TrustMark Q,1,30%,2,100,0.2,0.8,0,0,0,-1,-0.19624125957489014,1.7555384635925293
TrustMark Q,1,30%,3,100,0.23,0.77,0,0,0,-1,-0.08390065282583237,1.6999582052230835
TrustMark Q,1,30%,4,100,0.24,0.76,0,0,0,-1,-0.1681751310825348,1.2084550857543945
TrustMark Q,2,100%,0,100,0.0,1.0,1,1,1,1,0.008732309564948082,8.733049392700195
TrustMark Q,2,100%,1,100,0.0,1.0,1,1,1,1,0.008732309564948082,8.733049392700195
TrustMark Q,2,100%,2,100,0.0,1.0,1,1,1,1,0.008732309564948082,8.733049392700195
TrustMark Q,2,100%,3,100,0.0,1.0,1,1,1,1,0.008732309564948082,8.733049392700195
TrustMark Q,2,100%,4,100,0.0,1.0,1,1,1,1,0.008732309564948082,8.733049392700195
TrustMark Q,2,70%,0,100,0.01,0.99,1,1,1,1,0.12191806733608246,6.240102767944336
TrustMark Q,2,70%,1,100,0.0,1.0,1,1,1,1,0.26246345043182373,7.101625919342041
TrustMark Q,2,70%,2,100,0.01,0.99,1,1,1,1,0.28151509165763855,7.529478549957275
TrustMark Q,2,70%,3,100,0.01,0.99,1,1,1,1,0.20270007848739624,6.587037563323975
TrustMark Q,2,70%,4,100,0.0,1.0,1,1,1,1,0.24659638106822968,7.423344135284424
TrustMark Q,2,50%,0,100,0.14,0.86,0,0,0,-1,-0.06790531426668167,3.6167943477630615
TrustMark Q,2,50%,1,100,0.06,0.94,0,0,0,-1,0.7106181383132935,5.048387050628662
TrustMark Q,2,50%,2,100,0.01,0.99,1,1,1,1,0.7183990478515625,4.935295581817627
TrustMark Q,2,50%,3,100,0.08,0.92,0,0,0,-1,0.43282267451286316,3.487485408782959
TrustMark Q,2,50%,4,100,0.03,0.97,1,1,1,1,0.2985115945339203,4.075252532958984
TrustMark Q,2,40%,0,100,0.13,0.87,0,0,0,-1,0.18692529201507568,2.5784072875976562
TrustMark Q,2,40%,1,100,0.14,0.86,0,0,0,-1,0.02846546657383442,2.3332459926605225
TrustMark Q,2,40%,2,100,0.18,0.8200000000000001,0,0,0,-1,0.1136191189289093,2.0887982845306396
TrustMark Q,2,40%,3,100,0.15,0.85,0,0,0,-1,-0.10749661177396774,2.0068464279174805
TrustMark Q,2,40%,4,100,0.13,0.87,0,0,0,-1,0.5889480113983154,3.0266764163970947
TrustMark Q,2,30%,0,100,0.22,0.78,0,0,0,-1,0.03290119767189026,1.2346335649490356
TrustMark Q,2,30%,1,100,0.21,0.79,0,0,0,-1,-0.0020623779855668545,1.4776344299316406
TrustMark Q,2,30%,2,100,0.21,0.79,0,0,0,-1,-0.021233592182397842,1.3738212585449219
TrustMark Q,2,30%,3,100,0.21,0.79,1,0,0,3,0.06719886511564255,1.411566972732544
TrustMark Q,2,30%,4,100,0.21,0.79,0,0,0,-1,-0.11388233304023743,1.1148093938827515
TrustMark Q,3,100%,0,100,0.0,1.0,1,1,1,1,-0.4307982921600342,8.671503067016602
TrustMark Q,3,100%,1,100,0.0,1.0,1,1,1,1,-0.4307982921600342,8.671503067016602
TrustMark Q,3,100%,2,100,0.0,1.0,1,1,1,1,-0.4307982921600342,8.671503067016602
TrustMark Q,3,100%,3,100,0.0,1.0,1,1,1,1,-0.4307982921600342,8.671503067016602
TrustMark Q,3,100%,4,100,0.0,1.0,1,1,1,1,-0.4307982921600342,8.671503067016602
TrustMark Q,3,70%,0,100,0.02,0.98,1,1,1,1,-0.4800415337085724,6.995751857757568
TrustMark Q,3,70%,1,100,0.01,0.99,1,1,1,1,-0.7178241610527039,7.773843288421631
TrustMark Q,3,70%,2,100,0.0,1.0,1,1,1,1,-0.49465110898017883,8.369779586791992
TrustMark Q,3,70%,3,100,0.01,0.99,1,1,1,1,-0.6941425800323486,7.310568332672119
TrustMark Q,3,70%,4,100,0.0,1.0,1,1,1,1,-0.6143863201141357,8.423757553100586
TrustMark Q,3,50%,0,100,0.05,0.95,1,1,1,1,-0.14376020431518555,3.6999197006225586
TrustMark Q,3,50%,1,100,0.01,0.99,1,1,1,1,-0.43337661027908325,6.221240043640137
TrustMark Q,3,50%,2,100,0.02,0.98,1,1,1,1,-0.4275936186313629,6.102419376373291
TrustMark Q,3,50%,3,100,0.08,0.92,0,0,0,-1,-0.1804742068052292,3.5783801078796387
TrustMark Q,3,50%,4,100,0.01,0.99,1,1,1,1,-0.3673018217086792,5.6147685050964355
TrustMark Q,3,40%,0,100,0.07,0.9299999999999999,0,0,0,-1,-0.457520455121994,3.5879909992218018
TrustMark Q,3,40%,1,100,0.08,0.92,0,0,0,-1,-0.1341429203748703,2.658358097076416
TrustMark Q,3,40%,2,100,0.2,0.8,0,0,0,-1,-0.11889611929655075,2.2645130157470703
TrustMark Q,3,40%,3,100,0.19,0.81,0,0,0,-1,0.11904943734407425,2.094560146331787
TrustMark Q,3,40%,4,100,0.1,0.9,0,0,0,-1,-0.00919109582901001,3.4036865234375
TrustMark Q,3,30%,0,100,0.3,0.7,0,0,0,-1,0.03275350481271744,1.366581916809082
TrustMark Q,3,30%,1,100,0.15,0.85,0,0,0,-1,-0.23788109421730042,1.5092483758926392
TrustMark Q,3,30%,2,100,0.23,0.77,0,0,0,-1,0.005331878550350666,1.8486405611038208
TrustMark Q,3,30%,3,100,0.25,0.75,0,0,0,-1,-0.1145283579826355,1.7402044534683228
TrustMark Q,3,30%,4,100,0.17,0.83,0,0,0,-1,-0.08582551777362823,1.3465076684951782
TrustMark Q,4,100%,0,100,0.0,1.0,1,1,1,1,-0.9369992017745972,9.522651672363281
TrustMark Q,4,100%,1,100,0.0,1.0,1,1,1,1,-0.9369992017745972,9.522651672363281
TrustMark Q,4,100%,2,100,0.0,1.0,1,1,1,1,-0.9369992017745972,9.522651672363281
TrustMark Q,4,100%,3,100,0.0,1.0,1,1,1,1,-0.9369992017745972,9.522651672363281
TrustMark Q,4,100%,4,100,0.0,1.0,1,1,1,1,-0.9369992017745972,9.522651672363281
TrustMark Q,4,70%,0,100,0.0,1.0,1,1,1,1,-0.9835073351860046,7.753464221954346
TrustMark Q,4,70%,1,100,0.0,1.0,1,1,1,1,-1.0353888273239136,8.058331489562988
TrustMark Q,4,70%,2,100,0.0,1.0,1,1,1,1,-1.0255504846572876,8.445611000061035
TrustMark Q,4,70%,3,100,0.0,1.0,1,1,1,1,-0.9851363301277161,7.3697123527526855
TrustMark Q,4,70%,4,100,0.0,1.0,1,1,1,1,-1.0949422121047974,8.289360046386719
TrustMark Q,4,50%,0,100,0.05,0.95,1,1,1,1,-0.32622912526130676,4.807354927062988
TrustMark Q,4,50%,1,100,0.03,0.97,1,1,1,1,-0.5246500968933105,5.897727012634277
TrustMark Q,4,50%,2,100,0.05,0.95,1,1,1,1,-0.628497838973999,5.997396945953369
TrustMark Q,4,50%,3,100,0.05,0.95,1,1,1,1,-0.7143753170967102,4.3082780838012695
TrustMark Q,4,50%,4,100,0.06,0.94,1,1,1,1,-0.5779779553413391,4.5462565422058105
TrustMark Q,4,40%,0,100,0.09,0.91,0,0,0,-1,-0.4099344313144684,3.892706871032715
TrustMark Q,4,40%,1,100,0.06,0.94,0,0,0,-1,-0.47055914998054504,3.7427306175231934
TrustMark Q,4,40%,2,100,0.16,0.84,0,0,0,-1,-0.29796141386032104,2.5269196033477783
TrustMark Q,4,40%,3,100,0.12,0.88,0,0,0,-1,-0.16780178248882294,2.683439016342163
TrustMark Q,4,40%,4,100,0.04,0.96,1,1,1,1,-0.5948274731636047,3.648117780685425
TrustMark Q,4,30%,0,100,0.25,0.75,0,0,0,-1,-0.1272950917482376,1.2127593755722046
TrustMark Q,4,30%,1,100,0.19,0.81,0,0,0,-1,0.007740488275885582,1.858457088470459
TrustMark Q,4,30%,2,100,0.17,0.83,0,0,0,-1,-0.2254006564617157,2.067819118499756
TrustMark Q,4,30%,3,100,0.23,0.77,0,0,0,-1,-0.1561562865972519,1.5608841180801392
TrustMark Q,4,30%,4,100,0.2,0.8,0,0,0,-1,0.011082785204052925,1.2814503908157349
TrustMark Q,5,100%,0,100,0.01,0.99,1,1,1,1,-0.03474126756191254,7.561614990234375
TrustMark Q,5,100%,1,100,0.01,0.99,1,1,1,1,-0.03474126756191254,7.561614990234375
TrustMark Q,5,100%,2,100,0.01,0.99,1,1,1,1,-0.03474126756191254,7.561614990234375
TrustMark Q,5,100%,3,100,0.01,0.99,1,1,1,1,-0.03474126756191254,7.561614990234375
TrustMark Q,5,100%,4,100,0.01,0.99,1,1,1,1,-0.03474126756191254,7.561614990234375
TrustMark Q,5,70%,0,100,0.03,0.97,1,1,1,1,0.1262342929840088,5.285648345947266
TrustMark Q,5,70%,1,100,0.04,0.96,0,0,0,-1,-0.0005002927500754595,5.816439628601074
TrustMark Q,5,70%,2,100,0.0,1.0,1,1,1,1,0.08146610110998154,6.439095973968506
TrustMark Q,5,70%,3,100,0.02,0.98,0,0,0,-1,-0.024774465709924698,5.489578723907471
TrustMark Q,5,70%,4,100,0.01,0.99,1,1,1,1,0.06834262609481812,6.221985340118408
TrustMark Q,5,50%,0,100,0.1,0.9,0,0,0,-1,0.2370443195104599,3.277554512023926
TrustMark Q,5,50%,1,100,0.08,0.92,0,0,0,-1,0.014743843115866184,4.146447658538818
TrustMark Q,5,50%,2,100,0.07,0.9299999999999999,0,0,0,-1,0.09388317912817001,4.276423931121826
TrustMark Q,5,50%,3,100,0.09,0.91,0,0,0,-1,0.015362867154181004,2.623762845993042
TrustMark Q,5,50%,4,100,0.03,0.97,0,0,0,-1,0.013293957337737083,3.8577451705932617
TrustMark Q,5,40%,0,100,0.11,0.89,0,0,0,-1,0.09105297923088074,2.736644983291626
TrustMark Q,5,40%,1,100,0.19,0.81,0,0,0,-1,0.22637979686260223,2.364258289337158
TrustMark Q,5,40%,2,100,0.21,0.79,0,0,0,-1,-0.05821333825588226,0.8512383103370667
TrustMark Q,5,40%,3,100,0.26,0.74,0,0,0,-1,0.046718522906303406,1.1007487773895264
TrustMark Q,5,40%,4,100,0.13,0.87,0,0,0,-1,0.11235223710536957,2.713329553604126
TrustMark Q,5,30%,0,100,0.24,0.76,0,0,0,-1,-0.10453424602746964,0.6457893252372742
TrustMark Q,5,30%,1,100,0.2,0.8,0,0,0,-1,0.01092175580561161,1.2366005182266235
TrustMark Q,5,30%,2,100,0.24,0.76,0,0,0,-1,0.07140304893255234,1.129412055015564
TrustMark Q,5,30%,3,100,0.38,0.62,0,0,0,-1,-0.09833832085132599,0.41892945766448975
TrustMark Q,5,30%,4,100,0.25,0.75,0,0,0,-1,-0.11358186602592468,1.067346215248108
TrustMark Q,6,100%,0,100,0.0,1.0,1,1,1,1,1.9880915880203247,10.10710620880127
TrustMark Q,6,100%,1,100,0.0,1.0,1,1,1,1,1.9880915880203247,10.10710620880127
TrustMark Q,6,100%,2,100,0.0,1.0,1,1,1,1,1.9880915880203247,10.10710620880127
TrustMark Q,6,100%,3,100,0.0,1.0,1,1,1,1,1.9880915880203247,10.10710620880127
TrustMark Q,6,100%,4,100,0.0,1.0,1,1,1,1,1.9880915880203247,10.10710620880127
TrustMark Q,6,70%,0,100,0.0,1.0,1,1,1,1,1.5434948205947876,8.307476997375488
TrustMark Q,6,70%,1,100,0.0,1.0,1,1,1,1,1.2773691415786743,8.801277160644531
TrustMark Q,6,70%,2,100,0.0,1.0,1,1,1,1,1.570249319076538,9.108189582824707
TrustMark Q,6,70%,3,100,0.01,0.99,1,1,1,1,1.4042809009552002,8.322000503540039
TrustMark Q,6,70%,4,100,0.0,1.0,1,1,1,1,1.511476755142212,9.121459007263184
TrustMark Q,6,50%,0,100,0.05,0.95,1,1,1,1,1.2934077978134155,5.242709159851074
TrustMark Q,6,50%,1,100,0.02,0.98,1,1,1,1,0.8697457909584045,6.475686073303223
TrustMark Q,6,50%,2,100,0.03,0.97,1,1,1,1,0.7605190873146057,6.270501613616943
TrustMark Q,6,50%,3,100,0.03,0.97,1,1,1,1,0.5412445664405823,4.538110256195068
TrustMark Q,6,50%,4,100,0.05,0.95,1,1,1,1,0.9914839267730713,5.8685994148254395
TrustMark Q,6,40%,0,100,0.06,0.94,0,0,0,-1,0.8445044755935669,4.130764961242676
TrustMark Q,6,40%,1,100,0.03,0.97,1,1,1,1,0.9620369076728821,4.38285493850708
TrustMark Q,6,40%,2,100,0.11,0.89,0,0,0,-1,0.013218827545642853,2.6922314167022705
TrustMark Q,6,40%,3,100,0.07,0.9299999999999999,0,0,0,-1,0.7329828143119812,3.0966460704803467
TrustMark Q,6,40%,4,100,0.02,0.98,1,1,1,1,0.3197074830532074,4.31351375579834
TrustMark Q,6,30%,0,100,0.23,0.77,0,0,0,-1,-0.11884189397096634,1.235796332359314
TrustMark Q,6,30%,1,100,0.21,0.79,0,0,0,-1,0.4216494858264923,1.8577377796173096
TrustMark Q,6,30%,2,100,0.08,0.92,0,0,0,-1,0.5590803623199463,2.5330371856689453
TrustMark Q,6,30%,3,100,0.22,0.78,0,0,0,-1,0.0805167555809021,1.6525700092315674
TrustMark Q,6,30%,4,100,0.24,0.76,0,0,0,-1,0.196630597114563,1.4374489784240723
TrustMark Q,7,100%,0,100,0.0,1.0,1,1,1,1,-0.2904231548309326,10.16956901550293
TrustMark Q,7,100%,1,100,0.0,1.0,1,1,1,1,-0.2904231548309326,10.16956901550293
TrustMark Q,7,100%,2,100,0.0,1.0,1,1,1,1,-0.2904231548309326,10.16956901550293
TrustMark Q,7,100%,3,100,0.0,1.0,1,1,1,1,-0.2904231548309326,10.16956901550293
TrustMark Q,7,100%,4,100,0.0,1.0,1,1,1,1,-0.2904231548309326,10.16956901550293
TrustMark Q,7,70%,0,100,0.0,1.0,1,1,1,1,-0.08574659377336502,8.331860542297363
TrustMark Q,7,70%,1,100,0.0,1.0,1,1,1,1,0.1493106335401535,8.705953598022461
TrustMark Q,7,70%,2,100,0.0,1.0,1,1,1,1,0.12405446171760559,8.944546699523926
TrustMark Q,7,70%,3,100,0.0,1.0,1,1,1,1,0.10149765014648438,8.58577823638916
TrustMark Q,7,70%,4,100,0.0,1.0,1,1,1,1,0.10160554945468903,8.911592483520508
TrustMark Q,7,50%,0,100,0.02,0.98,1,1,1,1,-0.03242183104157448,6.253832817077637
TrustMark Q,7,50%,1,100,0.01,0.99,1,1,1,1,0.006093311123549938,6.898921966552734
TrustMark Q,7,50%,2,100,0.01,0.99,1,1,1,1,-0.06096711754798889,6.95865535736084
TrustMark Q,7,50%,3,100,0.09,0.91,0,0,0,-1,0.07604752480983734,4.1220316886901855
TrustMark Q,7,50%,4,100,0.04,0.96,1,1,1,1,-0.09848090261220932,5.853736400604248
TrustMark Q,7,40%,0,100,0.06,0.94,0,0,0,-1,0.11846756190061569,4.995108127593994
TrustMark Q,7,40%,1,100,0.07,0.9299999999999999,0,0,0,-1,0.3203166723251343,4.223007678985596
TrustMark Q,7,40%,2,100,0.19,0.81,0,0,0,-1,0.10834226757287979,2.412510633468628
TrustMark Q,7,40%,3,100,0.08,0.92,0,0,0,-1,0.21216712892055511,3.3923773765563965
TrustMark Q,7,40%,4,100,0.09,0.91,0,0,0,-1,0.2224801778793335,4.028318881988525
TrustMark Q,7,30%,0,100,0.2,0.8,0,0,0,-1,0.050078969448804855,1.4162275791168213
TrustMark Q,7,30%,1,100,0.16,0.84,0,0,0,-1,-0.06781480461359024,2.491546869277954
TrustMark Q,7,30%,2,100,0.13,0.87,0,0,0,-1,0.0635918602347374,2.5706124305725098
TrustMark Q,7,30%,3,100,0.17,0.83,0,0,0,-1,0.09942798316478729,1.6718363761901855
TrustMark Q,7,30%,4,100,0.21,0.79,0,0,0,-1,-0.027995970100164413,1.7174439430236816
TrustMark Q,8,100%,0,100,0.0,1.0,1,1,1,1,1.7939563989639282,9.140644073486328
TrustMark Q,8,100%,1,100,0.0,1.0,1,1,1,1,1.7939563989639282,9.140644073486328
TrustMark Q,8,100%,2,100,0.0,1.0,1,1,1,1,1.7939563989639282,9.140644073486328
TrustMark Q,8,100%,3,100,0.0,1.0,1,1,1,1,1.7939563989639282,9.140644073486328
TrustMark Q,8,100%,4,100,0.0,1.0,1,1,1,1,1.7939563989639282,9.140644073486328
TrustMark Q,8,70%,0,100,0.0,1.0,1,1,1,1,1.1700913906097412,6.818470001220703
TrustMark Q,8,70%,1,100,0.0,1.0,1,1,1,1,1.2124783992767334,7.062139511108398
TrustMark Q,8,70%,2,100,0.0,1.0,1,1,1,1,1.5512994527816772,7.859302997589111
TrustMark Q,8,70%,3,100,0.0,1.0,1,1,1,1,1.2858664989471436,6.490658760070801
TrustMark Q,8,70%,4,100,0.0,1.0,1,1,1,1,1.3006762266159058,7.737910270690918
TrustMark Q,8,50%,0,100,0.02,0.98,1,1,1,1,1.0009804964065552,3.744999647140503
TrustMark Q,8,50%,1,100,0.07,0.9299999999999999,0,0,0,-1,0.8835259079933167,4.395691871643066
TrustMark Q,8,50%,2,100,0.04,0.96,1,1,1,1,0.7366886734962463,4.411311149597168
TrustMark Q,8,50%,3,100,0.03,0.97,1,1,1,1,0.6934875249862671,4.033033847808838
TrustMark Q,8,50%,4,100,0.08,0.92,0,0,0,-1,0.5291711688041687,4.168931007385254
TrustMark Q,8,40%,0,100,0.1,0.9,0,0,0,-1,0.6239551305770874,2.779367685317993
TrustMark Q,8,40%,1,100,0.11,0.89,0,0,0,-1,0.9121742844581604,2.942145347595215
TrustMark Q,8,40%,2,100,0.17,0.83,0,0,0,-1,0.5344123244285583,2.417968511581421
TrustMark Q,8,40%,3,100,0.11,0.89,0,0,0,-1,0.6208336353302002,2.497997999191284
TrustMark Q,8,40%,4,100,0.11,0.89,0,0,0,-1,0.5737650394439697,3.2319183349609375
TrustMark Q,8,30%,0,100,0.21,0.79,0,0,0,-1,0.3107161819934845,1.3285847902297974
TrustMark Q,8,30%,1,100,0.14,0.86,0,0,0,-1,0.4375397861003876,2.1882619857788086
TrustMark Q,8,30%,2,100,0.19,0.81,0,0,0,-1,0.5922155976295471,1.8812710046768188
TrustMark Q,8,30%,3,100,0.16,0.84,0,0,0,-1,0.4310398995876312,1.607136845588684
TrustMark Q,8,30%,4,100,0.21,0.79,0,0,0,-1,0.23275251686573029,1.6124145984649658
TrustMark Q,9,100%,0,100,0.01,0.99,1,1,1,1,-0.04636622592806816,6.57575798034668
TrustMark Q,9,100%,1,100,0.01,0.99,1,1,1,1,-0.04636622592806816,6.57575798034668
TrustMark Q,9,100%,2,100,0.01,0.99,1,1,1,1,-0.04636622592806816,6.57575798034668
TrustMark Q,9,100%,3,100,0.01,0.99,1,1,1,1,-0.04636622592806816,6.57575798034668
TrustMark Q,9,100%,4,100,0.01,0.99,1,1,1,1,-0.04636622592806816,6.57575798034668
TrustMark Q,9,70%,0,100,0.04,0.96,1,1,1,1,0.11233091354370117,4.301029205322266
TrustMark Q,9,70%,1,100,0.03,0.97,1,1,1,1,0.1300782561302185,4.575366020202637
TrustMark Q,9,70%,2,100,0.02,0.98,1,1,1,1,-0.4190458059310913,5.041299819946289
TrustMark Q,9,70%,3,100,0.05,0.95,1,1,1,1,0.1370575875043869,4.3927483558654785
TrustMark Q,9,70%,4,100,0.03,0.97,1,1,1,1,-0.31566861271858215,4.9550323486328125
TrustMark Q,9,50%,0,100,0.16,0.84,0,0,0,-1,0.18978063762187958,2.4101717472076416
TrustMark Q,9,50%,1,100,0.09,0.91,0,0,0,-1,0.023171447217464447,2.5375185012817383
TrustMark Q,9,50%,2,100,0.09,0.91,0,0,0,-1,0.09062144160270691,2.723801374435425
TrustMark Q,9,50%,3,100,0.11,0.89,0,0,0,-1,-0.00910951104015112,2.097379684448242
TrustMark Q,9,50%,4,100,0.16,0.84,0,0,0,-1,-0.20996174216270447,1.93275785446167
TrustMark Q,9,40%,0,100,0.25,0.75,0,0,0,-1,0.011188583448529243,1.3600857257843018
TrustMark Q,9,40%,1,100,0.18,0.8200000000000001,0,0,0,-1,0.05578170716762543,1.8728342056274414
TrustMark Q,9,40%,2,100,0.22,0.78,0,0,0,-1,0.09529358148574829,1.3903107643127441
TrustMark Q,9,40%,3,100,0.25,0.75,0,0,0,-1,0.045287519693374634,1.33734130859375
TrustMark Q,9,40%,4,100,0.14,0.86,0,0,0,-1,0.070600226521492,1.673416256904602
TrustMark Q,9,30%,0,100,0.24,0.76,1,0,0,3,-0.026583731174468994,0.9497828483581543
TrustMark Q,9,30%,1,100,0.31,0.69,0,0,0,-1,-0.14136824011802673,1.1245813369750977
TrustMark Q,9,30%,2,100,0.28,0.72,0,0,0,-1,-0.02398175746202469,1.2671117782592773
TrustMark Q,9,30%,3,100,0.23,0.77,0,0,0,-1,0.049344900995492935,1.0526702404022217
TrustMark Q,9,30%,4,100,0.31,0.69,0,0,0,-1,0.035646744072437286,1.1288647651672363
TrustMark Q,10,100%,0,100,0.0,1.0,1,1,1,1,-0.23934806883335114,10.21474838256836
TrustMark Q,10,100%,1,100,0.0,1.0,1,1,1,1,-0.23934806883335114,10.21474838256836
TrustMark Q,10,100%,2,100,0.0,1.0,1,1,1,1,-0.23934806883335114,10.21474838256836
TrustMark Q,10,100%,3,100,0.0,1.0,1,1,1,1,-0.23934806883335114,10.21474838256836
TrustMark Q,10,100%,4,100,0.0,1.0,1,1,1,1,-0.23934806883335114,10.21474838256836
TrustMark Q,10,70%,0,100,0.0,1.0,1,1,1,1,-0.00852513313293457,8.429736137390137
TrustMark Q,10,70%,1,100,0.0,1.0,1,1,1,1,-0.13929903507232666,8.88571548461914
TrustMark Q,10,70%,2,100,0.0,1.0,1,1,1,1,0.0805460512638092,9.354560852050781
TrustMark Q,10,70%,3,100,0.0,1.0,1,1,1,1,-0.07696086913347244,8.43310260772705
TrustMark Q,10,70%,4,100,0.0,1.0,1,1,1,1,0.040950335562229156,9.306987762451172
TrustMark Q,10,50%,0,100,0.0,1.0,1,1,1,1,-0.1535426676273346,4.923761367797852
TrustMark Q,10,50%,1,100,0.02,0.98,1,1,1,1,-0.19836042821407318,7.174025058746338
TrustMark Q,10,50%,2,100,0.01,0.99,1,1,1,1,-0.08241649717092514,7.072507858276367
TrustMark Q,10,50%,3,100,0.03,0.97,1,1,1,1,-0.036264970898628235,5.1524529457092285
TrustMark Q,10,50%,4,100,0.02,0.98,1,1,1,1,0.02455112524330616,6.0024733543396
TrustMark Q,10,40%,0,100,0.04,0.96,1,1,1,1,-0.12601906061172485,4.0091657638549805
TrustMark Q,10,40%,1,100,0.08,0.92,0,0,0,-1,-0.4315473139286041,4.022280216217041
TrustMark Q,10,40%,2,100,0.11,0.89,0,0,0,-1,-0.035603541880846024,3.2644882202148438
TrustMark Q,10,40%,3,100,0.11,0.89,0,0,0,-1,-0.22100047767162323,3.105360746383667
TrustMark Q,10,40%,4,100,0.05,0.95,1,1,1,1,-0.10034308582544327,4.8357462882995605
TrustMark Q,10,30%,0,100,0.17,0.83,0,0,0,-1,0.12179752439260483,1.8588459491729736
TrustMark Q,10,30%,1,100,0.19,0.81,0,0,0,-1,0.1330483853816986,1.7517677545547485
TrustMark Q,10,30%,2,100,0.17,0.83,0,0,0,-1,-0.13171759247779846,2.1693615913391113
TrustMark Q,10,30%,3,100,0.15,0.85,0,0,0,-1,0.1290142685174942,2.43636155128479
TrustMark Q,10,30%,4,100,0.2,0.8,0,0,0,-1,-0.14354093372821808,1.4701662063598633
TrustMark Q,11,100%,0,100,0.0,1.0,1,1,1,1,0.2544257342815399,9.986080169677734
TrustMark Q,11,100%,1,100,0.0,1.0,1,1,1,1,0.2544257342815399,9.986080169677734
TrustMark Q,11,100%,2,100,0.0,1.0,1,1,1,1,0.2544257342815399,9.986080169677734
TrustMark Q,11,100%,3,100,0.0,1.0,1,1,1,1,0.2544257342815399,9.986080169677734
TrustMark Q,11,100%,4,100,0.0,1.0,1,1,1,1,0.2544257342815399,9.986080169677734
TrustMark Q,11,70%,0,100,0.01,0.99,1,1,1,1,0.4823828935623169,8.201427459716797
TrustMark Q,11,70%,1,100,0.0,1.0,1,1,1,1,0.3274126350879669,8.543106079101562
TrustMark Q,11,70%,2,100,0.0,1.0,1,1,1,1,0.2224159687757492,9.092645645141602
TrustMark Q,11,70%,3,100,0.0,1.0,1,1,1,1,0.2828831970691681,8.249604225158691
TrustMark Q,11,70%,4,100,0.0,1.0,1,1,1,1,0.14802496135234833,9.0807523727417
TrustMark Q,11,50%,0,100,0.03,0.97,1,1,1,1,0.3445524573326111,5.098563194274902
TrustMark Q,11,50%,1,100,0.02,0.98,1,1,1,1,0.3098602592945099,7.275148391723633
TrustMark Q,11,50%,2,100,0.02,0.98,1,1,1,1,0.3205183446407318,6.999785900115967
TrustMark Q,11,50%,3,100,0.04,0.96,1,1,1,1,0.049616631120443344,4.653231620788574
TrustMark Q,11,50%,4,100,0.04,0.96,1,1,1,1,0.3002055287361145,5.072996616363525
TrustMark Q,11,40%,0,100,0.02,0.98,1,1,1,1,0.11178531497716904,3.789734125137329
TrustMark Q,11,40%,1,100,0.1,0.9,0,0,0,-1,0.3647300601005554,3.420534372329712
TrustMark Q,11,40%,2,100,0.17,0.83,0,0,0,-1,0.07088260352611542,2.263589859008789
TrustMark Q,11,40%,3,100,0.13,0.87,0,0,0,-1,0.19303056597709656,2.5598442554473877
TrustMark Q,11,40%,4,100,0.08,0.92,0,0,0,-1,0.2865375578403473,4.314877033233643
TrustMark Q,11,30%,0,100,0.2,0.8,0,0,0,-1,0.048150740563869476,1.0854672193527222
TrustMark Q,11,30%,1,100,0.11,0.89,0,0,0,-1,0.08185479789972305,2.0563876628875732
TrustMark Q,11,30%,2,100,0.2,0.8,0,0,0,-1,-0.05863335728645325,1.711003065109253
TrustMark Q,11,30%,3,100,0.18,0.8200000000000001,0,0,0,-1,0.05145736783742905,1.4585826396942139
TrustMark Q,11,30%,4,100,0.17,0.83,0,0,0,-1,-0.02905604988336563,1.3328512907028198
TrustMark Q,12,100%,0,100,0.0,1.0,1,1,1,1,0.8454249501228333,9.506843566894531
TrustMark Q,12,100%,1,100,0.0,1.0,1,1,1,1,0.8454249501228333,9.506843566894531
TrustMark Q,12,100%,2,100,0.0,1.0,1,1,1,1,0.8454249501228333,9.506843566894531
TrustMark Q,12,100%,3,100,0.0,1.0,1,1,1,1,0.8454249501228333,9.506843566894531
TrustMark Q,12,100%,4,100,0.0,1.0,1,1,1,1,0.8454249501228333,9.506843566894531
TrustMark Q,12,70%,0,100,0.01,0.99,1,1,1,1,0.5631392002105713,5.898188591003418
TrustMark Q,12,70%,1,100,0.0,1.0,1,1,1,1,0.7171979546546936,7.485239028930664
TrustMark Q,12,70%,2,100,0.01,0.99,1,1,1,1,0.7687249779701233,8.490131378173828
TrustMark Q,12,70%,3,100,0.01,0.99,1,1,1,1,0.7216396927833557,7.345181941986084
TrustMark Q,12,70%,4,100,0.01,0.99,1,1,1,1,0.7098636627197266,8.370630264282227
TrustMark Q,12,50%,0,100,0.09,0.91,0,0,0,-1,0.33406680822372437,3.186697483062744
TrustMark Q,12,50%,1,100,0.06,0.94,0,0,0,-1,0.21881450712680817,4.002676010131836
TrustMark Q,12,50%,2,100,0.04,0.96,1,1,1,1,0.23781746625900269,4.2085466384887695
TrustMark Q,12,50%,3,100,0.1,0.9,0,0,0,-1,0.03598718345165253,3.0678133964538574
TrustMark Q,12,50%,4,100,0.05,0.95,1,1,1,1,0.14988131821155548,4.343991279602051
TrustMark Q,12,40%,0,100,0.1,0.9,0,0,0,-1,0.33607304096221924,2.9279298782348633
TrustMark Q,12,40%,1,100,0.12,0.88,0,0,0,-1,0.4965830147266388,2.676229238510132
TrustMark Q,12,40%,2,100,0.16,0.84,0,0,0,-1,-0.09946566820144653,1.9638575315475464
TrustMark Q,12,40%,3,100,0.23,0.77,0,0,0,-1,0.08124500513076782,1.5154962539672852
TrustMark Q,12,40%,4,100,0.06,0.94,0,0,0,-1,0.2050248384475708,2.8994433879852295
TrustMark Q,12,30%,0,100,0.26,0.74,0,0,0,-1,0.07179782539606094,1.0951021909713745
TrustMark Q,12,30%,1,100,0.16,0.84,0,0,0,-1,0.0018469274509698153,1.3939929008483887
TrustMark Q,12,30%,2,100,0.21,0.79,0,0,0,-1,0.3295360505580902,1.5203937292099
TrustMark Q,12,30%,3,100,0.24,0.76,0,0,0,-1,-0.036207251250743866,1.3115154504776
TrustMark Q,12,30%,4,100,0.26,0.74,0,0,0,-1,0.19622650742530823,0.6895718574523926
TrustMark Q,13,100%,0,100,0.03,0.97,1,1,1,1,0.12844206392765045,4.548809051513672
TrustMark Q,13,100%,1,100,0.03,0.97,1,1,1,1,0.12844206392765045,4.548809051513672
TrustMark Q,13,100%,2,100,0.03,0.97,1,1,1,1,0.12844206392765045,4.548809051513672
TrustMark Q,13,100%,3,100,0.03,0.97,1,1,1,1,0.12844206392765045,4.548809051513672
TrustMark Q,13,100%,4,100,0.03,0.97,1,1,1,1,0.12844206392765045,4.548809051513672
TrustMark Q,13,70%,0,100,0.06,0.94,0,0,0,-1,0.09871570765972137,3.4084787368774414
TrustMark Q,13,70%,1,100,0.04,0.96,1,1,1,1,-0.08049950003623962,3.659055709838867
TrustMark Q,13,70%,2,100,0.03,0.97,1,1,1,1,-0.1859600692987442,3.9326846599578857
TrustMark Q,13,70%,3,100,0.05,0.95,1,1,1,1,-0.16844183206558228,3.499683141708374
TrustMark Q,13,70%,4,100,0.02,0.98,1,1,1,1,-0.24025730788707733,4.020314693450928
TrustMark Q,13,50%,0,100,0.15,0.85,0,0,0,-1,0.3264201283454895,1.9626661539077759
TrustMark Q,13,50%,1,100,0.15,0.85,0,0,0,-1,0.1947023570537567,2.0424437522888184
TrustMark Q,13,50%,2,100,0.1,0.9,0,0,0,-1,0.07387654483318329,1.9640766382217407
TrustMark Q,13,50%,3,100,0.26,0.74,0,0,0,-1,-0.06758193671703339,1.3260999917984009
TrustMark Q,13,50%,4,100,0.14,0.86,0,0,0,-1,0.1150585263967514,1.7696526050567627
TrustMark Q,13,40%,0,100,0.2,0.8,0,0,0,-1,0.014427373185753822,1.0191035270690918
TrustMark Q,13,40%,1,100,0.19,0.81,0,0,0,-1,0.04449595510959625,1.9655816555023193
TrustMark Q,13,40%,2,100,0.22,0.78,0,0,0,-1,-0.0026191878132522106,1.2017000913619995
TrustMark Q,13,40%,3,100,0.23,0.77,0,0,0,-1,0.1597619205713272,1.3209816217422485
TrustMark Q,13,40%,4,100,0.24,0.76,0,0,0,-1,0.05270983278751373,1.3334356546401978
TrustMark Q,13,30%,0,100,0.29,0.71,0,0,0,-1,-0.0689423680305481,0.6508781909942627
TrustMark Q,13,30%,1,100,0.23,0.77,0,0,0,-1,0.03555915504693985,0.9396114349365234
TrustMark Q,13,30%,2,100,0.29,0.71,0,0,0,-1,0.16310936212539673,0.8328809142112732
TrustMark Q,13,30%,3,100,0.2,0.8,0,0,0,-1,-0.018695447593927383,1.2495992183685303
TrustMark Q,13,30%,4,100,0.27,0.73,0,0,0,-1,0.10621629655361176,0.8466655015945435
TrustMark Q,14,100%,0,100,0.0,1.0,1,1,1,1,-0.877388596534729,10.100992202758789
TrustMark Q,14,100%,1,100,0.0,1.0,1,1,1,1,-0.877388596534729,10.100992202758789
TrustMark Q,14,100%,2,100,0.0,1.0,1,1,1,1,-0.877388596534729,10.100992202758789
TrustMark Q,14,100%,3,100,0.0,1.0,1,1,1,1,-0.877388596534729,10.100992202758789
TrustMark Q,14,100%,4,100,0.0,1.0,1,1,1,1,-0.877388596534729,10.100992202758789
TrustMark Q,14,70%,0,100,0.0,1.0,1,1,1,1,-0.33261239528656006,8.386041641235352
TrustMark Q,14,70%,1,100,0.0,1.0,1,1,1,1,-0.20534555613994598,8.268097877502441
TrustMark Q,14,70%,2,100,0.0,1.0,1,1,1,1,-0.5771681666374207,8.88515567779541
TrustMark Q,14,70%,3,100,0.0,1.0,1,1,1,1,-0.25587955117225647,8.069999694824219
TrustMark Q,14,70%,4,100,0.0,1.0,1,1,1,1,-0.552233874797821,8.841285705566406
TrustMark Q,14,50%,0,100,0.0,1.0,1,1,1,1,-0.11657465249300003,5.604337215423584
TrustMark Q,14,50%,1,100,0.04,0.96,1,1,1,1,0.06330062448978424,6.182368755340576
TrustMark Q,14,50%,2,100,0.03,0.97,1,1,1,1,0.06642616540193558,6.129098415374756
TrustMark Q,14,50%,3,100,0.12,0.88,0,0,0,-1,0.23261192440986633,3.6543734073638916
TrustMark Q,14,50%,4,100,0.04,0.96,1,1,1,1,-0.27549314498901367,5.92936897277832
TrustMark Q,14,40%,0,100,0.07,0.9299999999999999,0,0,0,-1,0.05540062114596367,4.6388959884643555
TrustMark Q,14,40%,1,100,0.1,0.9,0,0,0,-1,-0.027490835636854172,3.5510506629943848
TrustMark Q,14,40%,2,100,0.23,0.77,0,0,0,-1,0.042608652263879776,2.3586390018463135
TrustMark Q,14,40%,3,100,0.17,0.83,0,0,0,-1,-0.0539219006896019,2.603703022003174
TrustMark Q,14,40%,4,100,0.14,0.86,0,0,0,-1,0.6751341223716736,3.7570486068725586
TrustMark Q,14,30%,0,100,0.3,0.7,0,0,0,-1,0.1841999590396881,1.373154640197754
TrustMark Q,14,30%,1,100,0.16,0.84,0,0,0,-1,-0.07280353456735611,2.1077370643615723
TrustMark Q,14,30%,2,100,0.22,0.78,0,0,0,-1,0.06088915839791298,1.8626465797424316
TrustMark Q,14,30%,3,100,0.25,0.75,0,0,0,-1,0.07654157280921936,1.7125986814498901
TrustMark Q,14,30%,4,100,0.19,0.81,0,0,0,-1,0.11146177351474762,1.4682121276855469
TrustMark Q,15,100%,0,100,0.02,0.98,1,1,1,1,0.24425341188907623,7.43646240234375
TrustMark Q,15,100%,1,100,0.02,0.98,1,1,1,1,0.24425341188907623,7.43646240234375
TrustMark Q,15,100%,2,100,0.02,0.98,1,1,1,1,0.24425341188907623,7.43646240234375
TrustMark Q,15,100%,3,100,0.02,0.98,1,1,1,1,0.24425341188907623,7.43646240234375
TrustMark Q,15,100%,4,100,0.02,0.98,1,1,1,1,0.24425341188907623,7.43646240234375
TrustMark Q,15,70%,0,100,0.05,0.95,1,1,1,1,0.25625839829444885,4.394413948059082
TrustMark Q,15,70%,1,100,0.03,0.97,1,1,1,1,0.5226657390594482,4.951852321624756
TrustMark Q,15,70%,2,100,0.02,0.98,1,1,1,1,0.5252476334571838,6.182035446166992
TrustMark Q,15,70%,3,100,0.07,0.9299999999999999,0,0,0,-1,0.381264865398407,4.131128787994385
TrustMark Q,15,70%,4,100,0.02,0.98,1,1,1,1,0.6851478815078735,5.966690540313721
TrustMark Q,15,50%,0,100,0.11,0.89,0,0,0,-1,0.23332902789115906,2.787339448928833
TrustMark Q,15,50%,1,100,0.14,0.86,0,0,0,-1,0.3852499723434448,2.6912078857421875
TrustMark Q,15,50%,2,100,0.12,0.88,0,0,0,-1,0.4486713409423828,2.7988197803497314
TrustMark Q,15,50%,3,100,0.11,0.89,0,0,0,-1,-0.0754338949918747,2.6795668601989746
TrustMark Q,15,50%,4,100,0.08,0.92,0,0,0,-1,0.3156663775444031,2.881174087524414
TrustMark Q,15,40%,0,100,0.2,0.8,0,0,0,-1,0.35465890169143677,1.9050345420837402
TrustMark Q,15,40%,1,100,0.13,0.87,0,0,0,-1,0.21954502165317535,2.325840950012207
TrustMark Q,15,40%,2,100,0.25,0.75,0,0,0,-1,-0.01092929020524025,1.6298713684082031
TrustMark Q,15,40%,3,100,0.19,0.81,0,0,0,-1,0.01724068634212017,2.0292725563049316
TrustMark Q,15,40%,4,100,0.15,0.85,0,0,0,-1,0.30066707730293274,2.1718688011169434
TrustMark Q,15,30%,0,100,0.29,0.71,0,0,0,-1,0.04039758816361427,0.9616692066192627
TrustMark Q,15,30%,1,100,0.23,0.77,0,0,0,-1,-0.031749874353408813,1.3802326917648315
TrustMark Q,15,30%,2,100,0.27,0.73,0,0,0,-1,0.2837066054344177,1.6221979856491089
TrustMark Q,15,30%,3,100,0.21,0.79,0,0,0,-1,0.03685029596090317,1.2860020399093628
TrustMark Q,15,30%,4,100,0.21,0.79,0,0,0,-1,-0.07107308506965637,1.2466565370559692
TrustMark Q,16,100%,0,100,0.0,1.0,1,1,1,1,-0.4223739206790924,9.591612815856934
TrustMark Q,16,100%,1,100,0.0,1.0,1,1,1,1,-0.4223739206790924,9.591612815856934
TrustMark Q,16,100%,2,100,0.0,1.0,1,1,1,1,-0.4223739206790924,9.591612815856934
TrustMark Q,16,100%,3,100,0.0,1.0,1,1,1,1,-0.4223739206790924,9.591612815856934
TrustMark Q,16,100%,4,100,0.0,1.0,1,1,1,1,-0.4223739206790924,9.591612815856934
TrustMark Q,16,70%,0,100,0.01,0.99,1,1,1,1,-0.37340518832206726,7.834743022918701
TrustMark Q,16,70%,1,100,0.0,1.0,1,1,1,1,-0.5399541258811951,8.089731216430664
TrustMark Q,16,70%,2,100,0.01,0.99,1,1,1,1,-0.30187445878982544,8.146524429321289
TrustMark Q,16,70%,3,100,0.0,1.0,1,1,1,1,-0.390781432390213,8.582352638244629
TrustMark Q,16,70%,4,100,0.01,0.99,1,1,1,1,-0.25278612971305847,8.725630760192871
TrustMark Q,16,50%,0,100,0.0,1.0,1,1,1,1,0.04743228107690811,6.518726348876953
TrustMark Q,16,50%,1,100,0.01,0.99,1,1,1,1,0.06482065469026566,6.025290012359619
TrustMark Q,16,50%,2,100,0.04,0.96,1,1,1,1,-0.10961110889911652,5.9308366775512695
TrustMark Q,16,50%,3,100,0.04,0.96,1,1,1,1,-0.21103981137275696,4.74151086807251
TrustMark Q,16,50%,4,100,0.03,0.97,1,1,1,1,-0.1634865403175354,5.099152088165283
TrustMark Q,16,40%,0,100,0.1,0.9,0,0,0,-1,0.2080317884683609,2.829974889755249
TrustMark Q,16,40%,1,100,0.05,0.95,1,1,1,1,-0.020149698480963707,3.6440346240997314
TrustMark Q,16,40%,2,100,0.07,0.9299999999999999,0,0,0,-1,0.06402865797281265,3.351580858230591
TrustMark Q,16,40%,3,100,0.03,0.97,1,1,1,1,0.2669913172721863,4.553433418273926
TrustMark Q,16,40%,4,100,0.07,0.9299999999999999,0,0,0,-1,0.3345431983470917,3.1640541553497314
TrustMark Q,16,30%,0,100,0.12,0.88,0,0,0,-1,0.17943993210792542,2.7535250186920166
TrustMark Q,16,30%,1,100,0.17,0.83,0,0,0,-1,-0.08818021416664124,1.885266900062561
TrustMark Q,16,30%,2,100,0.15,0.85,0,0,0,-1,0.04637647792696953,1.8464229106903076
TrustMark Q,16,30%,3,100,0.16,0.84,0,0,0,-1,-0.12086305767297745,2.098940372467041
TrustMark Q,16,30%,4,100,0.3,0.7,0,0,0,-1,-0.04322594776749611,1.4068020582199097
TrustMark Q,17,100%,0,100,0.0,1.0,1,1,1,1,-1.5901398658752441,10.622657775878906
TrustMark Q,17,100%,1,100,0.0,1.0,1,1,1,1,-1.5901398658752441,10.622657775878906
TrustMark Q,17,100%,2,100,0.0,1.0,1,1,1,1,-1.5901398658752441,10.622657775878906
TrustMark Q,17,100%,3,100,0.0,1.0,1,1,1,1,-1.5901398658752441,10.622657775878906
TrustMark Q,17,100%,4,100,0.0,1.0,1,1,1,1,-1.5901398658752441,10.622657775878906
TrustMark Q,17,70%,0,100,0.0,1.0,1,1,1,1,-1.5178968906402588,9.470047950744629
TrustMark Q,17,70%,1,100,0.0,1.0,1,1,1,1,-1.369626522064209,9.380640029907227
TrustMark Q,17,70%,2,100,0.0,1.0,1,1,1,1,-1.5915544033050537,9.916923522949219
TrustMark Q,17,70%,3,100,0.0,1.0,1,1,1,1,-1.7244285345077515,9.891284942626953
TrustMark Q,17,70%,4,100,0.0,1.0,1,1,1,1,-1.5746269226074219,9.966170310974121
TrustMark Q,17,50%,0,100,0.01,0.99,1,1,1,1,-1.015788197517395,7.020308971405029
TrustMark Q,17,50%,1,100,0.07,0.9299999999999999,0,0,0,-1,-0.7524926662445068,5.8660478591918945
TrustMark Q,17,50%,2,100,0.0,1.0,1,1,1,1,-1.5066790580749512,7.199800968170166
TrustMark Q,17,50%,3,100,0.03,0.97,1,1,1,1,-1.0124791860580444,5.512156963348389
TrustMark Q,17,50%,4,100,0.04,0.96,1,1,1,1,-0.8659066557884216,5.074526786804199
TrustMark Q,17,40%,0,100,0.12,0.88,0,0,0,-1,-0.34508323669433594,3.8038370609283447
TrustMark Q,17,40%,1,100,0.1,0.9,0,0,0,-1,-0.3552738428115845,4.009774684906006
TrustMark Q,17,40%,2,100,0.07,0.9299999999999999,0,0,0,-1,-0.7877148985862732,3.769984722137451
TrustMark Q,17,40%,3,100,0.04,0.96,1,1,1,1,-1.0926024913787842,5.371201038360596
TrustMark Q,17,40%,4,100,0.07,0.9299999999999999,0,0,0,-1,-0.5927612781524658,3.8689606189727783
TrustMark Q,17,30%,0,100,0.13,0.87,0,0,0,-1,-0.5339845418930054,2.8891777992248535
TrustMark Q,17,30%,1,100,0.14,0.86,0,0,0,-1,-0.3372146487236023,2.553445816040039
TrustMark Q,17,30%,2,100,0.24,0.76,0,0,0,-1,-0.470499187707901,2.0027663707733154
TrustMark Q,17,30%,3,100,0.17,0.83,0,0,0,-1,0.16633625328540802,2.2003796100616455
TrustMark Q,17,30%,4,100,0.19,0.81,0,0,0,-1,-0.3348129391670227,1.8005456924438477
TrustMark Q,18,100%,0,100,0.01,0.99,1,1,1,1,0.8278781771659851,5.856623649597168
TrustMark Q,18,100%,1,100,0.01,0.99,1,1,1,1,0.8278781771659851,5.856623649597168
TrustMark Q,18,100%,2,100,0.01,0.99,1,1,1,1,0.8278781771659851,5.856623649597168
TrustMark Q,18,100%,3,100,0.01,0.99,1,1,1,1,0.8278781771659851,5.856623649597168
TrustMark Q,18,100%,4,100,0.01,0.99,1,1,1,1,0.8278781771659851,5.856623649597168
TrustMark Q,18,70%,0,100,0.02,0.98,1,1,1,1,0.6325490474700928,4.589049339294434
TrustMark Q,18,70%,1,100,0.03,0.97,1,1,1,1,0.6170569062232971,4.671670913696289
TrustMark Q,18,70%,2,100,0.04,0.96,1,1,1,1,0.7352653741836548,5.225582122802734
TrustMark Q,18,70%,3,100,0.02,0.98,1,1,1,1,0.6227157115936279,4.9522294998168945
TrustMark Q,18,70%,4,100,0.02,0.98,1,1,1,1,0.8090795278549194,4.866947174072266
TrustMark Q,18,50%,0,100,0.07,0.9299999999999999,0,0,0,-1,0.34310397505760193,2.9748055934906006
TrustMark Q,18,50%,1,100,0.1,0.9,0,0,0,-1,0.4244139790534973,2.6467926502227783
TrustMark Q,18,50%,2,100,0.08,0.92,0,0,0,-1,0.2859022319316864,3.1231272220611572
TrustMark Q,18,50%,3,100,0.07,0.9299999999999999,0,0,0,-1,0.23700368404388428,2.940694570541382
TrustMark Q,18,50%,4,100,0.16,0.84,0,0,0,-1,0.24425989389419556,2.425046920776367
TrustMark Q,18,40%,0,100,0.17,0.83,0,0,0,-1,0.10887116193771362,1.4727383852005005
TrustMark Q,18,40%,1,100,0.22,0.78,0,0,0,-1,0.19958217442035675,1.6772003173828125
TrustMark Q,18,40%,2,100,0.16,0.84,0,0,0,-1,0.29120948910713196,1.7272371053695679
TrustMark Q,18,40%,3,100,0.1,0.9,0,0,0,-1,0.3415446877479553,2.407717227935791
TrustMark Q,18,40%,4,100,0.15,0.85,0,0,0,-1,0.15751798450946808,1.6817867755889893
TrustMark Q,18,30%,0,100,0.18,0.8200000000000001,0,0,0,-1,0.1895037442445755,1.603490948677063
TrustMark Q,18,30%,1,100,0.2,0.8,0,0,0,-1,0.15355193614959717,1.267773151397705
TrustMark Q,18,30%,2,100,0.22,0.78,0,0,0,-1,0.11810269951820374,1.1435937881469727
TrustMark Q,18,30%,3,100,0.25,0.75,0,0,0,-1,0.03790116310119629,1.2095657587051392
TrustMark Q,18,30%,4,100,0.28,0.72,0,0,0,-1,-0.0005420972593128681,0.37915247678756714
TrustMark Q,19,100%,0,100,0.01,0.99,1,1,1,1,-0.2921597957611084,6.34686279296875
TrustMark Q,19,100%,1,100,0.01,0.99,1,1,1,1,-0.2921597957611084,6.34686279296875
TrustMark Q,19,100%,2,100,0.01,0.99,1,1,1,1,-0.2921597957611084,6.34686279296875
TrustMark Q,19,100%,3,100,0.01,0.99,1,1,1,1,-0.2921597957611084,6.34686279296875
TrustMark Q,19,100%,4,100,0.01,0.99,1,1,1,1,-0.2921597957611084,6.34686279296875
TrustMark Q,19,70%,0,100,0.05,0.95,1,1,1,1,-0.12190555781126022,4.389693737030029
TrustMark Q,19,70%,1,100,0.02,0.98,1,1,1,1,-0.3976644277572632,4.376530647277832
TrustMark Q,19,70%,2,100,0.0,1.0,1,1,1,1,-0.2909286618232727,4.4827775955200195
TrustMark Q,19,70%,3,100,0.0,1.0,1,1,1,1,-0.07690650224685669,5.021149635314941
TrustMark Q,19,70%,4,100,0.02,0.98,1,1,1,1,-0.3233303725719452,4.942025661468506
TrustMark Q,19,50%,0,100,0.05,0.95,1,1,1,1,-0.2840704321861267,3.098902702331543
TrustMark Q,19,50%,1,100,0.09,0.91,0,0,0,-1,-0.0026067805010825396,2.403724193572998
TrustMark Q,19,50%,2,100,0.04,0.96,1,1,1,1,-0.16410478949546814,3.060737371444702
TrustMark Q,19,50%,3,100,0.04,0.96,1,1,1,1,-0.0562717542052269,3.1755058765411377
TrustMark Q,19,50%,4,100,0.09,0.91,0,0,0,-1,-0.061621204018592834,3.1825594902038574
TrustMark Q,19,40%,0,100,0.22,0.78,0,0,0,-1,-0.041829757392406464,1.6310033798217773
TrustMark Q,19,40%,1,100,0.25,0.75,0,0,0,-1,0.016125518828630447,1.5660319328308105
TrustMark Q,19,40%,2,100,0.09,0.91,0,0,0,-1,0.0774727612733841,2.5908260345458984
TrustMark Q,19,40%,3,100,0.14,0.86,0,0,0,-1,0.12077665328979492,2.382420778274536
TrustMark Q,19,40%,4,100,0.2,0.8,0,0,0,-1,0.036973338574171066,1.9239015579223633
TrustMark Q,19,30%,0,100,0.18,0.8200000000000001,0,0,0,-1,0.1261264979839325,2.095515251159668
TrustMark Q,19,30%,1,100,0.2,0.8,0,0,0,-1,-0.08984116464853287,1.4501675367355347
TrustMark Q,19,30%,2,100,0.24,0.76,0,0,0,-1,0.026044555008411407,1.4005905389785767
TrustMark Q,19,30%,3,100,0.29,0.71,0,0,0,-1,0.06646981090307236,1.1255453824996948
TrustMark Q,19,30%,4,100,0.24,0.76,0,0,0,-1,0.1778930425643921,1.4440515041351318
TrustMark Q,20,100%,0,100,0.0,1.0,1,1,1,1,-0.742902934551239,9.397536277770996
TrustMark Q,20,100%,1,100,0.0,1.0,1,1,1,1,-0.742902934551239,9.397536277770996
TrustMark Q,20,100%,2,100,0.0,1.0,1,1,1,1,-0.742902934551239,9.397536277770996
TrustMark Q,20,100%,3,100,0.0,1.0,1,1,1,1,-0.742902934551239,9.397536277770996
TrustMark Q,20,100%,4,100,0.0,1.0,1,1,1,1,-0.742902934551239,9.397536277770996
TrustMark Q,20,70%,0,100,0.01,0.99,1,1,1,1,-0.5824590921401978,7.948794364929199
TrustMark Q,20,70%,1,100,0.01,0.99,1,1,1,1,-0.643399715423584,8.073341369628906
TrustMark Q,20,70%,2,100,0.01,0.99,1,1,1,1,-0.8392494320869446,8.22310733795166
TrustMark Q,20,70%,3,100,0.01,0.99,1,1,1,1,-0.6793662309646606,8.490519523620605
TrustMark Q,20,70%,4,100,0.01,0.99,1,1,1,1,-0.7122223377227783,8.200573921203613
TrustMark Q,20,50%,0,100,0.08,0.92,0,0,0,-1,-0.5703125,5.2610907554626465
TrustMark Q,20,50%,1,100,0.05,0.95,1,1,1,1,-0.22910308837890625,4.579422473907471
TrustMark Q,20,50%,2,100,0.04,0.96,1,1,1,1,-0.40816542506217957,5.458593845367432
TrustMark Q,20,50%,3,100,0.06,0.94,0,0,0,-1,-0.18108563125133514,4.476869583129883
TrustMark Q,20,50%,4,100,0.01,0.99,1,1,1,1,-0.0147020248696208,4.737269401550293
TrustMark Q,20,40%,0,100,0.17,0.83,0,0,0,-1,-0.29124295711517334,2.389503240585327
TrustMark Q,20,40%,1,100,0.11,0.89,0,0,0,-1,-0.04233517497777939,2.511681318283081
TrustMark Q,20,40%,2,100,0.05,0.95,1,1,1,1,0.1383010745048523,3.023818016052246
TrustMark Q,20,40%,3,100,0.11,0.89,0,0,0,-1,-0.07006106525659561,3.1164944171905518
TrustMark Q,20,40%,4,100,0.13,0.87,0,0,0,-1,-0.4334932267665863,2.7710464000701904
TrustMark Q,20,30%,0,100,0.21,0.79,0,0,0,-1,0.1525735855102539,2.2791965007781982
TrustMark Q,20,30%,1,100,0.15,0.85,0,0,0,-1,-0.2315952181816101,1.9558335542678833
TrustMark Q,20,30%,2,100,0.1,0.9,0,0,0,-1,-0.015449795871973038,2.1564083099365234
TrustMark Q,20,30%,3,100,0.16,0.84,0,0,0,-1,0.033185526728630066,1.5828468799591064
TrustMark Q,20,30%,4,100,0.24,0.76,0,0,0,-1,0.09645784646272659,1.946783185005188
TrustMark Q,21,100%,0,100,0.01,0.99,1,1,1,1,-0.040108680725097656,8.64942455291748
TrustMark Q,21,100%,1,100,0.01,0.99,1,1,1,1,-0.040108680725097656,8.64942455291748
TrustMark Q,21,100%,2,100,0.01,0.99,1,1,1,1,-0.040108680725097656,8.64942455291748
TrustMark Q,21,100%,3,100,0.01,0.99,1,1,1,1,-0.040108680725097656,8.64942455291748
TrustMark Q,21,100%,4,100,0.01,0.99,1,1,1,1,-0.040108680725097656,8.64942455291748
TrustMark Q,21,70%,0,100,0.0,1.0,1,1,1,1,-0.15590611100196838,7.370600700378418
TrustMark Q,21,70%,1,100,0.0,1.0,1,1,1,1,-0.07546184211969376,7.103692054748535
TrustMark Q,21,70%,2,100,0.0,1.0,1,1,1,1,-0.3314608633518219,7.13336181640625
TrustMark Q,21,70%,3,100,0.0,1.0,1,1,1,1,-0.2601812779903412,7.934813976287842
TrustMark Q,21,70%,4,100,0.02,0.98,1,1,1,1,-0.0964341089129448,7.008774280548096
TrustMark Q,21,50%,0,100,0.09,0.91,0,0,0,-1,0.23884205520153046,4.694238185882568
TrustMark Q,21,50%,1,100,0.08,0.92,0,0,0,-1,0.1539803445339203,3.4822399616241455
TrustMark Q,21,50%,2,100,0.04,0.96,1,1,1,1,-0.14269131422042847,4.750001430511475
TrustMark Q,21,50%,3,100,0.07,0.9299999999999999,0,0,0,-1,0.07655920833349228,4.6104326248168945
TrustMark Q,21,50%,4,100,0.05,0.95,1,1,1,1,0.19987480342388153,4.671823501586914
TrustMark Q,21,40%,0,100,0.24,0.76,0,0,0,-1,0.058555927127599716,2.357267379760742
TrustMark Q,21,40%,1,100,0.14,0.86,0,0,0,-1,0.03511284664273262,2.3914995193481445
TrustMark Q,21,40%,2,100,0.07,0.9299999999999999,0,0,0,-1,0.11041899025440216,2.964146137237549
TrustMark Q,21,40%,3,100,0.15,0.85,0,0,0,-1,0.10657204687595367,3.106649398803711
TrustMark Q,21,40%,4,100,0.15,0.85,0,0,0,-1,0.10576774924993515,2.19407057762146
TrustMark Q,21,30%,0,100,0.14,0.86,0,0,0,-1,0.19353525340557098,2.4346277713775635
TrustMark Q,21,30%,1,100,0.12,0.88,0,0,0,-1,0.08368775248527527,1.6054080724716187
TrustMark Q,21,30%,2,100,0.2,0.8,0,0,0,-1,0.2090282291173935,1.6512784957885742
TrustMark Q,21,30%,3,100,0.19,0.81,0,0,0,-1,0.07839740067720413,1.7460198402404785
TrustMark Q,21,30%,4,100,0.18,0.8200000000000001,0,0,0,-1,0.15603911876678467,1.799282193183899
TrustMark Q,22,100%,0,100,0.0,1.0,1,1,1,1,-0.031989116221666336,9.993512153625488
TrustMark Q,22,100%,1,100,0.0,1.0,1,1,1,1,-0.031989116221666336,9.993512153625488
TrustMark Q,22,100%,2,100,0.0,1.0,1,1,1,1,-0.031989116221666336,9.993512153625488
TrustMark Q,22,100%,3,100,0.0,1.0,1,1,1,1,-0.031989116221666336,9.993512153625488
TrustMark Q,22,100%,4,100,0.0,1.0,1,1,1,1,-0.031989116221666336,9.993512153625488
TrustMark Q,22,70%,0,100,0.0,1.0,1,1,1,1,-0.40926453471183777,8.21298885345459
TrustMark Q,22,70%,1,100,0.0,1.0,1,1,1,1,-0.5336019396781921,8.301837921142578
TrustMark Q,22,70%,2,100,0.0,1.0,1,1,1,1,-0.06495258957147598,8.618195533752441
TrustMark Q,22,70%,3,100,0.0,1.0,1,1,1,1,-0.1992570161819458,9.11629867553711
TrustMark Q,22,70%,4,100,0.0,1.0,1,1,1,1,-0.07041972130537033,8.821187973022461
TrustMark Q,22,50%,0,100,0.03,0.97,1,1,1,1,0.20660851895809174,5.834156513214111
TrustMark Q,22,50%,1,100,0.01,0.99,1,1,1,1,0.0043451786041259766,4.8196797370910645
TrustMark Q,22,50%,2,100,0.07,0.9299999999999999,0,0,0,-1,0.35464900732040405,5.401256561279297
TrustMark Q,22,50%,3,100,0.04,0.96,1,1,1,1,0.17406295239925385,4.970073699951172
TrustMark Q,22,50%,4,100,0.07,0.9299999999999999,0,0,0,-1,0.24988342821598053,4.632705211639404
TrustMark Q,22,40%,0,100,0.05,0.95,1,1,1,1,-0.028755713254213333,2.9274990558624268
TrustMark Q,22,40%,1,100,0.11,0.89,0,0,0,-1,-0.16093388199806213,3.013580083847046
TrustMark Q,22,40%,2,100,0.1,0.9,0,0,0,-1,0.04726850613951683,3.5186944007873535
TrustMark Q,22,40%,3,100,0.09,0.91,0,0,0,-1,-0.055002402514219284,3.7561841011047363
TrustMark Q,22,40%,4,100,0.08,0.92,0,0,0,-1,0.28962376713752747,3.0747220516204834
TrustMark Q,22,30%,0,100,0.16,0.84,0,0,0,-1,0.1387440264225006,2.5853753089904785
TrustMark Q,22,30%,1,100,0.15,0.85,0,0,0,-1,0.07260017096996307,1.9946337938308716
TrustMark Q,22,30%,2,100,0.14,0.86,0,0,0,-1,0.05049778148531914,2.099350690841675
TrustMark Q,22,30%,3,100,0.12,0.88,0,0,0,-1,-0.24892739951610565,2.0098273754119873
TrustMark Q,22,30%,4,100,0.11,0.89,0,0,0,-1,-0.03419782221317291,2.1163699626922607
TrustMark Q,23,100%,0,100,0.0,1.0,1,1,1,1,0.2505113184452057,9.638900756835938
TrustMark Q,23,100%,1,100,0.0,1.0,1,1,1,1,0.2505113184452057,9.638900756835938
TrustMark Q,23,100%,2,100,0.0,1.0,1,1,1,1,0.2505113184452057,9.638900756835938
TrustMark Q,23,100%,3,100,0.0,1.0,1,1,1,1,0.2505113184452057,9.638900756835938
TrustMark Q,23,100%,4,100,0.0,1.0,1,1,1,1,0.2505113184452057,9.638900756835938
TrustMark Q,23,70%,0,100,0.01,0.99,1,1,1,1,0.694312572479248,8.220113754272461
TrustMark Q,23,70%,1,100,0.0,1.0,1,1,1,1,0.5443625450134277,8.156058311462402
TrustMark Q,23,70%,2,100,0.0,1.0,1,1,1,1,0.24906547367572784,8.27583122253418
TrustMark Q,23,70%,3,100,0.01,0.99,1,1,1,1,0.6088144779205322,8.762198448181152
TrustMark Q,23,70%,4,100,0.01,0.99,0,0,0,-1,0.18099282681941986,8.640403747558594
TrustMark Q,23,50%,0,100,0.01,0.99,1,1,1,1,0.4232243299484253,6.119293212890625
TrustMark Q,23,50%,1,100,0.06,0.94,0,0,0,-1,-0.2871711552143097,5.2597761154174805
TrustMark Q,23,50%,2,100,0.06,0.94,1,0,0,3,0.6103792190551758,5.210752010345459
TrustMark Q,23,50%,3,100,0.07,0.9299999999999999,0,0,0,-1,0.18044883012771606,4.06947135925293
TrustMark Q,23,50%,4,100,0.08,0.92,0,0,0,-1,0.2436479926109314,3.866812229156494
TrustMark Q,23,40%,0,100,0.1,0.9,0,0,0,-1,-0.025435224175453186,2.927438259124756
TrustMark Q,23,40%,1,100,0.07,0.9299999999999999,0,0,0,-1,-0.22219419479370117,3.0345335006713867
TrustMark Q,23,40%,2,100,0.17,0.83,0,0,0,-1,0.25162646174430847,2.5164129734039307
TrustMark Q,23,40%,3,100,0.05,0.95,1,1,1,1,-0.17665503919124603,3.9221372604370117
TrustMark Q,23,40%,4,100,0.06,0.94,0,0,0,-1,-0.15592293441295624,2.8753597736358643
TrustMark Q,23,30%,0,100,0.19,0.81,0,0,0,-1,-0.14280836284160614,1.996762990951538
TrustMark Q,23,30%,1,100,0.14,0.86,0,0,0,-1,0.10978050529956818,1.9345227479934692
TrustMark Q,23,30%,2,100,0.28,0.72,0,0,0,-1,0.03903374820947647,1.3979569673538208
TrustMark Q,23,30%,3,100,0.13,0.87,0,0,0,-1,-0.15417836606502533,2.1644463539123535
TrustMark Q,23,30%,4,100,0.25,0.75,0,0,0,-1,0.13159051537513733,1.200334906578064
TrustMark Q,24,100%,0,100,0.0,1.0,1,1,1,1,-0.028999118134379387,11.096467018127441
TrustMark Q,24,100%,1,100,0.0,1.0,1,1,1,1,-0.028999118134379387,11.096467018127441
TrustMark Q,24,100%,2,100,0.0,1.0,1,1,1,1,-0.028999118134379387,11.096467018127441
TrustMark Q,24,100%,3,100,0.0,1.0,1,1,1,1,-0.028999118134379387,11.096467018127441
TrustMark Q,24,100%,4,100,0.0,1.0,1,1,1,1,-0.028999118134379387,11.096467018127441
TrustMark Q,24,70%,0,100,0.0,1.0,1,1,1,1,-0.12098286300897598,9.568324089050293
TrustMark Q,24,70%,1,100,0.0,1.0,1,1,1,1,-0.05702059715986252,9.63610553741455
TrustMark Q,24,70%,2,100,0.0,1.0,1,1,1,1,0.14523988962173462,10.102497100830078
TrustMark Q,24,70%,3,100,0.0,1.0,1,1,1,1,-0.044991541653871536,10.472089767456055
TrustMark Q,24,70%,4,100,0.0,1.0,1,1,1,1,0.11284330487251282,10.396080017089844
TrustMark Q,24,50%,0,100,0.01,0.99,1,1,1,1,0.5195977687835693,8.28136157989502
TrustMark Q,24,50%,1,100,0.02,0.98,1,1,1,1,0.43417179584503174,7.110332012176514
TrustMark Q,24,50%,2,100,0.02,0.98,1,1,1,1,-0.3633907437324524,7.268066883087158
TrustMark Q,24,50%,3,100,0.01,0.99,1,1,1,1,-0.3478279411792755,6.358010768890381
TrustMark Q,24,50%,4,100,0.03,0.97,1,1,1,1,-0.30910930037498474,6.2334184646606445
TrustMark Q,24,40%,0,100,0.11,0.89,0,0,0,-1,0.19680027663707733,3.7013378143310547
TrustMark Q,24,40%,1,100,0.08,0.92,0,0,0,-1,0.12210079282522202,4.3522419929504395
TrustMark Q,24,40%,2,100,0.09,0.91,0,0,0,-1,-0.04913904145359993,4.785792350769043
TrustMark Q,24,40%,3,100,0.11,0.89,0,0,0,-1,0.27099311351776123,5.790743350982666
TrustMark Q,24,40%,4,100,0.08,0.92,0,0,0,-1,0.44383010268211365,4.542680263519287
TrustMark Q,24,30%,0,100,0.14,0.86,0,0,0,-1,-0.008658132515847683,3.7736966609954834
TrustMark Q,24,30%,1,100,0.15,0.85,0,0,0,-1,0.21012026071548462,2.630849599838257
TrustMark Q,24,30%,2,100,0.16,0.84,0,0,0,-1,0.031221643090248108,3.1601223945617676
TrustMark Q,24,30%,3,100,0.17,0.83,0,0,0,-1,0.013988189399242401,2.952146053314209
TrustMark Q,24,30%,4,100,0.15,0.85,0,0,0,-1,0.15351250767707825,2.7316651344299316
TrustMark Q,25,100%,0,100,0.0,1.0,1,1,1,1,-0.6258008480072021,10.330230712890625
TrustMark Q,25,100%,1,100,0.0,1.0,1,1,1,1,-0.6258008480072021,10.330230712890625
TrustMark Q,25,100%,2,100,0.0,1.0,1,1,1,1,-0.6258008480072021,10.330230712890625
TrustMark Q,25,100%,3,100,0.0,1.0,1,1,1,1,-0.6258008480072021,10.330230712890625
TrustMark Q,25,100%,4,100,0.0,1.0,1,1,1,1,-0.6258008480072021,10.330230712890625
TrustMark Q,25,70%,0,100,0.0,1.0,1,1,1,1,-0.5643146634101868,8.2214937210083
TrustMark Q,25,70%,1,100,0.0,1.0,1,1,1,1,-0.4548409581184387,8.430736541748047
TrustMark Q,25,70%,2,100,0.0,1.0,1,1,1,1,-0.6443226337432861,8.553808212280273
TrustMark Q,25,70%,3,100,0.0,1.0,1,1,1,1,-0.5898525714874268,8.910984992980957
TrustMark Q,25,70%,4,100,0.0,1.0,1,1,1,1,-0.7360482215881348,9.023767471313477
TrustMark Q,25,50%,0,100,0.03,0.97,1,1,1,1,-0.22746098041534424,6.130755424499512
TrustMark Q,25,50%,1,100,0.04,0.96,1,1,1,1,-0.40347209572792053,5.377349376678467
TrustMark Q,25,50%,2,100,0.02,0.98,1,1,1,1,-0.5487856864929199,5.402662754058838
TrustMark Q,25,50%,3,100,0.04,0.96,1,1,1,1,-0.741038978099823,4.800304412841797
TrustMark Q,25,50%,4,100,0.03,0.97,1,1,1,1,-0.602639377117157,4.672560691833496
TrustMark Q,25,40%,0,100,0.06,0.94,0,0,0,-1,-0.3200588524341583,3.382734775543213
TrustMark Q,25,40%,1,100,0.11,0.89,0,0,0,-1,-0.2067042738199234,3.1050610542297363
TrustMark Q,25,40%,2,100,0.1,0.9,0,0,0,-1,-0.5920787453651428,3.3812990188598633
TrustMark Q,25,40%,3,100,0.1,0.9,0,0,0,-1,-0.606979250907898,3.126817226409912
TrustMark Q,25,40%,4,100,0.08,0.92,0,0,0,-1,-0.3286086916923523,3.394766330718994
TrustMark Q,25,30%,0,100,0.12,0.88,0,0,0,-1,-0.5583031177520752,2.0476813316345215
TrustMark Q,25,30%,1,100,0.19,0.81,0,0,0,-1,-0.002966673346236348,1.6830438375473022
TrustMark Q,25,30%,2,100,0.17,0.83,0,0,0,-1,-0.40457144379615784,2.168276786804199
TrustMark Q,25,30%,3,100,0.14,0.86,0,0,0,-1,-0.18914446234703064,1.778385043144226
TrustMark Q,25,30%,4,100,0.17,0.83,0,0,0,-1,-0.32733967900276184,2.106703281402588
TrustMark Q,26,100%,0,100,0.01,0.99,1,1,1,1,0.9597846865653992,8.351088523864746
TrustMark Q,26,100%,1,100,0.01,0.99,1,1,1,1,0.9597846865653992,8.351088523864746
TrustMark Q,26,100%,2,100,0.01,0.99,1,1,1,1,0.9597846865653992,8.351088523864746
TrustMark Q,26,100%,3,100,0.01,0.99,1,1,1,1,0.9597846865653992,8.351088523864746
TrustMark Q,26,100%,4,100,0.01,0.99,1,1,1,1,0.9597846865653992,8.351088523864746
TrustMark Q,26,70%,0,100,0.02,0.98,1,1,1,1,0.9752516746520996,7.002619743347168
TrustMark Q,26,70%,1,100,0.01,0.99,1,1,1,1,0.6626056432723999,6.775320053100586
TrustMark Q,26,70%,2,100,0.01,0.99,1,1,1,1,0.7797835469245911,7.246884346008301
TrustMark Q,26,70%,3,100,0.03,0.97,1,1,1,1,1.0310940742492676,7.594611644744873
TrustMark Q,26,70%,4,100,0.03,0.97,1,1,1,1,0.924665093421936,7.417016983032227
TrustMark Q,26,50%,0,100,0.04,0.96,1,1,1,1,0.5765746831893921,4.708098888397217
TrustMark Q,26,50%,1,100,0.07,0.9299999999999999,0,0,0,-1,0.4737735092639923,4.1421990394592285
TrustMark Q,26,50%,2,100,0.04,0.96,1,1,1,1,0.7034497261047363,5.467055797576904
TrustMark Q,26,50%,3,100,0.05,0.95,1,1,1,1,0.8740899562835693,4.65810489654541
TrustMark Q,26,50%,4,100,0.06,0.94,0,0,0,-1,0.7888475060462952,4.7273077964782715
TrustMark Q,26,40%,0,100,0.17,0.83,0,0,0,-1,0.09183898568153381,1.7712379693984985
TrustMark Q,26,40%,1,100,0.14,0.86,0,0,0,-1,0.1470412313938141,2.573636054992676
TrustMark Q,26,40%,2,100,0.09,0.91,0,0,0,-1,0.5159610509872437,3.6049492359161377
TrustMark Q,26,40%,3,100,0.1,0.9,0,0,0,-1,0.47087371349334717,3.5967018604278564
TrustMark Q,26,40%,4,100,0.11,0.89,0,0,0,-1,0.3609379529953003,2.5889475345611572
TrustMark Q,26,30%,0,100,0.2,0.8,0,0,0,-1,0.4699155390262604,2.7471091747283936
TrustMark Q,26,30%,1,100,0.2,0.8,0,0,0,-1,0.06015685945749283,2.0374372005462646
TrustMark Q,26,30%,2,100,0.2,0.8,0,0,0,-1,0.3059179484844208,1.7638373374938965
TrustMark Q,26,30%,3,100,0.19,0.81,0,0,0,-1,0.1519322246313095,1.8979099988937378
TrustMark Q,26,30%,4,100,0.21,0.79,0,0,0,-1,0.15341711044311523,1.3918826580047607
TrustMark Q,27,100%,0,100,0.0,1.0,1,1,1,1,0.6585971117019653,10.267740249633789
TrustMark Q,27,100%,1,100,0.0,1.0,1,1,1,1,0.6585971117019653,10.267740249633789
TrustMark Q,27,100%,2,100,0.0,1.0,1,1,1,1,0.6585971117019653,10.267740249633789
TrustMark Q,27,100%,3,100,0.0,1.0,1,1,1,1,0.6585971117019653,10.267740249633789
TrustMark Q,27,100%,4,100,0.0,1.0,1,1,1,1,0.6585971117019653,10.267740249633789
TrustMark Q,27,70%,0,100,0.0,1.0,1,1,1,1,0.7692084312438965,8.336499214172363
TrustMark Q,27,70%,1,100,0.0,1.0,1,1,1,1,0.6587294936180115,8.70071029663086
TrustMark Q,27,70%,2,100,0.01,0.99,1,1,1,1,0.45684614777565,8.780113220214844
TrustMark Q,27,70%,3,100,0.0,1.0,1,1,1,1,0.6460521221160889,9.073299407958984
TrustMark Q,27,70%,4,100,0.0,1.0,1,1,1,1,0.6143280863761902,9.36788558959961
TrustMark Q,27,50%,0,100,0.02,0.98,1,1,1,1,0.07190817594528198,6.827639102935791
TrustMark Q,27,50%,1,100,0.03,0.97,1,1,1,1,0.4120044410228729,5.594333648681641
TrustMark Q,27,50%,2,100,0.03,0.97,1,1,1,1,0.29819390177726746,5.512053966522217
TrustMark Q,27,50%,3,100,0.08,0.92,0,0,0,-1,0.14801262319087982,4.358453273773193
TrustMark Q,27,50%,4,100,0.05,0.95,1,1,1,1,0.12939554452896118,4.105356216430664
TrustMark Q,27,40%,0,100,0.13,0.87,0,0,0,-1,0.4326997399330139,3.0533132553100586
TrustMark Q,27,40%,1,100,0.06,0.94,0,0,0,-1,0.29295721650123596,4.109734535217285
TrustMark Q,27,40%,2,100,0.1,0.9,0,0,0,-1,-0.12864238023757935,2.8310022354125977
TrustMark Q,27,40%,3,100,0.05,0.95,1,1,1,1,0.17705699801445007,3.81520938873291
TrustMark Q,27,40%,4,100,0.15,0.85,0,0,0,-1,0.23551033437252045,2.9683475494384766
TrustMark Q,27,30%,0,100,0.19,0.81,0,0,0,-1,-0.0794392004609108,2.0275394916534424
TrustMark Q,27,30%,1,100,0.18,0.8200000000000001,0,0,0,-1,-0.008573235012590885,2.0118203163146973
TrustMark Q,27,30%,2,100,0.15,0.85,0,0,0,-1,-0.018249180167913437,1.8500643968582153
TrustMark Q,27,30%,3,100,0.12,0.88,0,0,0,-1,0.3150300681591034,2.035799503326416
TrustMark Q,27,30%,4,100,0.21,0.79,0,0,0,-1,0.04145871102809906,1.4861782789230347
TrustMark Q,28,100%,0,100,0.0,1.0,1,1,1,1,-0.8512322902679443,9.105096817016602
TrustMark Q,28,100%,1,100,0.0,1.0,1,1,1,1,-0.8512322902679443,9.105096817016602
TrustMark Q,28,100%,2,100,0.0,1.0,1,1,1,1,-0.8512322902679443,9.105096817016602
TrustMark Q,28,100%,3,100,0.0,1.0,1,1,1,1,-0.8512322902679443,9.105096817016602
TrustMark Q,28,100%,4,100,0.0,1.0,1,1,1,1,-0.8512322902679443,9.105096817016602
TrustMark Q,28,70%,0,100,0.0,1.0,1,1,1,1,-0.6955914497375488,6.744734287261963
TrustMark Q,28,70%,1,100,0.01,0.99,1,1,1,1,-0.8220626711845398,7.032121181488037
TrustMark Q,28,70%,2,100,0.0,1.0,1,1,1,1,-0.8588542342185974,6.799089431762695
TrustMark Q,28,70%,3,100,0.0,1.0,1,1,1,1,-0.5897495150566101,8.096216201782227
TrustMark Q,28,70%,4,100,0.0,1.0,1,1,1,1,-0.8401970863342285,7.49128532409668
TrustMark Q,28,50%,0,100,0.04,0.96,1,1,1,1,-0.49941104650497437,4.541734218597412
TrustMark Q,28,50%,1,100,0.03,0.97,1,1,1,1,-0.4139412045478821,4.438889980316162
TrustMark Q,28,50%,2,100,0.01,0.99,1,1,1,1,-0.5447671413421631,3.9364678859710693
TrustMark Q,28,50%,3,100,0.03,0.97,1,1,1,1,-0.38334161043167114,3.31046199798584
TrustMark Q,28,50%,4,100,0.09,0.91,0,0,0,-1,-0.44648823142051697,2.8434231281280518
TrustMark Q,28,40%,0,100,0.09,0.91,0,0,0,-1,-0.19385135173797607,2.744370460510254
TrustMark Q,28,40%,1,100,0.12,0.88,0,0,0,-1,-0.2982234060764313,2.4799201488494873
TrustMark Q,28,40%,2,100,0.12,0.88,0,0,0,-1,-0.24567221105098724,2.1149425506591797
TrustMark Q,28,40%,3,100,0.12,0.88,0,0,0,-1,-0.29900240898132324,2.708005905151367
TrustMark Q,28,40%,4,100,0.09,0.91,0,0,0,-1,-0.16957522928714752,2.2547295093536377
TrustMark Q,28,30%,0,100,0.18,0.8200000000000001,0,0,0,-1,-0.1693882942199707,1.5834383964538574
TrustMark Q,28,30%,1,100,0.21,0.79,0,0,0,-1,-0.1483430713415146,1.068798542022705
TrustMark Q,28,30%,2,100,0.16,0.84,0,0,0,-1,-0.021069271489977837,1.7491472959518433
TrustMark Q,28,30%,3,100,0.13,0.87,0,0,0,-1,-0.1775626391172409,1.8858916759490967
TrustMark Q,28,30%,4,100,0.19,0.81,0,0,0,-1,-0.23366838693618774,1.5364750623703003
TrustMark Q,29,100%,0,100,0.0,1.0,1,1,1,1,1.371287226676941,10.282788276672363
TrustMark Q,29,100%,1,100,0.0,1.0,1,1,1,1,1.371287226676941,10.282788276672363
TrustMark Q,29,100%,2,100,0.0,1.0,1,1,1,1,1.371287226676941,10.282788276672363
TrustMark Q,29,100%,3,100,0.0,1.0,1,1,1,1,1.371287226676941,10.282788276672363
TrustMark Q,29,100%,4,100,0.0,1.0,1,1,1,1,1.371287226676941,10.282788276672363
TrustMark Q,29,70%,0,100,0.0,1.0,1,1,1,1,1.1907718181610107,8.891312599182129
TrustMark Q,29,70%,1,100,0.0,1.0,1,1,1,1,1.3665754795074463,9.062459945678711
TrustMark Q,29,70%,2,100,0.0,1.0,1,1,1,1,1.1197301149368286,8.934661865234375
TrustMark Q,29,70%,3,100,0.0,1.0,1,1,1,1,1.2248268127441406,9.079015731811523
TrustMark Q,29,70%,4,100,0.0,1.0,1,1,1,1,1.7571204900741577,9.241765975952148
TrustMark Q,29,50%,0,100,0.05,0.95,1,1,1,1,1.1904504299163818,6.104762077331543
TrustMark Q,29,50%,1,100,0.07,0.9299999999999999,0,0,0,-1,0.8513460755348206,4.989154815673828
TrustMark Q,29,50%,2,100,0.0,1.0,1,1,1,1,0.6722599267959595,7.067493438720703
TrustMark Q,29,50%,3,100,0.01,0.99,1,1,1,1,0.5339670777320862,5.031088829040527
TrustMark Q,29,50%,4,100,0.04,0.96,1,1,1,1,0.47272413969039917,5.2918524742126465
TrustMark Q,29,40%,0,100,0.15,0.85,0,0,0,-1,0.3984271287918091,2.915252685546875
TrustMark Q,29,40%,1,100,0.15,0.85,0,0,0,-1,0.4335050880908966,3.190413236618042
TrustMark Q,29,40%,2,100,0.04,0.96,1,1,1,1,0.28463509678840637,4.439907550811768
TrustMark Q,29,40%,3,100,0.09,0.91,0,0,0,-1,0.828774631023407,4.785429000854492
TrustMark Q,29,40%,4,100,0.11,0.89,0,0,0,-1,0.630215048789978,3.078432321548462
TrustMark Q,29,30%,0,100,0.07,0.9299999999999999,0,0,0,-1,0.3335833251476288,3.001722812652588
TrustMark Q,29,30%,1,100,0.15,0.85,0,0,0,-1,0.36199137568473816,2.345092296600342
TrustMark Q,29,30%,2,100,0.19,0.81,0,0,0,-1,-0.09125261008739471,2.3812003135681152
TrustMark Q,29,30%,3,100,0.16,0.84,0,0,0,-1,0.4494422972202301,1.8747094869613647
TrustMark Q,29,30%,4,100,0.17,0.83,0,0,0,-1,-0.12422449886798859,2.486691951751709
TrustMark Q,30,100%,0,100,0.0,1.0,1,1,1,1,-0.2810511291027069,9.710328102111816
TrustMark Q,30,100%,1,100,0.0,1.0,1,1,1,1,-0.2810511291027069,9.710328102111816
TrustMark Q,30,100%,2,100,0.0,1.0,1,1,1,1,-0.2810511291027069,9.710328102111816
TrustMark Q,30,100%,3,100,0.0,1.0,1,1,1,1,-0.2810511291027069,9.710328102111816
TrustMark Q,30,100%,4,100,0.0,1.0,1,1,1,1,-0.2810511291027069,9.710328102111816
TrustMark Q,30,70%,0,100,0.0,1.0,1,1,1,1,-0.2787569761276245,8.167346000671387
TrustMark Q,30,70%,1,100,0.01,0.99,1,1,1,1,-0.20948491990566254,8.067739486694336
TrustMark Q,30,70%,2,100,0.01,0.99,1,1,1,1,-0.28445690870285034,8.193747520446777
TrustMark Q,30,70%,3,100,0.0,1.0,1,1,1,1,-0.3769811689853668,8.425758361816406
TrustMark Q,30,70%,4,100,0.0,1.0,1,1,1,1,-0.09950143098831177,8.997833251953125
TrustMark Q,30,50%,0,100,0.03,0.97,1,1,1,1,-0.12661108374595642,5.670466423034668
TrustMark Q,30,50%,1,100,0.08,0.92,0,0,0,-1,0.09784764051437378,5.362045764923096
TrustMark Q,30,50%,2,100,0.0,1.0,1,1,1,1,-0.08831208944320679,5.528891563415527
TrustMark Q,30,50%,3,100,0.04,0.96,1,1,1,1,-0.005883329547941685,4.229419708251953
TrustMark Q,30,50%,4,100,0.05,0.95,1,1,1,1,0.02820080704987049,4.448821067810059
TrustMark Q,30,40%,0,100,0.16,0.84,0,0,0,-1,0.01228571217507124,2.258922815322876
TrustMark Q,30,40%,1,100,0.13,0.87,0,0,0,-1,0.1405417025089264,2.802482843399048
TrustMark Q,30,40%,2,100,0.04,0.96,1,1,1,1,-0.20072318613529205,3.5926880836486816
TrustMark Q,30,40%,3,100,0.06,0.94,0,0,0,-1,-0.10347927361726761,3.5101635456085205
TrustMark Q,30,40%,4,100,0.12,0.88,0,0,0,-1,-0.19243377447128296,2.6315460205078125
TrustMark Q,30,30%,0,100,0.11,0.89,0,0,0,-1,-0.03657466545701027,2.362793207168579
TrustMark Q,30,30%,1,100,0.24,0.76,0,0,0,-1,-0.021608131006360054,1.708842158317566
TrustMark Q,30,30%,2,100,0.13,0.87,0,0,0,-1,-0.24380920827388763,2.092205286026001
TrustMark Q,30,30%,3,100,0.19,0.81,0,0,0,-1,0.009705297648906708,1.8171985149383545
TrustMark Q,30,30%,4,100,0.19,0.81,0,0,0,-1,-0.09420236945152283,1.6962558031082153
TrustMark Q,31,100%,0,100,0.0,1.0,1,1,1,1,-0.2662601172924042,8.757922172546387
TrustMark Q,31,100%,1,100,0.0,1.0,1,1,1,1,-0.2662601172924042,8.757922172546387
TrustMark Q,31,100%,2,100,0.0,1.0,1,1,1,1,-0.2662601172924042,8.757922172546387
TrustMark Q,31,100%,3,100,0.0,1.0,1,1,1,1,-0.2662601172924042,8.757922172546387
TrustMark Q,31,100%,4,100,0.0,1.0,1,1,1,1,-0.2662601172924042,8.757922172546387
TrustMark Q,31,70%,0,100,0.01,0.99,1,1,1,1,-0.13054287433624268,7.175546646118164
TrustMark Q,31,70%,1,100,0.01,0.99,1,1,1,1,-0.10641512274742126,7.4286298751831055
TrustMark Q,31,70%,2,100,0.01,0.99,1,1,1,1,-0.09676975011825562,7.319490432739258
TrustMark Q,31,70%,3,100,0.02,0.98,1,1,1,1,-0.14338505268096924,7.6804728507995605
TrustMark Q,31,70%,4,100,0.02,0.98,1,1,1,1,-0.0670211911201477,6.889308929443359
TrustMark Q,31,50%,0,100,0.06,0.94,0,0,0,-1,0.09305796027183533,5.074485778808594
TrustMark Q,31,50%,1,100,0.08,0.92,0,0,0,-1,0.2952413558959961,4.585292816162109
TrustMark Q,31,50%,2,100,0.03,0.97,1,1,1,1,-0.33418262004852295,3.939924716949463
TrustMark Q,31,50%,3,100,0.05,0.95,1,1,1,1,-0.05114824324846268,3.471461534500122
TrustMark Q,31,50%,4,100,0.07,0.9299999999999999,0,0,0,-1,-0.3087879419326782,3.582423448562622
TrustMark Q,31,40%,0,100,0.16,0.84,0,0,0,-1,0.15076039731502533,2.8547589778900146
TrustMark Q,31,40%,1,100,0.12,0.88,0,0,0,-1,0.03878955915570259,3.234060287475586
TrustMark Q,31,40%,2,100,0.12,0.88,0,0,0,-1,-0.21502897143363953,2.168428421020508
TrustMark Q,31,40%,3,100,0.11,0.89,0,0,0,-1,0.1709030121564865,3.109400987625122
TrustMark Q,31,40%,4,100,0.13,0.87,0,0,0,-1,0.060561466962099075,2.57688045501709
TrustMark Q,31,30%,0,100,0.22,0.78,0,0,0,-1,0.07666489481925964,1.792346477508545
TrustMark Q,31,30%,1,100,0.2,0.8,0,0,0,-1,0.06237753480672836,1.9409451484680176
TrustMark Q,31,30%,2,100,0.17,0.83,0,0,0,-1,-0.28827935457229614,1.9046173095703125
TrustMark Q,31,30%,3,100,0.25,0.75,0,0,0,-1,0.015260346233844757,1.7788310050964355
TrustMark Q,31,30%,4,100,0.24,0.76,0,0,0,-1,-0.07659810781478882,1.119125247001648
TrustMark Q,32,100%,0,100,0.0,1.0,1,1,1,1,-0.7729033827781677,10.185135841369629
TrustMark Q,32,100%,1,100,0.0,1.0,1,1,1,1,-0.7729033827781677,10.185135841369629
TrustMark Q,32,100%,2,100,0.0,1.0,1,1,1,1,-0.7729033827781677,10.185135841369629
TrustMark Q,32,100%,3,100,0.0,1.0,1,1,1,1,-0.7729033827781677,10.185135841369629
TrustMark Q,32,100%,4,100,0.0,1.0,1,1,1,1,-0.7729033827781677,10.185135841369629
TrustMark Q,32,70%,0,100,0.0,1.0,1,1,1,1,-0.9473630785942078,7.515285491943359
TrustMark Q,32,70%,1,100,0.0,1.0,1,1,1,1,-1.2328485250473022,8.737112045288086
TrustMark Q,32,70%,2,100,0.0,1.0,1,1,1,1,-0.7802565097808838,8.926143646240234
TrustMark Q,32,70%,3,100,0.0,1.0,1,1,1,1,-1.1487905979156494,8.865060806274414
TrustMark Q,32,70%,4,100,0.0,1.0,1,1,1,1,-0.7802565097808838,8.926143646240234
TrustMark Q,32,50%,0,100,0.04,0.96,1,1,1,1,-0.38324347138404846,4.63247537612915
TrustMark Q,32,50%,1,100,0.05,0.95,1,1,1,1,-0.727383017539978,4.494286060333252
TrustMark Q,32,50%,2,100,0.07,0.9299999999999999,0,0,0,-1,-0.8127341270446777,4.550880432128906
TrustMark Q,32,50%,3,100,0.04,0.96,1,1,1,1,-0.4076590836048126,4.294703960418701
TrustMark Q,32,50%,4,100,0.03,0.97,1,1,1,1,-0.7445747256278992,4.337193012237549
TrustMark Q,32,40%,0,100,0.06,0.94,0,0,0,-1,-0.36666449904441833,3.0806994438171387
TrustMark Q,32,40%,1,100,0.1,0.9,0,0,0,-1,-0.15148338675498962,2.3668019771575928
TrustMark Q,32,40%,2,100,0.07,0.9299999999999999,0,0,0,-1,-0.49563512206077576,3.50600528717041
TrustMark Q,32,40%,3,100,0.11,0.89,0,0,0,-1,-0.019622838124632835,2.366499423980713
TrustMark Q,32,40%,4,100,0.12,0.88,0,0,0,-1,-0.11865948885679245,2.381565570831299
TrustMark Q,32,30%,0,100,0.17,0.83,0,0,0,-1,-0.0700804814696312,1.4320467710494995
TrustMark Q,32,30%,1,100,0.13,0.87,0,0,0,-1,0.0552479512989521,1.5147128105163574
TrustMark Q,32,30%,2,100,0.15,0.85,0,0,0,-1,-0.29485902190208435,1.6841340065002441
TrustMark Q,32,30%,3,100,0.21,0.79,0,0,0,-1,-0.2436661720275879,1.693487286567688
TrustMark Q,32,30%,4,100,0.14,0.86,0,0,0,-1,-0.17816972732543945,1.6974455118179321
TrustMark Q,33,100%,0,100,0.0,1.0,1,1,1,1,-1.5467033386230469,10.758506774902344
TrustMark Q,33,100%,1,100,0.0,1.0,1,1,1,1,-1.5467033386230469,10.758506774902344
TrustMark Q,33,100%,2,100,0.0,1.0,1,1,1,1,-1.5467033386230469,10.758506774902344
TrustMark Q,33,100%,3,100,0.0,1.0,1,1,1,1,-1.5467033386230469,10.758506774902344
TrustMark Q,33,100%,4,100,0.0,1.0,1,1,1,1,-1.5467033386230469,10.758506774902344
TrustMark Q,33,70%,0,100,0.0,1.0,1,1,1,1,-1.1398848295211792,9.550395965576172
TrustMark Q,33,70%,1,100,0.0,1.0,1,1,1,1,-1.4711520671844482,9.92534065246582
TrustMark Q,33,70%,2,100,0.0,1.0,1,1,1,1,-1.4398086071014404,9.901665687561035
TrustMark Q,33,70%,3,100,0.0,1.0,1,1,1,1,-1.127233624458313,10.139516830444336
TrustMark Q,33,70%,4,100,0.0,1.0,1,1,1,1,-1.4398086071014404,9.901665687561035
TrustMark Q,33,50%,0,100,0.03,0.97,1,1,1,1,-1.0711708068847656,6.972329139709473
TrustMark Q,33,50%,1,100,0.05,0.95,1,1,1,1,-1.0159114599227905,6.4394211769104
TrustMark Q,33,50%,2,100,0.05,0.95,1,1,1,1,-0.829416811466217,5.902608871459961
TrustMark Q,33,50%,3,100,0.03,0.97,1,1,1,1,-1.0268704891204834,6.562492847442627
TrustMark Q,33,50%,4,100,0.03,0.97,1,1,1,1,-1.029819369316101,7.028947830200195
TrustMark Q,33,40%,0,100,0.1,0.9,0,0,0,-1,-0.44487449526786804,3.915553569793701
TrustMark Q,33,40%,1,100,0.21,0.79,0,0,0,-1,-0.1278439611196518,2.339050531387329
TrustMark Q,33,40%,2,100,0.06,0.94,0,0,0,-1,-0.9681174755096436,5.5529985427856445
TrustMark Q,33,40%,3,100,0.05,0.95,1,1,1,1,-0.7051254510879517,3.6368863582611084
TrustMark Q,33,40%,4,100,0.02,0.98,1,1,1,1,-0.7375352382659912,4.216433525085449
TrustMark Q,33,30%,0,100,0.13,0.87,0,0,0,-1,-0.3761676549911499,2.299140691757202
TrustMark Q,33,30%,1,100,0.16,0.84,0,0,0,-1,-0.12329349666833878,2.603760004043579
TrustMark Q,33,30%,2,100,0.13,0.87,0,0,0,-1,-0.3148649036884308,2.2631516456604004
TrustMark Q,33,30%,3,100,0.15,0.85,0,0,0,-1,-0.3475693464279175,2.283153533935547
TrustMark Q,33,30%,4,100,0.15,0.85,0,0,0,-1,-0.1774941384792328,2.455566644668579
TrustMark Q,34,100%,0,100,0.0,1.0,1,1,1,1,-0.7193715572357178,8.908967018127441
TrustMark Q,34,100%,1,100,0.0,1.0,1,1,1,1,-0.7193715572357178,8.908967018127441
TrustMark Q,34,100%,2,100,0.0,1.0,1,1,1,1,-0.7193715572357178,8.908967018127441
TrustMark Q,34,100%,3,100,0.0,1.0,1,1,1,1,-0.7193715572357178,8.908967018127441
TrustMark Q,34,100%,4,100,0.0,1.0,1,1,1,1,-0.7193715572357178,8.908967018127441
TrustMark Q,34,70%,0,100,0.0,1.0,1,1,1,1,-0.6519073247909546,6.564271926879883
TrustMark Q,34,70%,1,100,0.01,0.99,1,1,1,1,-0.7166635990142822,7.045103073120117
TrustMark Q,34,70%,2,100,0.0,1.0,1,1,1,1,-0.7257677316665649,6.691506385803223
TrustMark Q,34,70%,3,100,0.0,1.0,1,1,1,1,-0.8607824444770813,7.721776962280273
TrustMark Q,34,70%,4,100,0.0,1.0,1,1,1,1,-0.7257677316665649,6.691506385803223
TrustMark Q,34,50%,0,100,0.1,0.9,0,0,0,-1,-0.35995903611183167,3.645414113998413
TrustMark Q,34,50%,1,100,0.12,0.88,0,0,0,-1,-0.22668947279453278,2.930042028427124
TrustMark Q,34,50%,2,100,0.09,0.91,0,0,0,-1,-0.3091299533843994,3.1937289237976074
TrustMark Q,34,50%,3,100,0.08,0.92,0,0,0,-1,-0.3456181585788727,3.2635583877563477
TrustMark Q,34,50%,4,100,0.07,0.9299999999999999,0,0,0,-1,-0.24082258343696594,3.0186028480529785
TrustMark Q,34,40%,0,100,0.16,0.84,0,0,0,-1,-0.3745778799057007,2.2697489261627197
TrustMark Q,34,40%,1,100,0.12,0.88,0,0,0,-1,-0.39670899510383606,1.5693241357803345
TrustMark Q,34,40%,2,100,0.13,0.87,0,0,0,-1,-0.3123525083065033,2.304213047027588
TrustMark Q,34,40%,3,100,0.08,0.92,0,0,0,-1,-0.16246576607227325,2.4206230640411377
TrustMark Q,34,40%,4,100,0.05,0.95,1,1,1,1,-0.19956260919570923,2.5914337635040283
TrustMark Q,34,30%,0,100,0.17,0.83,0,0,0,-1,0.024479685351252556,1.6297303438186646
TrustMark Q,34,30%,1,100,0.23,0.77,0,0,0,-1,-0.16947631537914276,1.2688782215118408
TrustMark Q,34,30%,2,100,0.22,0.78,0,0,0,-1,-0.14775066077709198,1.3412269353866577
TrustMark Q,34,30%,3,100,0.24,0.76,0,0,0,-1,-0.2492200881242752,1.3956458568572998
TrustMark Q,34,30%,4,100,0.25,0.75,0,0,0,-1,-0.17205853760242462,1.4943851232528687
TrustMark Q,35,100%,0,100,0.0,1.0,1,1,1,1,1.7282273769378662,10.334175109863281
TrustMark Q,35,100%,1,100,0.0,1.0,1,1,1,1,1.7282273769378662,10.334175109863281
TrustMark Q,35,100%,2,100,0.0,1.0,1,1,1,1,1.7282273769378662,10.334175109863281
TrustMark Q,35,100%,3,100,0.0,1.0,1,1,1,1,1.7282273769378662,10.334175109863281
TrustMark Q,35,100%,4,100,0.0,1.0,1,1,1,1,1.7282273769378662,10.334175109863281
TrustMark Q,35,70%,0,100,0.01,0.99,1,1,1,1,1.6695857048034668,8.609872817993164
TrustMark Q,35,70%,1,100,0.0,1.0,1,1,1,1,1.3595374822616577,8.885122299194336
TrustMark Q,35,70%,2,100,0.0,1.0,1,1,1,1,1.5659292936325073,9.466747283935547
TrustMark Q,35,70%,3,100,0.0,1.0,1,1,1,1,1.4319140911102295,9.748184204101562
TrustMark Q,35,70%,4,100,0.0,1.0,1,1,1,1,1.5659292936325073,9.466747283935547
TrustMark Q,35,50%,0,100,0.03,0.97,1,1,1,1,0.7738111615180969,6.840750694274902
TrustMark Q,35,50%,1,100,0.04,0.96,1,1,1,1,0.9711052179336548,5.888733386993408
TrustMark Q,35,50%,2,100,0.06,0.94,0,0,0,-1,0.6110201478004456,5.889411449432373
TrustMark Q,35,50%,3,100,0.01,0.99,1,1,1,1,0.6726303696632385,6.698193550109863
TrustMark Q,35,50%,4,100,0.03,0.97,1,1,1,1,0.8534431457519531,6.633204936981201
TrustMark Q,35,40%,0,100,0.09,0.91,0,0,0,-1,0.43007197976112366,4.266343593597412
TrustMark Q,35,40%,1,100,0.13,0.87,0,0,0,-1,0.2626643180847168,2.8460168838500977
TrustMark Q,35,40%,2,100,0.09,0.91,0,0,0,-1,0.774792492389679,4.603561878204346
TrustMark Q,35,40%,3,100,0.09,0.91,0,0,0,-1,0.41521507501602173,3.3530924320220947
TrustMark Q,35,40%,4,100,0.08,0.92,0,0,0,-1,0.2734772562980652,3.500430107116699
TrustMark Q,35,30%,0,100,0.17,0.83,0,0,0,-1,0.22184433043003082,2.062758207321167
TrustMark Q,35,30%,1,100,0.21,0.79,0,0,0,-1,0.21575947105884552,2.1679680347442627
TrustMark Q,35,30%,2,100,0.15,0.85,0,0,0,-1,0.41699615120887756,2.082613468170166
TrustMark Q,35,30%,3,100,0.13,0.87,0,0,0,-1,0.21627990901470184,2.4952328205108643
TrustMark Q,35,30%,4,100,0.14,0.86,0,0,0,-1,-0.014036593027412891,2.5660011768341064
TrustMark Q,36,100%,0,100,0.01,0.99,1,1,1,1,-0.595416784286499,9.552082061767578
TrustMark Q,36,100%,1,100,0.01,0.99,1,1,1,1,-0.595416784286499,9.552082061767578
TrustMark Q,36,100%,2,100,0.01,0.99,1,1,1,1,-0.595416784286499,9.552082061767578
TrustMark Q,36,100%,3,100,0.01,0.99,1,1,1,1,-0.595416784286499,9.552082061767578
TrustMark Q,36,100%,4,100,0.01,0.99,1,1,1,1,-0.595416784286499,9.552082061767578
TrustMark Q,36,70%,0,100,0.01,0.99,1,1,1,1,-0.4693611264228821,7.640009880065918
TrustMark Q,36,70%,1,100,0.0,1.0,1,1,1,1,-0.7900494337081909,8.192717552185059
TrustMark Q,36,70%,2,100,0.0,1.0,1,1,1,1,-0.5253838896751404,8.791996002197266
TrustMark Q,36,70%,3,100,0.0,1.0,1,1,1,1,-0.5566099882125854,9.132765769958496
TrustMark Q,36,70%,4,100,0.0,1.0,1,1,1,1,-0.5253838896751404,8.791996002197266
TrustMark Q,36,50%,0,100,0.07,0.9299999999999999,0,0,0,-1,-0.029258225113153458,4.1253886222839355
TrustMark Q,36,50%,1,100,0.1,0.9,0,0,0,-1,-0.5857418179512024,3.3629021644592285
TrustMark Q,36,50%,2,100,0.04,0.96,1,1,1,1,-0.5196244120597839,3.2783141136169434
TrustMark Q,36,50%,3,100,0.04,0.96,1,1,1,1,-0.09845290333032608,4.745492935180664
TrustMark Q,36,50%,4,100,0.05,0.95,1,1,1,1,-0.6744171380996704,4.080042362213135
TrustMark Q,36,40%,0,100,0.09,0.91,0,0,0,-1,0.0894055962562561,2.6160030364990234
TrustMark Q,36,40%,1,100,0.17,0.83,0,0,0,-1,-0.08781494945287704,2.065126419067383
TrustMark Q,36,40%,2,100,0.07,0.9299999999999999,0,0,0,-1,-0.48941799998283386,2.837510347366333
TrustMark Q,36,40%,3,100,0.14,0.86,1,0,0,3,-0.3894832730293274,2.5079050064086914
TrustMark Q,36,40%,4,100,0.11,0.89,0,0,0,-1,-0.46806785464286804,2.8390989303588867
TrustMark Q,36,30%,0,100,0.19,0.81,0,0,0,-1,-0.1251891404390335,1.5196576118469238
TrustMark Q,36,30%,1,100,0.19,0.81,0,0,0,-1,-0.10082543641328812,1.8375029563903809
TrustMark Q,36,30%,2,100,0.2,0.8,0,0,0,-1,-0.23063136637210846,1.4100861549377441
TrustMark Q,36,30%,3,100,0.16,0.84,0,0,0,-1,-0.12523506581783295,1.8111592531204224
TrustMark Q,36,30%,4,100,0.22,0.78,0,0,0,-1,-0.11164967715740204,1.316304326057434
TrustMark Q,37,100%,0,100,0.0,1.0,1,1,1,1,0.21042557060718536,10.236475944519043
TrustMark Q,37,100%,1,100,0.0,1.0,1,1,1,1,0.21042557060718536,10.236475944519043
TrustMark Q,37,100%,2,100,0.0,1.0,1,1,1,1,0.21042557060718536,10.236475944519043
TrustMark Q,37,100%,3,100,0.0,1.0,1,1,1,1,0.21042557060718536,10.236475944519043
TrustMark Q,37,100%,4,100,0.0,1.0,1,1,1,1,0.21042557060718536,10.236475944519043
TrustMark Q,37,70%,0,100,0.0,1.0,1,1,1,1,0.3701587915420532,7.861716270446777
TrustMark Q,37,70%,1,100,0.0,1.0,1,1,1,1,0.0005158901331014931,8.710813522338867
TrustMark Q,37,70%,2,100,0.0,1.0,1,1,1,1,0.4445977807044983,9.507192611694336
TrustMark Q,37,70%,3,100,0.0,1.0,1,1,1,1,0.20611293613910675,9.315032005310059
TrustMark Q,37,70%,4,100,0.0,1.0,1,1,1,1,0.4445977807044983,9.507192611694336
TrustMark Q,37,50%,0,100,0.01,0.99,1,0,0,3,0.2609513998031616,5.4156813621521
TrustMark Q,37,50%,1,100,0.01,0.99,1,1,1,1,0.02236655168235302,5.585925102233887
TrustMark Q,37,50%,2,100,0.0,1.0,1,1,1,1,0.080536849796772,5.342132568359375
TrustMark Q,37,50%,3,100,0.05,0.95,1,1,1,1,0.07904546707868576,4.931079387664795
TrustMark Q,37,50%,4,100,0.01,0.99,1,1,1,1,0.19642162322998047,6.054968357086182
TrustMark Q,37,40%,0,100,0.08,0.92,0,0,0,-1,0.23997996747493744,3.056910753250122
TrustMark Q,37,40%,1,100,0.12,0.88,0,0,0,-1,-0.012631373479962349,2.3632116317749023
TrustMark Q,37,40%,2,100,0.02,0.98,1,1,1,1,0.029635613784193993,4.316162586212158
TrustMark Q,37,40%,3,100,0.11,0.89,0,0,0,-1,0.10577584058046341,3.369061231613159
TrustMark Q,37,40%,4,100,0.06,0.94,0,0,0,-1,0.02101978473365307,3.7557907104492188
TrustMark Q,37,30%,0,100,0.14,0.86,0,0,0,-1,0.2101786732673645,2.102783679962158
TrustMark Q,37,30%,1,100,0.21,0.79,0,0,0,-1,0.28570008277893066,1.965883493423462
TrustMark Q,37,30%,2,100,0.14,0.86,0,0,0,-1,0.22639574110507965,1.6421629190444946
TrustMark Q,37,30%,3,100,0.14,0.86,0,0,0,-1,-0.0469098836183548,2.1242823600769043
TrustMark Q,37,30%,4,100,0.19,0.81,0,0,0,-1,0.048389747738838196,2.0707943439483643
TrustMark Q,38,100%,0,100,0.0,1.0,1,1,1,1,-1.73341703414917,9.843173027038574
TrustMark Q,38,100%,1,100,0.0,1.0,1,1,1,1,-1.73341703414917,9.843173027038574
TrustMark Q,38,100%,2,100,0.0,1.0,1,1,1,1,-1.73341703414917,9.843173027038574
TrustMark Q,38,100%,3,100,0.0,1.0,1,1,1,1,-1.73341703414917,9.843173027038574
TrustMark Q,38,100%,4,100,0.0,1.0,1,1,1,1,-1.73341703414917,9.843173027038574
TrustMark Q,38,70%,0,100,0.02,0.98,1,1,1,1,-0.9734581708908081,7.8792595863342285
TrustMark Q,38,70%,1,100,0.01,0.99,1,1,1,1,-1.4085394144058228,8.703596115112305
TrustMark Q,38,70%,2,100,0.0,1.0,1,1,1,1,-1.2875007390975952,8.018860816955566
TrustMark Q,38,70%,3,100,0.0,1.0,1,1,1,1,-1.1210377216339111,8.990669250488281
TrustMark Q,38,70%,4,100,0.0,1.0,1,1,1,1,-1.2875007390975952,8.018860816955566
TrustMark Q,38,50%,0,100,0.08,0.92,0,0,0,-1,-0.5010166168212891,4.30341100692749
TrustMark Q,38,50%,1,100,0.02,0.98,1,1,1,1,-0.6146368980407715,4.4337663650512695
TrustMark Q,38,50%,2,100,0.04,0.96,1,1,1,1,-0.5601643323898315,4.521425247192383
TrustMark Q,38,50%,3,100,0.06,0.94,0,0,0,-1,-0.3325091600418091,4.001023292541504
TrustMark Q,38,50%,4,100,0.03,0.97,1,1,1,1,-0.7013839483261108,5.829293251037598
TrustMark Q,38,40%,0,100,0.12,0.88,0,0,0,-1,-0.2488861083984375,2.6701395511627197
TrustMark Q,38,40%,1,100,0.18,0.8200000000000001,0,0,0,-1,-0.32973870635032654,1.9588276147842407
TrustMark Q,38,40%,2,100,0.09,0.91,0,0,0,-1,-0.3084256649017334,3.5963661670684814
TrustMark Q,38,40%,3,100,0.07,0.9299999999999999,0,0,0,-1,-0.5517556667327881,2.4304726123809814
TrustMark Q,38,40%,4,100,0.1,0.9,0,0,0,-1,-0.758161723613739,3.219808578491211
TrustMark Q,38,30%,0,100,0.16,0.84,0,0,0,-1,-0.28375887870788574,1.6459258794784546
TrustMark Q,38,30%,1,100,0.16,0.84,0,0,0,-1,-0.4482603371143341,1.6748132705688477
TrustMark Q,38,30%,2,100,0.2,0.8,0,0,0,-1,-0.22570228576660156,1.5008240938186646
TrustMark Q,38,30%,3,100,0.15,0.85,0,0,0,-1,-0.17409761250019073,2.134976863861084
TrustMark Q,38,30%,4,100,0.18,0.8200000000000001,0,0,0,-1,-0.40097442269325256,2.22530460357666
TrustMark Q,39,100%,0,100,0.0,1.0,1,1,1,1,-0.4843241572380066,9.8316068649292
TrustMark Q,39,100%,1,100,0.0,1.0,1,1,1,1,-0.4843241572380066,9.8316068649292
TrustMark Q,39,100%,2,100,0.0,1.0,1,1,1,1,-0.4843241572380066,9.8316068649292
TrustMark Q,39,100%,3,100,0.0,1.0,1,1,1,1,-0.4843241572380066,9.8316068649292
TrustMark Q,39,100%,4,100,0.0,1.0,1,1,1,1,-0.4843241572380066,9.8316068649292
TrustMark Q,39,70%,0,100,0.0,1.0,1,1,1,1,-0.6459857821464539,8.566905975341797
TrustMark Q,39,70%,1,100,0.0,1.0,1,1,1,1,-0.3301873505115509,8.922313690185547
TrustMark Q,39,70%,2,100,0.0,1.0,1,1,1,1,-0.16433320939540863,9.211296081542969
TrustMark Q,39,70%,3,100,0.0,1.0,1,1,1,1,-0.31417587399482727,9.493088722229004
TrustMark Q,39,70%,4,100,0.0,1.0,1,1,1,1,-0.16433320939540863,9.211296081542969
TrustMark Q,39,50%,0,100,0.03,0.97,1,1,1,1,0.15635918080806732,5.307619094848633
TrustMark Q,39,50%,1,100,0.07,0.9299999999999999,0,0,0,-1,-0.17058053612709045,4.545280933380127
TrustMark Q,39,50%,2,100,0.06,0.94,0,0,0,-1,-0.028729619458317757,4.366326808929443
TrustMark Q,39,50%,3,100,0.06,0.94,0,0,0,-1,-0.03412049263715744,5.205978870391846
TrustMark Q,39,50%,4,100,0.07,0.9299999999999999,0,0,0,-1,-0.09470567852258682,4.861912250518799
TrustMark Q,39,40%,0,100,0.12,0.88,0,0,0,-1,0.2654893100261688,3.945796012878418
TrustMark Q,39,40%,1,100,0.1,0.9,0,0,0,-1,0.27288350462913513,2.6209731101989746
TrustMark Q,39,40%,2,100,0.11,0.89,0,0,0,-1,0.10662537813186646,3.567716598510742
TrustMark Q,39,40%,3,100,0.17,0.83,0,0,0,-1,-0.36483219265937805,2.677354097366333
TrustMark Q,39,40%,4,100,0.12,0.88,0,0,0,-1,-0.37585389614105225,3.1077663898468018
TrustMark Q,39,30%,0,100,0.22,0.78,0,0,0,-1,0.07134900987148285,1.8315714597702026
TrustMark Q,39,30%,1,100,0.26,0.74,0,0,0,-1,-0.16101576387882233,1.7771170139312744
TrustMark Q,39,30%,2,100,0.13,0.87,0,0,0,-1,0.03247181326150894,1.8220410346984863
TrustMark Q,39,30%,3,100,0.13,0.87,0,0,0,-1,0.1404639184474945,2.5872063636779785
TrustMark Q,39,30%,4,100,0.19,0.81,0,0,0,-1,-0.28807151317596436,2.7236907482147217
TrustMark Q,40,100%,0,100,0.04,0.96,1,1,1,1,-0.22057265043258667,5.188177585601807
TrustMark Q,40,100%,1,100,0.04,0.96,1,1,1,1,-0.22057265043258667,5.188177585601807
TrustMark Q,40,100%,2,100,0.04,0.96,1,1,1,1,-0.22057265043258667,5.188177585601807
TrustMark Q,40,100%,3,100,0.04,0.96,1,1,1,1,-0.22057265043258667,5.188177585601807
TrustMark Q,40,100%,4,100,0.04,0.96,1,1,1,1,-0.22057265043258667,5.188177585601807
TrustMark Q,40,70%,0,100,0.05,0.95,1,1,1,1,-0.05744028463959694,4.0880022048950195
TrustMark Q,40,70%,1,100,0.06,0.94,0,0,0,-1,-0.18707819283008575,4.313742160797119
TrustMark Q,40,70%,2,100,0.04,0.96,1,1,1,1,-0.004600956570357084,4.597972393035889
TrustMark Q,40,70%,3,100,0.03,0.97,1,1,1,1,-0.09537515789270401,4.731442451477051
TrustMark Q,40,70%,4,100,0.04,0.96,1,1,1,1,-0.004600956570357084,4.597972393035889
TrustMark Q,40,50%,0,100,0.07,0.9299999999999999,0,0,0,-1,0.12012439966201782,2.351485013961792
TrustMark Q,40,50%,1,100,0.17,0.83,0,0,0,-1,-0.10646885633468628,2.486560106277466
TrustMark Q,40,50%,2,100,0.18,0.8200000000000001,0,0,0,-1,-0.007533760275691748,2.415698528289795
TrustMark Q,40,50%,3,100,0.06,0.94,0,0,0,-1,-0.009194573387503624,2.3199942111968994
TrustMark Q,40,50%,4,100,0.1,0.9,0,0,0,-1,-0.12180167436599731,2.467343330383301
TrustMark Q,40,40%,0,100,0.14,0.86,0,0,0,-1,0.1056283488869667,1.5736753940582275
TrustMark Q,40,40%,1,100,0.24,0.76,0,0,0,-1,0.02118789404630661,0.963347315788269
TrustMark Q,40,40%,2,100,0.16,0.84,0,0,0,-1,-0.03620115667581558,1.954557180404663
TrustMark Q,40,40%,3,100,0.16,0.84,0,0,0,-1,-0.008703526109457016,1.7730752229690552
TrustMark Q,40,40%,4,100,0.15,0.85,0,0,0,-1,0.001817564945667982,1.8636645078659058
TrustMark Q,40,30%,0,100,0.18,0.8200000000000001,0,0,0,-1,0.01593935675919056,1.1888874769210815
TrustMark Q,40,30%,1,100,0.4,0.6,0,0,0,-1,-0.025564150884747505,0.40894123911857605
TrustMark Q,40,30%,2,100,0.22,0.78,0,0,0,-1,-0.18544863164424896,1.2683500051498413
TrustMark Q,40,30%,3,100,0.2,0.8,0,0,0,-1,0.07878819108009338,0.6906190514564514
TrustMark Q,40,30%,4,100,0.25,0.75,0,0,0,-1,0.016077278181910515,0.9699216485023499
TrustMark Q,41,100%,0,100,0.0,1.0,1,1,1,1,0.43120238184928894,9.833752632141113
TrustMark Q,41,100%,1,100,0.0,1.0,1,1,1,1,0.43120238184928894,9.833752632141113
TrustMark Q,41,100%,2,100,0.0,1.0,1,1,1,1,0.43120238184928894,9.833752632141113
TrustMark Q,41,100%,3,100,0.0,1.0,1,1,1,1,0.43120238184928894,9.833752632141113
TrustMark Q,41,100%,4,100,0.0,1.0,1,1,1,1,0.43120238184928894,9.833752632141113
TrustMark Q,41,70%,0,100,0.0,1.0,1,1,1,1,0.2683042883872986,8.73587703704834
TrustMark Q,41,70%,1,100,0.0,1.0,1,1,1,1,0.3504609763622284,9.205312728881836
TrustMark Q,41,70%,2,100,0.0,1.0,1,1,1,1,0.3041057288646698,9.33641529083252
TrustMark Q,41,70%,3,100,0.0,1.0,1,1,1,1,0.42462462186813354,9.576940536499023
TrustMark Q,41,70%,4,100,0.0,1.0,1,1,1,1,0.3041057288646698,9.33641529083252
TrustMark Q,41,50%,0,100,0.07,0.9299999999999999,0,0,0,-1,0.0859585776925087,4.907901287078857
TrustMark Q,41,50%,1,100,0.11,0.89,0,0,0,-1,0.10442838817834854,4.373636722564697
TrustMark Q,41,50%,2,100,0.1,0.9,0,0,0,-1,0.1587103009223938,4.380350112915039
TrustMark Q,41,50%,3,100,0.05,0.95,1,1,1,1,0.011700443923473358,4.723069667816162
TrustMark Q,41,50%,4,100,0.04,0.96,0,0,0,-1,-0.04894331842660904,5.74643611907959
TrustMark Q,41,40%,0,100,0.11,0.89,0,0,0,-1,0.06557171791791916,2.859630823135376
TrustMark Q,41,40%,1,100,0.22,0.78,0,0,0,-1,0.281999796628952,1.7595449686050415
TrustMark Q,41,40%,2,100,0.15,0.85,0,0,0,-1,-0.005840492434799671,3.5922908782958984
TrustMark Q,41,40%,3,100,0.07,0.9299999999999999,0,0,0,-1,-0.10120851546525955,3.200820207595825
TrustMark Q,41,40%,4,100,0.06,0.94,0,0,0,-1,-0.17518417537212372,3.644782781600952
TrustMark Q,41,30%,0,100,0.19,0.81,0,0,0,-1,-0.04959467798471451,1.8063099384307861
TrustMark Q,41,30%,1,100,0.15,0.85,0,0,0,-1,-0.07960900664329529,2.1169300079345703
TrustMark Q,41,30%,2,100,0.2,0.8,0,0,0,-1,-0.1118382066488266,1.0415332317352295
TrustMark Q,41,30%,3,100,0.2,0.8,0,0,0,-1,0.37059324979782104,1.5174667835235596
TrustMark Q,41,30%,4,100,0.13,0.87,0,0,0,-1,-0.1695411652326584,2.2964296340942383
TrustMark Q,42,100%,0,100,0.0,1.0,1,1,1,1,0.28995051980018616,10.655194282531738
TrustMark Q,42,100%,1,100,0.0,1.0,1,1,1,1,0.28995051980018616,10.655194282531738
TrustMark Q,42,100%,2,100,0.0,1.0,1,1,1,1,0.28995051980018616,10.655194282531738
TrustMark Q,42,100%,3,100,0.0,1.0,1,1,1,1,0.28995051980018616,10.655194282531738
TrustMark Q,42,100%,4,100,0.0,1.0,1,1,1,1,0.28995051980018616,10.655194282531738
TrustMark Q,42,70%,0,100,0.0,1.0,1,1,1,1,0.1982971578836441,8.404485702514648
TrustMark Q,42,70%,1,100,0.0,1.0,1,1,1,1,0.2588655948638916,9.50766658782959
TrustMark Q,42,70%,2,100,0.0,1.0,1,1,1,1,0.49714118242263794,9.7806978225708
TrustMark Q,42,70%,3,100,0.0,1.0,1,1,1,1,0.397360622882843,10.072962760925293
TrustMark Q,42,70%,4,100,0.0,1.0,1,1,1,1,0.49714118242263794,9.7806978225708
TrustMark Q,42,50%,0,100,0.04,0.96,0,0,0,-1,0.5495069026947021,6.090198516845703
TrustMark Q,42,50%,1,100,0.02,0.98,1,1,1,1,0.45914727449417114,5.803091049194336
TrustMark Q,42,50%,2,100,0.02,0.98,1,1,1,1,0.5052671432495117,6.0276079177856445
TrustMark Q,42,50%,3,100,0.01,0.99,0,0,0,-1,0.7137110829353333,6.202792167663574
TrustMark Q,42,50%,4,100,0.02,0.98,1,1,1,1,0.45939120650291443,6.452402114868164
TrustMark Q,42,40%,0,100,0.08,0.92,0,0,0,-1,0.24012532830238342,3.344693899154663
TrustMark Q,42,40%,1,100,0.08,0.92,0,0,0,-1,0.006730982102453709,3.1297495365142822
TrustMark Q,42,40%,2,100,0.08,0.92,0,0,0,-1,0.6992104053497314,4.592792510986328
TrustMark Q,42,40%,3,100,0.1,0.9,0,0,0,-1,0.14021697640419006,2.7095508575439453
TrustMark Q,42,40%,4,100,0.02,0.98,1,1,1,1,0.117349773645401,3.4178383350372314
TrustMark Q,42,30%,0,100,0.22,0.78,0,0,0,-1,0.1049836128950119,1.618173360824585
TrustMark Q,42,30%,1,100,0.2,0.8,0,0,0,-1,0.21964845061302185,2.2756919860839844
TrustMark Q,42,30%,2,100,0.18,0.8200000000000001,0,0,0,-1,0.16928252577781677,2.003702163696289
TrustMark Q,42,30%,3,100,0.16,0.84,0,0,0,-1,0.26886945962905884,2.910937547683716
TrustMark Q,42,30%,4,100,0.17,0.83,0,0,0,-1,0.15682880580425262,2.9548287391662598
TrustMark Q,43,100%,0,100,0.0,1.0,1,1,1,1,0.5719115734100342,10.271988868713379
TrustMark Q,43,100%,1,100,0.0,1.0,1,1,1,1,0.5719115734100342,10.271988868713379
TrustMark Q,43,100%,2,100,0.0,1.0,1,1,1,1,0.5719115734100342,10.271988868713379
TrustMark Q,43,100%,3,100,0.0,1.0,1,1,1,1,0.5719115734100342,10.271988868713379
TrustMark Q,43,100%,4,100,0.0,1.0,1,1,1,1,0.5719115734100342,10.271988868713379
TrustMark Q,43,70%,0,100,0.0,1.0,1,1,1,1,0.7053694128990173,8.933711051940918
TrustMark Q,43,70%,1,100,0.0,1.0,1,1,1,1,0.6695676445960999,9.463065147399902
TrustMark Q,43,70%,2,100,0.0,1.0,1,1,1,1,0.6090449094772339,9.475218772888184
TrustMark Q,43,70%,3,100,0.0,1.0,1,1,1,1,0.8723120093345642,9.721972465515137
TrustMark Q,43,70%,4,100,0.0,1.0,1,1,1,1,0.6090449094772339,9.475218772888184
TrustMark Q,43,50%,0,100,0.03,0.97,1,1,1,1,0.48553285002708435,6.552828311920166
TrustMark Q,43,50%,1,100,0.03,0.97,1,1,1,1,-0.06954967230558395,6.031041145324707
TrustMark Q,43,50%,2,100,0.04,0.96,1,1,1,1,-0.10489324480295181,6.1310625076293945
TrustMark Q,43,50%,3,100,0.02,0.98,1,1,1,1,0.32282814383506775,6.253973007202148
TrustMark Q,43,50%,4,100,0.01,0.99,1,1,1,1,-0.05188114196062088,6.497546195983887
TrustMark Q,43,40%,0,100,0.08,0.92,0,0,0,-1,0.2594048082828522,4.121408939361572
TrustMark Q,43,40%,1,100,0.21,0.79,0,0,0,-1,0.3312917947769165,2.312927484512329
TrustMark Q,43,40%,2,100,0.07,0.9299999999999999,0,0,0,-1,-0.13042128086090088,4.681015491485596
TrustMark Q,43,40%,3,100,0.06,0.94,1,1,1,1,0.0374855101108551,3.448734760284424
TrustMark Q,43,40%,4,100,0.07,0.9299999999999999,0,0,0,-1,0.07942330092191696,4.245563507080078
TrustMark Q,43,30%,0,100,0.12,0.88,0,0,0,-1,0.032548170536756516,1.8503133058547974
TrustMark Q,43,30%,1,100,0.24,0.76,0,0,0,-1,-0.06654279679059982,1.814428687095642
TrustMark Q,43,30%,2,100,0.14,0.86,0,0,0,-1,-0.10510192811489105,1.9534385204315186
TrustMark Q,43,30%,3,100,0.13,0.87,0,0,0,-1,0.07648429274559021,2.3103902339935303
TrustMark Q,43,30%,4,100,0.11,0.89,0,0,0,-1,0.07452663779258728,2.7916555404663086
TrustMark Q,44,100%,0,100,0.0,1.0,1,1,1,1,0.2401011437177658,10.496587753295898
TrustMark Q,44,100%,1,100,0.0,1.0,1,1,1,1,0.2401011437177658,10.496587753295898
TrustMark Q,44,100%,2,100,0.0,1.0,1,1,1,1,0.2401011437177658,10.496587753295898
TrustMark Q,44,100%,3,100,0.0,1.0,1,1,1,1,0.2401011437177658,10.496587753295898
TrustMark Q,44,100%,4,100,0.0,1.0,1,1,1,1,0.2401011437177658,10.496587753295898
TrustMark Q,44,70%,0,100,0.0,1.0,1,1,1,1,0.33464673161506653,8.560110092163086
TrustMark Q,44,70%,1,100,0.0,1.0,1,1,1,1,0.45888346433639526,9.739363670349121
TrustMark Q,44,70%,2,100,0.0,1.0,1,1,1,1,0.37564998865127563,9.7017183303833
TrustMark Q,44,70%,3,100,0.0,1.0,1,1,1,1,0.4464457333087921,10.096297264099121
TrustMark Q,44,70%,4,100,0.0,1.0,1,1,1,1,0.37564998865127563,9.7017183303833
TrustMark Q,44,50%,0,100,0.02,0.98,0,0,0,-1,0.45260298252105713,7.302220344543457
TrustMark Q,44,50%,1,100,0.03,0.97,0,0,0,-1,0.2850255072116852,5.956329345703125
TrustMark Q,44,50%,2,100,0.02,0.98,0,0,0,-1,0.34840989112854004,6.085943698883057
TrustMark Q,44,50%,3,100,0.02,0.98,0,0,0,-1,0.6327646970748901,7.047400951385498
TrustMark Q,44,50%,4,100,0.01,0.99,1,1,1,1,0.4033631384372711,6.485185146331787
TrustMark Q,44,40%,0,100,0.05,0.95,1,1,1,1,0.8576644659042358,4.3608012199401855
TrustMark Q,44,40%,1,100,0.1,0.9,0,0,0,-1,0.24074845016002655,2.871403455734253
TrustMark Q,44,40%,2,100,0.07,0.9299999999999999,1,0,0,3,0.18910835683345795,4.43625020980835
TrustMark Q,44,40%,3,100,0.14,0.86,0,0,0,-1,-0.17562152445316315,2.5477805137634277
TrustMark Q,44,40%,4,100,0.12,0.88,0,0,0,-1,-0.06571996957063675,2.8798861503601074
TrustMark Q,44,30%,0,100,0.22,0.78,0,0,0,-1,-0.020580720156431198,1.607215404510498
TrustMark Q,44,30%,1,100,0.17,0.83,0,0,0,-1,-0.10084005445241928,2.132941484451294
TrustMark Q,44,30%,2,100,0.17,0.83,1,0,0,3,0.013793226331472397,1.6627252101898193
TrustMark Q,44,30%,3,100,0.13,0.87,0,0,0,-1,0.4289323091506958,2.4310507774353027
TrustMark Q,44,30%,4,100,0.21,0.79,0,0,0,-1,0.0858449935913086,2.5792510509490967
TrustMark Q,45,100%,0,100,0.0,1.0,1,1,1,1,0.8839293718338013,10.024829864501953
TrustMark Q,45,100%,1,100,0.0,1.0,1,1,1,1,0.8839293718338013,10.024829864501953
TrustMark Q,45,100%,2,100,0.0,1.0,1,1,1,1,0.8839293718338013,10.024829864501953
TrustMark Q,45,100%,3,100,0.0,1.0,1,1,1,1,0.8839293718338013,10.024829864501953
TrustMark Q,45,100%,4,100,0.0,1.0,1,1,1,1,0.8839293718338013,10.024829864501953
TrustMark Q,45,70%,0,100,0.0,1.0,1,1,1,1,0.7133731245994568,8.945479393005371
TrustMark Q,45,70%,1,100,0.0,1.0,1,1,1,1,0.8427760601043701,9.295289039611816
TrustMark Q,45,70%,2,100,0.0,1.0,1,1,1,1,0.8148738145828247,9.179936408996582
TrustMark Q,45,70%,3,100,0.0,1.0,1,1,1,1,0.8814296722412109,9.696549415588379
TrustMark Q,45,70%,4,100,0.0,1.0,1,1,1,1,0.8148738145828247,9.179936408996582
TrustMark Q,45,50%,0,100,0.0,1.0,1,1,1,1,0.6982271075248718,6.3251471519470215
TrustMark Q,45,50%,1,100,0.01,0.99,1,1,1,1,0.12651677429676056,5.982881546020508
TrustMark Q,45,50%,2,100,0.01,0.99,1,1,1,1,-0.005724992603063583,5.916821479797363
TrustMark Q,45,50%,3,100,0.0,1.0,1,1,1,1,0.6978441476821899,6.205859184265137
TrustMark Q,45,50%,4,100,0.01,0.99,1,1,1,1,-0.022454271093010902,6.6209306716918945
TrustMark Q,45,40%,0,100,0.02,0.98,1,1,1,1,0.4077828526496887,4.2881760597229
TrustMark Q,45,40%,1,100,0.1,0.9,0,0,0,-1,0.12441976368427277,2.9071614742279053
TrustMark Q,45,40%,2,100,0.02,0.98,1,1,1,1,0.11386170983314514,4.68917989730835
TrustMark Q,45,40%,3,100,0.13,0.87,0,0,0,-1,0.05331692844629288,3.2950851917266846
TrustMark Q,45,40%,4,100,0.1,0.9,0,0,0,-1,-0.018596677109599113,4.0115437507629395
TrustMark Q,45,30%,0,100,0.16,0.84,0,0,0,-1,0.05031169578433037,1.9581997394561768
TrustMark Q,45,30%,1,100,0.19,0.81,0,0,0,-1,0.21024726331233978,1.8295478820800781
TrustMark Q,45,30%,2,100,0.15,0.85,0,0,0,-1,-0.036867450922727585,2.123732089996338
TrustMark Q,45,30%,3,100,0.16,0.84,0,0,0,-1,0.3352629542350769,2.720090389251709
TrustMark Q,45,30%,4,100,0.13,0.87,0,0,0,-1,0.2967299818992615,3.2142300605773926
TrustMark Q,46,100%,0,100,0.0,1.0,1,1,1,1,-0.40924185514450073,9.85632038116455
TrustMark Q,46,100%,1,100,0.0,1.0,1,1,1,1,-0.40924185514450073,9.85632038116455
TrustMark Q,46,100%,2,100,0.0,1.0,1,1,1,1,-0.40924185514450073,9.85632038116455
TrustMark Q,46,100%,3,100,0.0,1.0,1,1,1,1,-0.40924185514450073,9.85632038116455
TrustMark Q,46,100%,4,100,0.0,1.0,1,1,1,1,-0.40924185514450073,9.85632038116455
TrustMark Q,46,70%,0,100,0.02,0.98,1,1,1,1,-0.2673184275627136,7.454082489013672
TrustMark Q,46,70%,1,100,0.01,0.99,1,1,1,1,-0.06333018094301224,8.34781551361084
TrustMark Q,46,70%,2,100,0.0,1.0,1,1,1,1,-0.36970505118370056,8.680333137512207
TrustMark Q,46,70%,3,100,0.0,1.0,1,1,1,1,-0.27270305156707764,8.996877670288086
TrustMark Q,46,70%,4,100,0.0,1.0,1,1,1,1,-0.36970505118370056,8.680333137512207
TrustMark Q,46,50%,0,100,0.02,0.98,1,1,1,1,-0.32118770480155945,5.447115421295166
TrustMark Q,46,50%,1,100,0.06,0.94,0,0,0,-1,0.009903681464493275,5.191885948181152
TrustMark Q,46,50%,2,100,0.1,0.9,0,0,0,-1,-0.09410148859024048,4.613919258117676
TrustMark Q,46,50%,3,100,0.0,1.0,1,1,1,1,-0.32224249839782715,5.767185688018799
TrustMark Q,46,50%,4,100,0.03,0.97,1,1,1,1,-0.28728753328323364,6.076480865478516
TrustMark Q,46,40%,0,100,0.08,0.92,0,0,0,-1,-0.20270033180713654,3.6354856491088867
TrustMark Q,46,40%,1,100,0.15,0.85,0,0,0,-1,-0.16333408653736115,2.412154197692871
TrustMark Q,46,40%,2,100,0.1,0.9,0,0,0,-1,0.05511484295129776,4.015354156494141
TrustMark Q,46,40%,3,100,0.13,0.87,1,0,0,3,0.0029345822986215353,2.204664468765259
TrustMark Q,46,40%,4,100,0.11,0.89,0,0,0,-1,0.07296619564294815,2.6884355545043945
TrustMark Q,46,30%,0,100,0.21,0.79,0,0,0,-1,0.09198860824108124,1.4343523979187012
TrustMark Q,46,30%,1,100,0.15,0.85,0,0,0,-1,-0.07341057807207108,1.9291696548461914
TrustMark Q,46,30%,2,100,0.19,0.81,0,0,0,-1,-0.14780543744564056,1.7810930013656616
TrustMark Q,46,30%,3,100,0.15,0.85,0,0,0,-1,-0.23094631731510162,1.7308193445205688
TrustMark Q,46,30%,4,100,0.15,0.85,0,0,0,-1,-0.002366469008848071,2.051854133605957
TrustMark Q,47,100%,0,100,0.0,1.0,1,1,1,1,1.581210970878601,10.678241729736328
TrustMark Q,47,100%,1,100,0.0,1.0,1,1,1,1,1.581210970878601,10.678241729736328
TrustMark Q,47,100%,2,100,0.0,1.0,1,1,1,1,1.581210970878601,10.678241729736328
TrustMark Q,47,100%,3,100,0.0,1.0,1,1,1,1,1.581210970878601,10.678241729736328
TrustMark Q,47,100%,4,100,0.0,1.0,1,1,1,1,1.581210970878601,10.678241729736328
TrustMark Q,47,70%,0,100,0.01,0.99,1,1,1,1,1.998252511024475,8.93993854522705
TrustMark Q,47,70%,1,100,0.0,1.0,1,1,1,1,1.5970948934555054,9.850839614868164
TrustMark Q,47,70%,2,100,0.0,1.0,1,1,1,1,1.2861294746398926,9.246010780334473
TrustMark Q,47,70%,3,100,0.0,1.0,1,1,1,1,1.5688079595565796,10.210504531860352
TrustMark Q,47,70%,4,100,0.0,1.0,1,1,1,1,1.2861294746398926,9.246010780334473
TrustMark Q,47,50%,0,100,0.05,0.95,1,1,1,1,0.7827766537666321,5.251586437225342
TrustMark Q,47,50%,1,100,0.05,0.95,1,1,1,1,0.5346399545669556,4.713779926300049
TrustMark Q,47,50%,2,100,0.07,0.9299999999999999,0,0,0,-1,0.5039963722229004,4.706287384033203
TrustMark Q,47,50%,3,100,0.06,0.94,0,0,0,-1,0.7624269723892212,5.056700706481934
TrustMark Q,47,50%,4,100,0.05,0.95,1,1,1,1,0.5287895798683167,4.980746746063232
TrustMark Q,47,40%,0,100,0.11,0.89,0,0,0,-1,0.5231536626815796,3.0517466068267822
TrustMark Q,47,40%,1,100,0.14,0.86,0,0,0,-1,0.2969563603401184,2.4629175662994385
TrustMark Q,47,40%,2,100,0.05,0.95,1,1,1,1,0.33453992009162903,3.539372444152832
TrustMark Q,47,40%,3,100,0.06,0.94,0,0,0,-1,0.5540422201156616,2.7492077350616455
TrustMark Q,47,40%,4,100,0.08,0.92,0,0,0,-1,0.6507835388183594,3.3248987197875977
TrustMark Q,47,30%,0,100,0.16,0.84,0,0,0,-1,0.3155072331428528,1.9630519151687622
TrustMark Q,47,30%,1,100,0.14,0.86,0,0,0,-1,0.22351324558258057,1.7124419212341309
TrustMark Q,47,30%,2,100,0.22,0.78,0,0,0,-1,0.19683560729026794,1.8376578092575073
TrustMark Q,47,30%,3,100,0.21,0.79,0,0,0,-1,0.21054112911224365,2.12540340423584
TrustMark Q,47,30%,4,100,0.15,0.85,0,0,0,-1,0.25952979922294617,2.1336212158203125
TrustMark Q,48,100%,0,100,0.0,1.0,1,1,1,1,-0.5175246000289917,7.951098442077637
TrustMark Q,48,100%,1,100,0.0,1.0,1,1,1,1,-0.5175246000289917,7.951098442077637
TrustMark Q,48,100%,2,100,0.0,1.0,1,1,1,1,-0.5175246000289917,7.951098442077637
TrustMark Q,48,100%,3,100,0.0,1.0,1,1,1,1,-0.5175246000289917,7.951098442077637
TrustMark Q,48,100%,4,100,0.0,1.0,1,1,1,1,-0.5175246000289917,7.951098442077637
TrustMark Q,48,70%,0,100,0.0,1.0,1,1,1,1,-0.47833338379859924,5.525815010070801
TrustMark Q,48,70%,1,100,0.0,1.0,1,1,1,1,-0.4206286668777466,6.116897106170654
TrustMark Q,48,70%,2,100,0.0,1.0,1,1,1,1,-0.5989556312561035,6.312246799468994
TrustMark Q,48,70%,3,100,0.0,1.0,1,1,1,1,-0.6931846737861633,6.222647666931152
TrustMark Q,48,70%,4,100,0.01,0.99,1,1,1,1,-0.5982459187507629,6.460312366485596
TrustMark Q,48,50%,0,100,0.01,0.99,1,1,1,1,-0.48202183842658997,3.615602493286133
TrustMark Q,48,50%,1,100,0.05,0.95,1,1,1,1,-0.2982209324836731,2.8716933727264404
TrustMark Q,48,50%,2,100,0.03,0.97,1,1,1,1,-0.5076513290405273,4.553531646728516
TrustMark Q,48,50%,3,100,0.07,0.9299999999999999,0,0,0,-1,-0.4066217541694641,2.465327262878418
TrustMark Q,48,50%,4,100,0.02,0.98,1,1,1,1,-0.4455595910549164,3.6017117500305176
TrustMark Q,48,40%,0,100,0.18,0.8200000000000001,0,0,0,-1,-0.24402320384979248,1.3092639446258545
TrustMark Q,48,40%,1,100,0.12,0.88,0,0,0,-1,-0.3430337607860565,1.969598412513733
TrustMark Q,48,40%,2,100,0.08,0.92,0,0,0,-1,-0.506298303604126,2.6891872882843018
TrustMark Q,48,40%,3,100,0.03,0.97,1,1,1,1,-0.4040932357311249,2.1602699756622314
TrustMark Q,48,40%,4,100,0.19,0.81,0,0,0,-1,-0.15061822533607483,1.601159691810608
TrustMark Q,48,30%,0,100,0.23,0.77,0,0,0,-1,-0.15670084953308105,0.8827303051948547
TrustMark Q,48,30%,1,100,0.2,0.8,0,0,0,-1,-0.24580614268779755,1.474989891052246
TrustMark Q,48,30%,2,100,0.19,0.81,0,0,0,-1,-0.20688098669052124,1.4775837659835815
TrustMark Q,48,30%,3,100,0.18,0.8200000000000001,0,0,0,-1,-0.21202100813388824,1.3945199251174927
TrustMark Q,48,30%,4,100,0.18,0.8200000000000001,0,0,0,-1,-0.2609832286834717,1.6709295511245728
TrustMark Q,49,100%,0,100,0.0,1.0,1,1,1,1,0.05467171594500542,7.985360145568848
TrustMark Q,49,100%,1,100,0.0,1.0,1,1,1,1,0.05467171594500542,7.985360145568848
TrustMark Q,49,100%,2,100,0.0,1.0,1,1,1,1,0.05467171594500542,7.985360145568848
TrustMark Q,49,100%,3,100,0.0,1.0,1,1,1,1,0.05467171594500542,7.985360145568848
TrustMark Q,49,100%,4,100,0.0,1.0,1,1,1,1,0.05467171594500542,7.985360145568848
TrustMark Q,49,70%,0,100,0.03,0.97,1,1,1,1,-0.14837022125720978,5.5546369552612305
TrustMark Q,49,70%,1,100,0.04,0.96,1,1,1,1,-0.36343124508857727,5.371998310089111
TrustMark Q,49,70%,2,100,0.01,0.99,1,1,1,1,-0.07949361950159073,6.340428352355957
TrustMark Q,49,70%,3,100,0.02,0.98,1,1,1,1,-0.28350841999053955,4.659036159515381
TrustMark Q,49,70%,4,100,0.01,0.99,1,1,1,1,0.055883873254060745,5.3160858154296875
TrustMark Q,49,50%,0,100,0.08,0.92,0,0,0,-1,-0.5139288902282715,3.4181716442108154
TrustMark Q,49,50%,1,100,0.09,0.91,0,0,0,-1,-0.27949419617652893,2.427786350250244
TrustMark Q,49,50%,2,100,0.04,0.96,1,1,1,1,-0.30740228295326233,3.2401959896087646
TrustMark Q,49,50%,3,100,0.09,0.91,0,0,0,-1,-0.07354605197906494,2.081582546234131
TrustMark Q,49,50%,4,100,0.07,0.9299999999999999,0,0,0,-1,-0.24699798226356506,3.1079518795013428
TrustMark Q,49,40%,0,100,0.15,0.85,0,0,0,-1,-0.06605290621519089,1.3624073266983032
TrustMark Q,49,40%,1,100,0.09,0.91,0,0,0,-1,-0.1500643491744995,2.674776315689087
TrustMark Q,49,40%,2,100,0.14,0.86,0,0,0,-1,-0.3000568151473999,2.154827356338501
TrustMark Q,49,40%,3,100,0.12,0.88,0,0,0,-1,-0.2198750078678131,1.831861138343811
TrustMark Q,49,40%,4,100,0.21,0.79,0,0,0,-1,0.12290522456169128,1.5129507780075073
TrustMark Q,49,30%,0,100,0.24,0.76,0,0,0,-1,-0.12759685516357422,1.0523256063461304
TrustMark Q,49,30%,1,100,0.19,0.81,0,0,0,-1,-0.2502814829349518,1.8426893949508667
TrustMark Q,49,30%,2,100,0.15,0.85,0,0,0,-1,-0.11826902627944946,1.3114750385284424
TrustMark Q,49,30%,3,100,0.19,0.81,0,0,0,-1,-0.04579425975680351,1.612776756286621
TrustMark Q,49,30%,4,100,0.16,0.84,0,0,0,-1,-0.09973310679197311,2.070693016052246
TrustMark P,0,100%,0,100,0.0,1.0,1,1,1,1,-0.4342156648635864,11.629921913146973
TrustMark P,0,100%,1,100,0.0,1.0,1,1,1,1,-0.4342156648635864,11.629921913146973
TrustMark P,0,100%,2,100,0.0,1.0,1,1,1,1,-0.4342156648635864,11.629921913146973
TrustMark P,0,100%,3,100,0.0,1.0,1,1,1,1,-0.4342156648635864,11.629921913146973
TrustMark P,0,100%,4,100,0.0,1.0,1,1,1,1,-0.4342156648635864,11.629921913146973
TrustMark P,0,70%,0,100,0.0,1.0,1,1,1,1,-0.10213010013103485,9.309051513671875
TrustMark P,0,70%,1,100,0.0,1.0,1,1,1,1,-0.43898695707321167,9.888310432434082
TrustMark P,0,70%,2,100,0.0,1.0,1,1,1,1,-0.44434359669685364,10.274620056152344
TrustMark P,0,70%,3,100,0.0,1.0,1,1,1,1,-0.46869581937789917,9.493210792541504
TrustMark P,0,70%,4,100,0.0,1.0,1,1,1,1,-0.4539968967437744,9.958415985107422
TrustMark P,0,50%,0,100,0.03,0.97,1,1,1,1,-0.16626310348510742,6.894978046417236
TrustMark P,0,50%,1,100,0.02,0.98,1,1,1,1,0.03052370622754097,7.60124397277832
TrustMark P,0,50%,2,100,0.02,0.98,1,1,1,1,0.03572604060173035,7.551244735717773
TrustMark P,0,50%,3,100,0.01,0.99,1,1,1,1,-0.09334366023540497,5.813229560852051
TrustMark P,0,50%,4,100,0.03,0.97,1,1,1,1,-0.04751785844564438,7.277592658996582
TrustMark P,0,40%,0,100,0.09,0.91,0,0,0,-1,-0.374022901058197,5.903632640838623
TrustMark P,0,40%,1,100,0.09,0.91,0,0,0,-1,0.23182956874370575,4.681543350219727
TrustMark P,0,40%,2,100,0.18,0.8200000000000001,0,0,0,-1,-0.0013603830011561513,1.329556941986084
TrustMark P,0,40%,3,100,0.12,0.88,0,0,0,-1,0.2683209478855133,4.170217037200928
TrustMark P,0,40%,4,100,0.04,0.96,1,1,1,1,0.25598397850990295,5.249084949493408
TrustMark P,0,30%,0,100,0.26,0.74,0,0,0,-1,-0.052493322640657425,0.7673451900482178
TrustMark P,0,30%,1,100,0.12,0.88,0,0,0,-1,-0.028058944270014763,2.8128538131713867
TrustMark P,0,30%,2,100,0.19,0.81,1,0,0,3,0.17695051431655884,3.1131420135498047
TrustMark P,0,30%,3,100,0.23,0.77,0,0,0,-1,-0.12006361037492752,0.8701164722442627
TrustMark P,0,30%,4,100,0.14,0.86,0,0,0,-1,0.17865337431430817,2.1132256984710693
TrustMark P,1,100%,0,100,0.0,1.0,1,1,1,1,-0.2244459092617035,10.674389839172363
TrustMark P,1,100%,1,100,0.0,1.0,1,1,1,1,-0.2244459092617035,10.674389839172363
TrustMark P,1,100%,2,100,0.0,1.0,1,1,1,1,-0.2244459092617035,10.674389839172363
TrustMark P,1,100%,3,100,0.0,1.0,1,1,1,1,-0.2244459092617035,10.674389839172363
TrustMark P,1,100%,4,100,0.0,1.0,1,1,1,1,-0.2244459092617035,10.674389839172363
TrustMark P,1,70%,0,100,0.01,0.99,1,1,1,1,0.36083048582077026,6.404855728149414
TrustMark P,1,70%,1,100,0.0,1.0,1,1,1,1,-0.14675316214561462,6.2342529296875
TrustMark P,1,70%,2,100,0.01,0.99,1,1,1,1,-0.12202204763889313,6.893814563751221
TrustMark P,1,70%,3,100,0.02,0.98,1,1,1,1,-0.07589083909988403,5.97364616394043
TrustMark P,1,70%,4,100,0.01,0.99,1,1,1,1,-0.012012949213385582,6.650763511657715
TrustMark P,1,50%,0,100,0.04,0.96,1,1,1,1,0.2813340127468109,4.425358772277832
TrustMark P,1,50%,1,100,0.07,0.9299999999999999,0,0,0,-1,-0.05975703150033951,3.8029229640960693
TrustMark P,1,50%,2,100,0.07,0.9299999999999999,0,0,0,-1,-0.06876243650913239,3.8335988521575928
TrustMark P,1,50%,3,100,0.13,0.87,0,0,0,-1,0.023563561961054802,2.784271001815796
TrustMark P,1,50%,4,100,0.04,0.96,1,1,1,1,-0.13678714632987976,4.941854476928711
TrustMark P,1,40%,0,100,0.12,0.88,0,0,0,-1,0.03256060183048248,3.2126946449279785
TrustMark P,1,40%,1,100,0.17,0.83,0,0,0,-1,0.32897767424583435,1.7909868955612183
TrustMark P,1,40%,2,100,0.28,0.72,0,0,0,-1,0.10908878594636917,0.36058729887008667
TrustMark P,1,40%,3,100,0.2,0.8,0,0,0,-1,0.28693103790283203,1.7529464960098267
TrustMark P,1,40%,4,100,0.16,0.84,0,0,0,-1,0.21137231588363647,2.2728257179260254
TrustMark P,1,30%,0,100,0.37,0.63,0,0,0,-1,0.008131307549774647,0.30148059129714966
TrustMark P,1,30%,1,100,0.17,0.83,0,0,0,-1,0.05037076771259308,2.0526459217071533
TrustMark P,1,30%,2,100,0.22,0.78,0,0,0,-1,0.2464275360107422,1.7931512594223022
TrustMark P,1,30%,3,100,0.32,0.6799999999999999,0,0,0,-1,0.055485550314188004,0.29797953367233276
TrustMark P,1,30%,4,100,0.16,0.84,0,0,0,-1,-0.0339108370244503,1.9993987083435059
TrustMark P,2,100%,0,100,0.0,1.0,1,1,1,1,0.258647084236145,9.98423957824707
TrustMark P,2,100%,1,100,0.0,1.0,1,1,1,1,0.258647084236145,9.98423957824707
TrustMark P,2,100%,2,100,0.0,1.0,1,1,1,1,0.258647084236145,9.98423957824707
TrustMark P,2,100%,3,100,0.0,1.0,1,1,1,1,0.258647084236145,9.98423957824707
TrustMark P,2,100%,4,100,0.0,1.0,1,1,1,1,0.258647084236145,9.98423957824707
TrustMark P,2,70%,0,100,0.03,0.97,1,1,1,1,0.2979845702648163,5.627353668212891
TrustMark P,2,70%,1,100,0.01,0.99,1,1,1,1,0.32379150390625,6.320303916931152
TrustMark P,2,70%,2,100,0.01,0.99,1,1,1,1,0.03997788578271866,7.615231990814209
TrustMark P,2,70%,3,100,0.01,0.99,1,1,1,1,0.3875090479850769,6.005218505859375
TrustMark P,2,70%,4,100,0.01,0.99,1,1,1,1,0.26433372497558594,7.204709529876709
TrustMark P,2,50%,0,100,0.09,0.91,0,0,0,-1,0.2926587164402008,3.9514102935791016
TrustMark P,2,50%,1,100,0.09,0.91,0,0,0,-1,0.35201671719551086,4.013121604919434
TrustMark P,2,50%,2,100,0.09,0.91,0,0,0,-1,0.32854217290878296,3.983707904815674
TrustMark P,2,50%,3,100,0.03,0.97,1,1,1,1,0.2116965502500534,3.53933048248291
TrustMark P,2,50%,4,100,0.06,0.94,0,0,0,-1,0.3415628671646118,4.284723281860352
TrustMark P,2,40%,0,100,0.12,0.88,0,0,0,-1,0.2844168543815613,3.096639394760132
TrustMark P,2,40%,1,100,0.12,0.88,0,0,0,-1,0.3781239688396454,2.92739200592041
TrustMark P,2,40%,2,100,0.26,0.74,0,0,0,-1,0.20518724620342255,0.6433778405189514
TrustMark P,2,40%,3,100,0.15,0.85,0,0,0,-1,0.2861219346523285,2.311340093612671
TrustMark P,2,40%,4,100,0.14,0.86,0,0,0,-1,0.14667771756649017,2.7096004486083984
TrustMark P,2,30%,0,100,0.33,0.6699999999999999,0,0,0,-1,0.11469264328479767,0.3794466257095337
TrustMark P,2,30%,1,100,0.17,0.83,0,0,0,-1,0.0943266898393631,2.0282719135284424
TrustMark P,2,30%,2,100,0.2,0.8,0,0,0,-1,0.12323860824108124,2.0511980056762695
TrustMark P,2,30%,3,100,0.33,0.6699999999999999,0,0,0,-1,0.12378239631652832,0.4599912166595459
TrustMark P,2,30%,4,100,0.21,0.79,0,0,0,-1,0.12701448798179626,1.674729824066162
TrustMark P,3,100%,0,100,0.0,1.0,1,1,1,1,-0.6959028840065002,9.644314765930176
TrustMark P,3,100%,1,100,0.0,1.0,1,1,1,1,-0.6959028840065002,9.644314765930176
TrustMark P,3,100%,2,100,0.0,1.0,1,1,1,1,-0.6959028840065002,9.644314765930176
TrustMark P,3,100%,3,100,0.0,1.0,1,1,1,1,-0.6959028840065002,9.644314765930176
TrustMark P,3,100%,4,100,0.0,1.0,1,1,1,1,-0.6959028840065002,9.644314765930176
TrustMark P,3,70%,0,100,0.05,0.95,1,1,1,1,0.17017991840839386,5.779130458831787
TrustMark P,3,70%,1,100,0.01,0.99,1,1,1,1,0.020118502900004387,6.744838714599609
TrustMark P,3,70%,2,100,0.0,1.0,1,1,1,1,-0.11997950822114944,7.930694580078125
TrustMark P,3,70%,3,100,0.03,0.97,1,1,1,1,0.0568111315369606,5.979639053344727
TrustMark P,3,70%,4,100,0.0,1.0,1,1,1,1,-0.08246254175901413,7.4469523429870605
TrustMark P,3,50%,0,100,0.06,0.94,0,0,0,-1,0.047838930040597916,3.997492790222168
TrustMark P,3,50%,1,100,0.02,0.98,1,1,1,1,0.03480484336614609,5.464454174041748
TrustMark P,3,50%,2,100,0.02,0.98,1,1,1,1,0.017564887180924416,5.436549186706543
TrustMark P,3,50%,3,100,0.07,0.9299999999999999,0,0,0,-1,-0.07665081322193146,3.692673921585083
TrustMark P,3,50%,4,100,0.04,0.96,1,1,1,1,-0.20211303234100342,4.695342540740967
TrustMark P,3,40%,0,100,0.09,0.91,0,0,0,-1,0.12391066551208496,3.1609766483306885
TrustMark P,3,40%,1,100,0.14,0.86,0,0,0,-1,0.14311455190181732,2.7055633068084717
TrustMark P,3,40%,2,100,0.27,0.73,0,0,0,-1,-0.05333776772022247,0.8490422964096069
TrustMark P,3,40%,3,100,0.11,0.89,0,0,0,-1,0.06933457404375076,2.599517583847046
TrustMark P,3,40%,4,100,0.07,0.9299999999999999,0,0,0,-1,0.13801205158233643,3.7199878692626953
TrustMark P,3,30%,0,100,0.39,0.61,0,0,0,-1,0.030039897188544273,0.6249239444732666
TrustMark P,3,30%,1,100,0.2,0.8,0,0,0,-1,-0.059179116040468216,2.052452564239502
TrustMark P,3,30%,2,100,0.19,0.81,0,0,0,-1,0.05404306575655937,1.8872581720352173
TrustMark P,3,30%,3,100,0.28,0.72,0,0,0,-1,-0.03602534905076027,0.7023075222969055
TrustMark P,3,30%,4,100,0.24,0.76,0,0,0,-1,-0.23435811698436737,1.8582520484924316
TrustMark P,4,100%,0,100,0.0,1.0,1,1,1,1,-1.188703179359436,10.32116985321045
TrustMark P,4,100%,1,100,0.0,1.0,1,1,1,1,-1.188703179359436,10.32116985321045
TrustMark P,4,100%,2,100,0.0,1.0,1,1,1,1,-1.188703179359436,10.32116985321045
TrustMark P,4,100%,3,100,0.0,1.0,1,1,1,1,-1.188703179359436,10.32116985321045
TrustMark P,4,100%,4,100,0.0,1.0,1,1,1,1,-1.188703179359436,10.32116985321045
TrustMark P,4,70%,0,100,0.03,0.97,1,1,1,1,-0.4325891435146332,7.403281211853027
TrustMark P,4,70%,1,100,0.01,0.99,1,1,1,1,-0.6678742170333862,8.32623291015625
TrustMark P,4,70%,2,100,0.01,0.99,1,1,1,1,-0.983357310295105,8.398297309875488
TrustMark P,4,70%,3,100,0.03,0.97,1,1,1,1,-0.4940781891345978,7.574560165405273
TrustMark P,4,70%,4,100,0.01,0.99,1,1,1,1,-0.8139970898628235,8.29748821258545
TrustMark P,4,50%,0,100,0.13,0.87,0,0,0,-1,-0.3091168999671936,4.724546909332275
TrustMark P,4,50%,1,100,0.11,0.89,0,0,0,-1,-0.550317108631134,4.700010776519775
TrustMark P,4,50%,2,100,0.11,0.89,0,0,0,-1,-0.6723763346672058,4.5613837242126465
TrustMark P,4,50%,3,100,0.07,0.9299999999999999,0,0,0,-1,-0.23827983438968658,4.287145614624023
TrustMark P,4,50%,4,100,0.06,0.94,0,0,0,-1,-0.6393877267837524,4.334770202636719
TrustMark P,4,40%,0,100,0.18,0.8200000000000001,0,0,0,-1,-0.19809988141059875,3.1579086780548096
TrustMark P,4,40%,1,100,0.15,0.85,0,0,0,-1,0.0356292724609375,2.909935712814331
TrustMark P,4,40%,2,100,0.44,0.56,0,0,0,-1,-0.005291280802339315,0.5598046183586121
TrustMark P,4,40%,3,100,0.16,0.84,0,0,0,-1,-0.09822974354028702,2.328099012374878
TrustMark P,4,40%,4,100,0.13,0.87,0,0,0,-1,-0.16251534223556519,3.087264060974121
TrustMark P,4,30%,0,100,0.31,0.69,0,0,0,-1,-0.020929913967847824,0.405953973531723
TrustMark P,4,30%,1,100,0.17,0.83,0,0,0,-1,-0.33758407831192017,2.5963568687438965
TrustMark P,4,30%,2,100,0.16,0.84,0,0,0,-1,-0.14205507934093475,1.9244238138198853
TrustMark P,4,30%,3,100,0.34,0.6599999999999999,0,0,0,-1,-0.00331622245721519,0.5073575377464294
TrustMark P,4,30%,4,100,0.21,0.79,0,0,0,-1,-0.0031551981810480356,2.2453577518463135
TrustMark P,5,100%,0,100,0.0,1.0,1,1,1,1,0.06736864894628525,8.908099174499512
TrustMark P,5,100%,1,100,0.0,1.0,1,1,1,1,0.06736864894628525,8.908099174499512
TrustMark P,5,100%,2,100,0.0,1.0,1,1,1,1,0.06736864894628525,8.908099174499512
TrustMark P,5,100%,3,100,0.0,1.0,1,1,1,1,0.06736864894628525,8.908099174499512
TrustMark P,5,100%,4,100,0.0,1.0,1,1,1,1,0.06736864894628525,8.908099174499512
TrustMark P,5,70%,0,100,0.01,0.99,0,0,0,-1,0.3255254626274109,5.303461074829102
TrustMark P,5,70%,1,100,0.02,0.98,1,1,1,1,0.19965997338294983,5.5140180587768555
TrustMark P,5,70%,2,100,0.01,0.99,1,1,1,1,0.017004646360874176,6.676762580871582
TrustMark P,5,70%,3,100,0.05,0.95,0,0,0,-1,0.14243976771831512,4.599410533905029
TrustMark P,5,70%,4,100,0.02,0.98,1,1,1,1,0.17278407514095306,6.045234203338623
TrustMark P,5,50%,0,100,0.11,0.89,0,0,0,-1,0.10163027793169022,3.630232810974121
TrustMark P,5,50%,1,100,0.05,0.95,1,1,1,1,-0.03622144088149071,3.559501886367798
TrustMark P,5,50%,2,100,0.05,0.95,1,1,1,1,-0.08944623172283173,3.392763137817383
TrustMark P,5,50%,3,100,0.46,0.54,0,0,0,-1,-0.04078584164381027,1.4373679161071777
TrustMark P,5,50%,4,100,0.06,0.94,0,0,0,-1,-0.09768148511648178,4.291140079498291
TrustMark P,5,40%,0,100,0.16,0.84,0,0,0,-1,-0.13881394267082214,2.187746286392212
TrustMark P,5,40%,1,100,0.14,0.86,0,0,0,-1,0.2017514556646347,1.9127312898635864
TrustMark P,5,40%,2,100,0.28,0.72,0,0,0,-1,-0.08547551929950714,0.786736011505127
TrustMark P,5,40%,3,100,0.17,0.83,0,0,0,-1,0.4304707646369934,1.717257022857666
TrustMark P,5,40%,4,100,0.13,0.87,0,0,0,-1,-0.13346175849437714,2.154663562774658
TrustMark P,5,30%,0,100,0.31,0.69,0,0,0,-1,-0.08163833618164062,0.3613567650318146
TrustMark P,5,30%,1,100,0.24,0.76,0,0,0,-1,0.10277919471263885,1.3972043991088867
TrustMark P,5,30%,2,100,0.21,0.79,0,0,0,-1,0.26542437076568604,1.4048341512680054
TrustMark P,5,30%,3,100,0.28,0.72,0,0,0,-1,-0.10357983410358429,0.5569745302200317
TrustMark P,5,30%,4,100,0.27,0.73,0,0,0,-1,0.14283420145511627,1.4956655502319336
TrustMark P,6,100%,0,100,0.0,1.0,1,1,1,1,1.1360944509506226,10.991972923278809
TrustMark P,6,100%,1,100,0.0,1.0,1,1,1,1,1.1360944509506226,10.991972923278809
TrustMark P,6,100%,2,100,0.0,1.0,1,1,1,1,1.1360944509506226,10.991972923278809
TrustMark P,6,100%,3,100,0.0,1.0,1,1,1,1,1.1360944509506226,10.991972923278809
TrustMark P,6,100%,4,100,0.0,1.0,1,1,1,1,1.1360944509506226,10.991972923278809
TrustMark P,6,70%,0,100,0.01,0.99,1,1,1,1,1.0795156955718994,7.124605178833008
TrustMark P,6,70%,1,100,0.0,1.0,1,1,1,1,0.9415512084960938,7.45775032043457
TrustMark P,6,70%,2,100,0.01,0.99,1,1,1,1,0.9771771430969238,8.579007148742676
TrustMark P,6,70%,3,100,0.0,1.0,1,1,1,1,0.8328838348388672,6.9606523513793945
TrustMark P,6,70%,4,100,0.02,0.98,1,1,1,1,0.9937472343444824,7.962583541870117
TrustMark P,6,50%,0,100,0.07,0.9299999999999999,0,0,0,-1,0.6571827530860901,4.448915958404541
TrustMark P,6,50%,1,100,0.05,0.95,1,1,1,1,0.3748163878917694,4.630365371704102
TrustMark P,6,50%,2,100,0.06,0.94,0,0,0,-1,0.3273859918117523,4.415627956390381
TrustMark P,6,50%,3,100,0.12,0.88,0,0,0,-1,0.1359415203332901,3.4660215377807617
TrustMark P,6,50%,4,100,0.07,0.9299999999999999,0,0,0,-1,0.5626009106636047,4.715969085693359
TrustMark P,6,40%,0,100,0.08,0.92,0,0,0,-1,0.2957687973976135,3.365654945373535
TrustMark P,6,40%,1,100,0.11,0.89,0,0,0,-1,0.2497999221086502,1.496666669845581
TrustMark P,6,40%,2,100,0.3,0.7,0,0,0,-1,0.03117925114929676,0.7372075915336609
TrustMark P,6,40%,3,100,0.12,0.88,0,0,0,-1,0.18183356523513794,1.5367590188980103
TrustMark P,6,40%,4,100,0.14,0.86,0,0,0,-1,0.21542783081531525,3.0553078651428223
TrustMark P,6,30%,0,100,0.35,0.65,0,0,0,-1,0.05521038919687271,0.40150147676467896
TrustMark P,6,30%,1,100,0.21,0.79,0,0,0,-1,0.24494197964668274,1.683496356010437
TrustMark P,6,30%,2,100,0.14,0.86,1,0,0,3,0.3194947838783264,2.106360673904419
TrustMark P,6,30%,3,100,0.32,0.6799999999999999,0,0,0,-1,0.03231717273592949,0.47260206937789917
TrustMark P,6,30%,4,100,0.23,0.77,0,0,0,-1,0.26639705896377563,1.7194221019744873
TrustMark P,7,100%,0,100,0.0,1.0,1,1,1,1,-0.21385879814624786,11.240416526794434
TrustMark P,7,100%,1,100,0.0,1.0,1,1,1,1,-0.21385879814624786,11.240416526794434
TrustMark P,7,100%,2,100,0.0,1.0,1,1,1,1,-0.21385879814624786,11.240416526794434
TrustMark P,7,100%,3,100,0.0,1.0,1,1,1,1,-0.21385879814624786,11.240416526794434
TrustMark P,7,100%,4,100,0.0,1.0,1,1,1,1,-0.21385879814624786,11.240416526794434
TrustMark P,7,70%,0,100,0.0,1.0,1,1,1,1,-0.14006462693214417,8.20116901397705
TrustMark P,7,70%,1,100,0.0,1.0,1,1,1,1,0.020158853381872177,9.072159767150879
TrustMark P,7,70%,2,100,0.0,1.0,1,1,1,1,-0.014935817569494247,9.333334922790527
TrustMark P,7,70%,3,100,0.0,1.0,1,1,1,1,0.18223610520362854,8.388324737548828
TrustMark P,7,70%,4,100,0.01,0.99,1,1,1,1,0.07754015922546387,9.069119453430176
TrustMark P,7,50%,0,100,0.03,0.97,1,1,1,1,-0.23668354749679565,5.012276649475098
TrustMark P,7,50%,1,100,0.02,0.98,1,1,1,1,-0.015659699216485023,4.951987266540527
TrustMark P,7,50%,2,100,0.02,0.98,1,1,1,1,0.011425311677157879,4.983270168304443
TrustMark P,7,50%,3,100,0.05,0.95,1,1,1,1,0.2269255518913269,3.4292938709259033
TrustMark P,7,50%,4,100,0.05,0.95,1,1,1,1,-0.1702919453382492,5.845625400543213
TrustMark P,7,40%,0,100,0.08,0.92,0,0,0,-1,0.01610458455979824,3.9431984424591064
TrustMark P,7,40%,1,100,0.12,0.88,0,0,0,-1,0.30463171005249023,3.413332223892212
TrustMark P,7,40%,2,100,0.18,0.8200000000000001,0,0,0,-1,0.07839567959308624,0.9803487658500671
TrustMark P,7,40%,3,100,0.15,0.85,0,0,0,-1,0.09062614291906357,3.136420249938965
TrustMark P,7,40%,4,100,0.09,0.91,0,0,0,-1,0.030426228418946266,2.9325528144836426
TrustMark P,7,30%,0,100,0.39,0.61,0,0,0,-1,0.03901863098144531,0.5308982133865356
TrustMark P,7,30%,1,100,0.18,0.8200000000000001,0,0,0,-1,-0.2881757318973541,2.15293550491333
TrustMark P,7,30%,2,100,0.15,0.85,0,0,0,-1,-0.1881178319454193,2.3024487495422363
TrustMark P,7,30%,3,100,0.31,0.69,0,0,0,-1,0.06165574863553047,0.6899524927139282
TrustMark P,7,30%,4,100,0.23,0.77,0,0,0,-1,-0.23477722704410553,1.9968088865280151
TrustMark P,8,100%,0,100,0.0,1.0,1,1,1,1,2.6362051963806152,11.046224594116211
TrustMark P,8,100%,1,100,0.0,1.0,1,1,1,1,2.6362051963806152,11.046224594116211
TrustMark P,8,100%,2,100,0.0,1.0,1,1,1,1,2.6362051963806152,11.046224594116211
TrustMark P,8,100%,3,100,0.0,1.0,1,1,1,1,2.6362051963806152,11.046224594116211
TrustMark P,8,100%,4,100,0.0,1.0,1,1,1,1,2.6362051963806152,11.046224594116211
TrustMark P,8,70%,0,100,0.0,1.0,1,1,1,1,1.5446751117706299,8.030128479003906
TrustMark P,8,70%,1,100,0.0,1.0,1,1,1,1,1.8664898872375488,8.294337272644043
TrustMark P,8,70%,2,100,0.0,1.0,1,1,1,1,1.8382481336593628,9.039859771728516
TrustMark P,8,70%,3,100,0.0,1.0,1,1,1,1,1.6448074579238892,7.635309219360352
TrustMark P,8,70%,4,100,0.0,1.0,1,1,1,1,1.7411097288131714,8.516318321228027
TrustMark P,8,50%,0,100,0.05,0.95,1,1,1,1,0.7724601030349731,4.472976207733154
TrustMark P,8,50%,1,100,0.06,0.94,0,0,0,-1,0.6452587842941284,4.6239824295043945
TrustMark P,8,50%,2,100,0.08,0.92,0,0,0,-1,0.6309453248977661,4.636258602142334
TrustMark P,8,50%,3,100,0.06,0.94,0,0,0,-1,0.9061785340309143,4.827184200286865
TrustMark P,8,50%,4,100,0.08,0.92,0,0,0,-1,0.7290666699409485,4.715744495391846
TrustMark P,8,40%,0,100,0.12,0.88,0,0,0,-1,0.5379159450531006,3.3447039127349854
TrustMark P,8,40%,1,100,0.05,0.95,1,1,1,1,0.8083080053329468,3.3417117595672607
TrustMark P,8,40%,2,100,0.29,0.71,0,0,0,-1,0.1472773551940918,0.678092360496521
TrustMark P,8,40%,3,100,0.08,0.92,0,0,0,-1,0.7965680956840515,3.185114860534668
TrustMark P,8,40%,4,100,0.05,0.95,1,1,1,1,0.29793137311935425,3.636275291442871
TrustMark P,8,30%,0,100,0.31,0.69,0,0,0,-1,0.12511202692985535,0.4753296673297882
TrustMark P,8,30%,1,100,0.18,0.8200000000000001,0,0,0,-1,0.4001660943031311,2.406606674194336
TrustMark P,8,30%,2,100,0.14,0.86,0,0,0,-1,0.43421322107315063,2.4430761337280273
TrustMark P,8,30%,3,100,0.32,0.6799999999999999,0,0,0,-1,0.18070468306541443,0.6571776866912842
TrustMark P,8,30%,4,100,0.19,0.81,0,0,0,-1,0.4029695987701416,2.161661148071289
TrustMark P,9,100%,0,100,0.03,0.97,1,1,1,1,0.5935033559799194,4.623830795288086
TrustMark P,9,100%,1,100,0.03,0.97,1,1,1,1,0.5935033559799194,4.623830795288086
TrustMark P,9,100%,2,100,0.03,0.97,1,1,1,1,0.5935033559799194,4.623830795288086
TrustMark P,9,100%,3,100,0.03,0.97,1,1,1,1,0.5935033559799194,4.623830795288086
TrustMark P,9,100%,4,100,0.03,0.97,1,1,1,1,0.5935033559799194,4.623830795288086
TrustMark P,9,70%,0,100,0.12,0.88,0,0,0,-1,0.11077289283275604,3.1730518341064453
TrustMark P,9,70%,1,100,0.16,0.84,0,0,0,-1,0.059909388422966,2.227144718170166
TrustMark P,9,70%,2,100,0.13,0.87,0,0,0,-1,0.1645624190568924,2.5946035385131836
TrustMark P,9,70%,3,100,0.16,0.84,0,0,0,-1,0.05766316503286362,2.322996139526367
TrustMark P,9,70%,4,100,0.13,0.87,0,0,0,-1,0.19987256824970245,2.42294979095459
TrustMark P,9,50%,0,100,0.13,0.87,0,0,0,-1,0.2083904892206192,2.485572576522827
TrustMark P,9,50%,1,100,0.27,0.73,0,0,0,-1,0.05154038593173027,1.608740210533142
TrustMark P,9,50%,2,100,0.28,0.72,0,0,0,-1,0.030161643400788307,1.6476848125457764
TrustMark P,9,50%,3,100,0.28,0.72,0,0,0,-1,-0.014614428393542767,0.8545504808425903
TrustMark P,9,50%,4,100,0.22,0.78,0,0,0,-1,0.003603899385780096,1.5728633403778076
TrustMark P,9,40%,0,100,0.22,0.78,0,0,0,-1,-0.13016429543495178,1.3908218145370483
TrustMark P,9,40%,1,100,0.21,0.79,0,0,0,-1,0.04927363991737366,0.8057311177253723
TrustMark P,9,40%,2,100,0.34,0.6599999999999999,0,0,0,-1,0.003846081206575036,0.0839456096291542
TrustMark P,9,40%,3,100,0.2,0.8,0,0,0,-1,0.10893692821264267,1.4005181789398193
TrustMark P,9,40%,4,100,0.27,0.73,0,0,0,-1,-0.052751705050468445,0.9967923164367676
TrustMark P,9,30%,0,100,0.51,0.49,0,0,0,-1,0.00020829442655667663,0.03115302138030529
TrustMark P,9,30%,1,100,0.27,0.73,0,0,0,-1,0.055234793573617935,1.2276004552841187
TrustMark P,9,30%,2,100,0.19,0.81,0,0,0,-1,0.09101956337690353,1.038939356803894
TrustMark P,9,30%,3,100,0.52,0.48,0,0,0,-1,0.0031496104784309864,0.03566710650920868
TrustMark P,9,30%,4,100,0.27,0.73,0,0,0,-1,0.27296683192253113,1.3322513103485107
TrustMark P,10,100%,0,100,0.0,1.0,1,1,1,1,-0.2997075617313385,10.767178535461426
TrustMark P,10,100%,1,100,0.0,1.0,1,1,1,1,-0.2997075617313385,10.767178535461426
TrustMark P,10,100%,2,100,0.0,1.0,1,1,1,1,-0.2997075617313385,10.767178535461426
TrustMark P,10,100%,3,100,0.0,1.0,1,1,1,1,-0.2997075617313385,10.767178535461426
TrustMark P,10,100%,4,100,0.0,1.0,1,1,1,1,-0.2997075617313385,10.767178535461426
TrustMark P,10,70%,0,100,0.01,0.99,1,1,1,1,-0.05132923275232315,7.488135814666748
TrustMark P,10,70%,1,100,0.01,0.99,1,1,1,1,-0.30530795454978943,7.651676177978516
TrustMark P,10,70%,2,100,0.0,1.0,1,1,1,1,-0.41259318590164185,8.620051383972168
TrustMark P,10,70%,3,100,0.0,1.0,1,1,1,1,-0.48769432306289673,7.259562969207764
TrustMark P,10,70%,4,100,0.0,1.0,1,1,1,1,-0.3262932300567627,7.817202568054199
TrustMark P,10,50%,0,100,0.12,0.88,0,0,0,-1,0.06379721313714981,3.8663909435272217
TrustMark P,10,50%,1,100,0.09,0.91,0,0,0,-1,-0.2210768759250641,4.734626293182373
TrustMark P,10,50%,2,100,0.1,0.9,0,0,0,-1,-0.2509772777557373,4.586745738983154
TrustMark P,10,50%,3,100,0.09,0.91,0,0,0,-1,-0.5122707486152649,3.658036470413208
TrustMark P,10,50%,4,100,0.08,0.92,0,0,0,-1,0.2558010518550873,4.461298942565918
TrustMark P,10,40%,0,100,0.16,0.84,0,0,0,-1,-0.21836480498313904,2.892563581466675
TrustMark P,10,40%,1,100,0.16,0.84,0,0,0,-1,-0.08549037575721741,2.6336333751678467
TrustMark P,10,40%,2,100,0.24,0.76,0,0,0,-1,-0.046840619295835495,0.5284356474876404
TrustMark P,10,40%,3,100,0.2,0.8,0,0,0,-1,-0.24983078241348267,2.4712486267089844
TrustMark P,10,40%,4,100,0.11,0.89,0,0,0,-1,-0.3870183229446411,3.365281343460083
TrustMark P,10,30%,0,100,0.29,0.71,0,0,0,-1,-0.015804938971996307,0.461193323135376
TrustMark P,10,30%,1,100,0.25,0.75,0,0,0,-1,0.0010429095709696412,2.310840368270874
TrustMark P,10,30%,2,100,0.24,0.76,0,0,0,-1,-0.08618281036615372,1.4553452730178833
TrustMark P,10,30%,3,100,0.29,0.71,0,0,0,-1,0.027594782412052155,0.4629027247428894
TrustMark P,10,30%,4,100,0.25,0.75,0,0,0,-1,-0.10225982964038849,2.273287534713745
TrustMark P,11,100%,0,100,0.0,1.0,1,1,1,1,0.27473533153533936,10.862224578857422
TrustMark P,11,100%,1,100,0.0,1.0,1,1,1,1,0.27473533153533936,10.862224578857422
TrustMark P,11,100%,2,100,0.0,1.0,1,1,1,1,0.27473533153533936,10.862224578857422
TrustMark P,11,100%,3,100,0.0,1.0,1,1,1,1,0.27473533153533936,10.862224578857422
TrustMark P,11,100%,4,100,0.0,1.0,1,1,1,1,0.27473533153533936,10.862224578857422
TrustMark P,11,70%,0,100,0.01,0.99,1,1,1,1,0.06679392606019974,9.235547065734863
TrustMark P,11,70%,1,100,0.0,1.0,1,1,1,1,0.25151848793029785,9.965361595153809
TrustMark P,11,70%,2,100,0.0,1.0,1,1,1,1,0.06410334259271622,9.50587272644043
TrustMark P,11,70%,3,100,0.0,1.0,1,1,1,1,0.26704853773117065,9.501989364624023
TrustMark P,11,70%,4,100,0.0,1.0,1,1,1,1,0.21898017823696136,9.374115943908691
TrustMark P,11,50%,0,100,0.03,0.97,1,1,1,1,0.06550496071577072,6.662296772003174
TrustMark P,11,50%,1,100,0.04,0.96,1,1,1,1,0.29513537883758545,5.849222183227539
TrustMark P,11,50%,2,100,0.07,0.9299999999999999,0,0,0,-1,0.3440118432044983,5.609462738037109
TrustMark P,11,50%,3,100,0.1,0.9,0,0,0,-1,0.14217819273471832,4.075711727142334
TrustMark P,11,50%,4,100,0.05,0.95,1,1,1,1,0.23500186204910278,5.4139580726623535
TrustMark P,11,40%,0,100,0.09,0.91,0,0,0,-1,0.0569646880030632,5.127833366394043
TrustMark P,11,40%,1,100,0.11,0.89,0,0,0,-1,0.14925901591777802,4.735147953033447
TrustMark P,11,40%,2,100,0.23,0.77,0,0,0,-1,0.10284468531608582,0.6957010626792908
TrustMark P,11,40%,3,100,0.06,0.94,0,0,0,-1,0.4189956784248352,3.8096084594726562
TrustMark P,11,40%,4,100,0.13,0.87,0,0,0,-1,0.007597999647259712,3.763930320739746
TrustMark P,11,30%,0,100,0.33,0.6699999999999999,0,0,0,-1,0.0008908105082809925,0.5537532567977905
TrustMark P,11,30%,1,100,0.18,0.8200000000000001,0,0,0,-1,-0.03149779140949249,3.0000417232513428
TrustMark P,11,30%,2,100,0.12,0.88,0,0,0,-1,0.06736867129802704,2.655508518218994
TrustMark P,11,30%,3,100,0.34,0.6599999999999999,0,0,0,-1,0.04954815283417702,0.5780375003814697
TrustMark P,11,30%,4,100,0.2,0.8,0,0,0,-1,0.10502424091100693,2.611102819442749
TrustMark P,12,100%,0,100,0.0,1.0,1,1,1,1,0.6973850727081299,10.738409042358398
TrustMark P,12,100%,1,100,0.0,1.0,1,1,1,1,0.6973850727081299,10.738409042358398
TrustMark P,12,100%,2,100,0.0,1.0,1,1,1,1,0.6973850727081299,10.738409042358398
TrustMark P,12,100%,3,100,0.0,1.0,1,1,1,1,0.6973850727081299,10.738409042358398
TrustMark P,12,100%,4,100,0.0,1.0,1,1,1,1,0.6973850727081299,10.738409042358398
TrustMark P,12,70%,0,100,0.0,1.0,1,1,1,1,0.6359152793884277,6.876687526702881
TrustMark P,12,70%,1,100,0.0,1.0,1,1,1,1,0.49280208349227905,7.922769546508789
TrustMark P,12,70%,2,100,0.0,1.0,1,1,1,1,0.4790689945220947,8.830778121948242
TrustMark P,12,70%,3,100,0.0,1.0,1,1,1,1,0.35580503940582275,7.197857856750488
TrustMark P,12,70%,4,100,0.0,1.0,1,1,1,1,0.3689899742603302,8.091571807861328
TrustMark P,12,50%,0,100,0.03,0.97,1,1,1,1,0.3834321200847626,4.436398983001709
TrustMark P,12,50%,1,100,0.04,0.96,0,0,0,-1,0.18220846354961395,4.257299423217773
TrustMark P,12,50%,2,100,0.06,0.94,0,0,0,-1,0.06712456047534943,4.068780422210693
TrustMark P,12,50%,3,100,0.08,0.92,0,0,0,-1,0.14120283722877502,3.6065738201141357
TrustMark P,12,50%,4,100,0.06,0.94,0,0,0,-1,0.15234367549419403,4.447895050048828
TrustMark P,12,40%,0,100,0.08,0.92,0,0,0,-1,0.14310340583324432,3.1659815311431885
TrustMark P,12,40%,1,100,0.08,0.92,0,0,0,-1,0.07346352934837341,2.810575008392334
TrustMark P,12,40%,2,100,0.44,0.56,0,0,0,-1,0.05942443013191223,0.5547242760658264
TrustMark P,12,40%,3,100,0.12,0.88,0,0,0,-1,0.1516394168138504,3.036792278289795
TrustMark P,12,40%,4,100,0.1,0.9,0,0,0,-1,0.0923163890838623,2.913698196411133
TrustMark P,12,30%,0,100,0.35,0.65,0,0,0,-1,-0.018373295664787292,0.28486883640289307
TrustMark P,12,30%,1,100,0.18,0.8200000000000001,0,0,0,-1,0.12050952762365341,2.416299819946289
TrustMark P,12,30%,2,100,0.17,0.83,0,0,0,-1,-0.017652159556746483,2.049698829650879
TrustMark P,12,30%,3,100,0.26,0.74,0,0,0,-1,-0.008164901286363602,0.4218290448188782
TrustMark P,12,30%,4,100,0.21,0.79,0,0,0,-1,0.18384088575839996,2.2703778743743896
TrustMark P,13,100%,0,100,0.02,0.98,1,1,1,1,0.154137521982193,7.368465423583984
TrustMark P,13,100%,1,100,0.02,0.98,1,1,1,1,0.154137521982193,7.368465423583984
TrustMark P,13,100%,2,100,0.02,0.98,1,1,1,1,0.154137521982193,7.368465423583984
TrustMark P,13,100%,3,100,0.02,0.98,1,1,1,1,0.154137521982193,7.368465423583984
TrustMark P,13,100%,4,100,0.02,0.98,1,1,1,1,0.154137521982193,7.368465423583984
TrustMark P,13,70%,0,100,0.02,0.98,1,1,1,1,0.21033790707588196,4.126058578491211
TrustMark P,13,70%,1,100,0.04,0.96,1,1,1,1,0.2388109266757965,5.0858473777771
TrustMark P,13,70%,2,100,0.03,0.97,1,1,1,1,0.4823029339313507,5.573824882507324
TrustMark P,13,70%,3,100,0.05,0.95,1,1,1,1,0.2713632881641388,4.5269365310668945
TrustMark P,13,70%,4,100,0.04,0.96,1,1,1,1,0.35310158133506775,4.984096527099609
TrustMark P,13,50%,0,100,0.12,0.88,0,0,0,-1,-0.030560195446014404,2.886406660079956
TrustMark P,13,50%,1,100,0.14,0.86,0,0,0,-1,0.05925922095775604,2.5956943035125732
TrustMark P,13,50%,2,100,0.16,0.84,0,0,0,-1,0.01628192886710167,2.5233631134033203
TrustMark P,13,50%,3,100,0.08,0.92,0,0,0,-1,0.10742475837469101,2.2099199295043945
TrustMark P,13,50%,4,100,0.16,0.84,0,0,0,-1,0.1789676994085312,2.6303036212921143
TrustMark P,13,40%,0,100,0.14,0.86,0,0,0,-1,-0.021402716636657715,2.0189402103424072
TrustMark P,13,40%,1,100,0.15,0.85,0,0,0,-1,0.2048029750585556,2.3420963287353516
TrustMark P,13,40%,2,100,0.44,0.56,0,0,0,-1,0.10033585876226425,0.35127705335617065
TrustMark P,13,40%,3,100,0.09,0.91,0,0,0,-1,0.10776161402463913,2.2892580032348633
TrustMark P,13,40%,4,100,0.12,0.88,0,0,0,-1,0.20964330434799194,2.221036911010742
TrustMark P,13,30%,0,100,0.42,0.5800000000000001,0,0,0,-1,0.028189487755298615,0.2807987928390503
TrustMark P,13,30%,1,100,0.3,0.7,0,0,0,-1,0.08202876895666122,1.3735287189483643
TrustMark P,13,30%,2,100,0.2,0.8,0,0,0,-1,-0.05695382133126259,1.1544607877731323
TrustMark P,13,30%,3,100,0.37,0.63,0,0,0,-1,0.07482490688562393,0.29948559403419495
TrustMark P,13,30%,4,100,0.28,0.72,0,0,0,-1,0.04568479582667351,1.392488718032837
TrustMark P,14,100%,0,100,0.0,1.0,1,1,1,1,-1.2399349212646484,11.406087875366211
TrustMark P,14,100%,1,100,0.0,1.0,1,1,1,1,-1.2399349212646484,11.406087875366211
TrustMark P,14,100%,2,100,0.0,1.0,1,1,1,1,-1.2399349212646484,11.406087875366211
TrustMark P,14,100%,3,100,0.0,1.0,1,1,1,1,-1.2399349212646484,11.406087875366211
TrustMark P,14,100%,4,100,0.0,1.0,1,1,1,1,-1.2399349212646484,11.406087875366211
TrustMark P,14,70%,0,100,0.0,1.0,1,1,1,1,-1.2669353485107422,9.45577335357666
TrustMark P,14,70%,1,100,0.0,1.0,1,1,1,1,-1.0744390487670898,9.691795349121094
TrustMark P,14,70%,2,100,0.0,1.0,1,1,1,1,-0.7717852592468262,9.841651916503906
TrustMark P,14,70%,3,100,0.0,1.0,1,1,1,1,-1.0797559022903442,8.83002758026123
TrustMark P,14,70%,4,100,0.0,1.0,1,1,1,1,-0.7515873908996582,9.696949005126953
TrustMark P,14,50%,0,100,0.01,0.99,1,1,1,1,-0.5740423798561096,5.794817924499512
TrustMark P,14,50%,1,100,0.01,0.99,1,1,1,1,-0.2914142310619354,6.449721813201904
TrustMark P,14,50%,2,100,0.01,0.99,1,1,1,1,-0.3338581919670105,6.297205924987793
TrustMark P,14,50%,3,100,0.1,0.9,0,0,0,-1,-0.32493916153907776,3.8893396854400635
TrustMark P,14,50%,4,100,0.01,0.99,1,1,1,1,-0.2536930441856384,5.923804759979248
TrustMark P,14,40%,0,100,0.02,0.98,1,1,1,1,-0.6232039928436279,4.374795913696289
TrustMark P,14,40%,1,100,0.11,0.89,0,0,0,-1,-0.8063168525695801,2.8377790451049805
TrustMark P,14,40%,2,100,0.22,0.78,0,0,0,-1,-0.24403756856918335,0.9466792345046997
TrustMark P,14,40%,3,100,0.12,0.88,0,0,0,-1,-0.5840497016906738,2.213449716567993
TrustMark P,14,40%,4,100,0.08,0.92,0,0,0,-1,-0.47782641649246216,3.2338168621063232
TrustMark P,14,30%,0,100,0.37,0.63,0,0,0,-1,-0.06065608188509941,0.48162028193473816
TrustMark P,14,30%,1,100,0.18,0.8200000000000001,0,0,0,-1,0.036947816610336304,2.2651615142822266
TrustMark P,14,30%,2,100,0.2,0.8,0,0,0,-1,-0.26070117950439453,1.5507135391235352
TrustMark P,14,30%,3,100,0.32,0.6799999999999999,0,0,0,-1,-0.10754375159740448,0.548793613910675
TrustMark P,14,30%,4,100,0.18,0.8200000000000001,0,0,0,-1,0.15332728624343872,2.053647518157959
TrustMark P,15,100%,0,100,0.0,1.0,1,1,1,1,-0.40668579936027527,9.642182350158691
TrustMark P,15,100%,1,100,0.0,1.0,1,1,1,1,-0.40668579936027527,9.642182350158691
TrustMark P,15,100%,2,100,0.0,1.0,1,1,1,1,-0.40668579936027527,9.642182350158691
TrustMark P,15,100%,3,100,0.0,1.0,1,1,1,1,-0.40668579936027527,9.642182350158691
TrustMark P,15,100%,4,100,0.0,1.0,1,1,1,1,-0.40668579936027527,9.642182350158691
TrustMark P,15,70%,0,100,0.04,0.96,1,1,1,1,-0.005236377939581871,5.042414665222168
TrustMark P,15,70%,1,100,0.03,0.97,1,1,1,1,-0.22291919589042664,5.353243350982666
TrustMark P,15,70%,2,100,0.02,0.98,1,1,1,1,-0.4126007854938507,7.19228458404541
TrustMark P,15,70%,3,100,0.05,0.95,1,1,1,1,-0.18008103966712952,4.7514519691467285
TrustMark P,15,70%,4,100,0.02,0.98,1,1,1,1,-0.24892736971378326,6.524363994598389
TrustMark P,15,50%,0,100,0.09,0.91,0,0,0,-1,0.026345277205109596,3.0675857067108154
TrustMark P,15,50%,1,100,0.12,0.88,0,0,0,-1,-0.14738063514232635,3.595377206802368
TrustMark P,15,50%,2,100,0.09,0.91,0,0,0,-1,-0.18349027633666992,3.5939977169036865
TrustMark P,15,50%,3,100,0.1,0.9,0,0,0,-1,0.18015523254871368,3.427764892578125
TrustMark P,15,50%,4,100,0.08,0.92,0,0,0,-1,0.007141962181776762,4.117103099822998
TrustMark P,15,40%,0,100,0.17,0.83,1,0,0,3,0.036874763667583466,2.6562576293945312
TrustMark P,15,40%,1,100,0.18,0.8200000000000001,0,0,0,-1,0.2695382833480835,1.9628591537475586
TrustMark P,15,40%,2,100,0.37,0.63,0,0,0,-1,0.017423296347260475,0.5501505136489868
TrustMark P,15,40%,3,100,0.19,0.81,0,0,0,-1,0.15307331085205078,1.8853521347045898
TrustMark P,15,40%,4,100,0.16,0.84,0,0,0,-1,0.019792595878243446,2.7660815715789795
TrustMark P,15,30%,0,100,0.3,0.7,1,0,0,3,-0.01295655407011509,0.2837640643119812
TrustMark P,15,30%,1,100,0.26,0.74,0,0,0,-1,-0.013423068448901176,1.6646389961242676
TrustMark P,15,30%,2,100,0.21,0.79,0,0,0,-1,0.05865364894270897,1.2520045042037964
TrustMark P,15,30%,3,100,0.33,0.6699999999999999,0,0,0,-1,-0.01233583316206932,0.3953798711299896
TrustMark P,15,30%,4,100,0.29,0.71,0,0,0,-1,0.07695576548576355,1.4758059978485107
TrustMark P,16,100%,0,100,0.0,1.0,1,1,1,1,-0.062156420201063156,10.5066556930542
TrustMark P,16,100%,1,100,0.0,1.0,1,1,1,1,-0.062156420201063156,10.5066556930542
TrustMark P,16,100%,2,100,0.0,1.0,1,1,1,1,-0.062156420201063156,10.5066556930542
TrustMark P,16,100%,3,100,0.0,1.0,1,1,1,1,-0.062156420201063156,10.5066556930542
TrustMark P,16,100%,4,100,0.0,1.0,1,1,1,1,-0.062156420201063156,10.5066556930542
TrustMark P,16,70%,0,100,0.02,0.98,1,1,1,1,0.30101680755615234,6.470728874206543
TrustMark P,16,70%,1,100,0.04,0.96,1,1,1,1,0.3536902666091919,6.208777904510498
TrustMark P,16,70%,2,100,0.0,1.0,1,1,1,1,0.24034175276756287,7.157754898071289
TrustMark P,16,70%,3,100,0.03,0.97,1,1,1,1,0.3660939037799835,7.131100654602051
TrustMark P,16,70%,4,100,0.0,1.0,1,1,1,1,0.2083955705165863,7.61124324798584
TrustMark P,16,50%,0,100,0.07,0.9299999999999999,0,0,0,-1,0.21550807356834412,4.162981033325195
TrustMark P,16,50%,1,100,0.06,0.94,1,1,1,1,0.3137374520301819,4.732278347015381
TrustMark P,16,50%,2,100,0.13,0.87,0,0,0,-1,0.3476550579071045,3.7696151733398438
TrustMark P,16,50%,3,100,0.15,0.85,0,0,0,-1,0.21531710028648376,3.9752702713012695
TrustMark P,16,50%,4,100,0.15,0.85,0,0,0,-1,0.24425819516181946,4.018933296203613
TrustMark P,16,40%,0,100,0.09,0.91,0,0,0,-1,0.017603442072868347,3.020163059234619
TrustMark P,16,40%,1,100,0.11,0.89,0,0,0,-1,0.378915935754776,3.4189043045043945
TrustMark P,16,40%,2,100,0.15,0.85,0,0,0,-1,0.17625179886817932,2.777010202407837
TrustMark P,16,40%,3,100,0.13,0.87,0,0,0,-1,0.24142205715179443,2.9814059734344482
TrustMark P,16,40%,4,100,0.14,0.86,0,0,0,-1,-0.03560663387179375,2.971957206726074
TrustMark P,16,30%,0,100,0.24,0.76,0,0,0,-1,0.11578666418790817,1.9608999490737915
TrustMark P,16,30%,1,100,0.25,0.75,0,0,0,-1,0.08229541033506393,1.9940440654754639
TrustMark P,16,30%,2,100,0.32,0.6799999999999999,0,0,0,-1,0.03658619523048401,0.558523416519165
TrustMark P,16,30%,3,100,0.19,0.81,0,0,0,-1,0.18678945302963257,2.034301996231079
TrustMark P,16,30%,4,100,0.32,0.6799999999999999,0,0,0,-1,-0.032412074506282806,0.44344502687454224
TrustMark P,17,100%,0,100,0.0,1.0,1,1,1,1,-2.088353157043457,11.557330131530762
TrustMark P,17,100%,1,100,0.0,1.0,1,1,1,1,-2.088353157043457,11.557330131530762
TrustMark P,17,100%,2,100,0.0,1.0,1,1,1,1,-2.088353157043457,11.557330131530762
TrustMark P,17,100%,3,100,0.0,1.0,1,1,1,1,-2.088353157043457,11.557330131530762
TrustMark P,17,100%,4,100,0.0,1.0,1,1,1,1,-2.088353157043457,11.557330131530762
TrustMark P,17,70%,0,100,0.0,1.0,1,1,1,1,-1.582821011543274,10.466451644897461
TrustMark P,17,70%,1,100,0.0,1.0,1,1,1,1,-1.5039294958114624,10.25517463684082
TrustMark P,17,70%,2,100,0.0,1.0,1,1,1,1,-1.4621446132659912,10.499655723571777
TrustMark P,17,70%,3,100,0.0,1.0,1,1,1,1,-1.6039236783981323,10.619550704956055
TrustMark P,17,70%,4,100,0.0,1.0,1,1,1,1,-1.7686847448349,10.699554443359375
TrustMark P,17,50%,0,100,0.0,1.0,1,1,1,1,-1.4393928050994873,7.997959613800049
TrustMark P,17,50%,1,100,0.06,0.94,0,0,0,-1,-0.6748105883598328,5.860053539276123
TrustMark P,17,50%,2,100,0.01,0.99,1,1,1,1,-0.7659777998924255,7.184546947479248
TrustMark P,17,50%,3,100,0.03,0.97,1,1,1,1,-0.6872300505638123,5.854638576507568
TrustMark P,17,50%,4,100,0.02,0.98,1,1,1,1,-0.8270001411437988,5.466684341430664
TrustMark P,17,40%,0,100,0.14,0.86,0,0,0,-1,-0.5974549055099487,3.6284003257751465
TrustMark P,17,40%,1,100,0.1,0.9,0,0,0,-1,-0.12084128707647324,4.025096893310547
TrustMark P,17,40%,2,100,0.22,0.78,0,0,0,-1,-0.2684575319290161,3.2677688598632812
TrustMark P,17,40%,3,100,0.05,0.95,1,1,1,1,-0.8739142417907715,5.066889762878418
TrustMark P,17,40%,4,100,0.06,0.94,0,0,0,-1,-0.945973813533783,4.520357608795166
TrustMark P,17,30%,0,100,0.17,0.83,0,0,0,-1,-0.41284796595573425,2.771515130996704
TrustMark P,17,30%,1,100,0.16,0.84,0,0,0,-1,-0.20893330872058868,2.941549777984619
TrustMark P,17,30%,2,100,0.25,0.75,0,0,0,-1,0.008607237599790096,0.510601818561554
TrustMark P,17,30%,3,100,0.15,0.85,0,0,0,-1,-0.17797815799713135,2.235433578491211
TrustMark P,17,30%,4,100,0.24,0.76,0,0,0,-1,-0.09367017447948456,0.6754567623138428
TrustMark P,18,100%,0,100,0.05,0.95,1,1,1,1,-0.08771225810050964,4.661990165710449
TrustMark P,18,100%,1,100,0.05,0.95,1,1,1,1,-0.08771225810050964,4.661990165710449
TrustMark P,18,100%,2,100,0.05,0.95,1,1,1,1,-0.08771225810050964,4.661990165710449
TrustMark P,18,100%,3,100,0.05,0.95,1,1,1,1,-0.08771225810050964,4.661990165710449
TrustMark P,18,100%,4,100,0.05,0.95,1,1,1,1,-0.08771225810050964,4.661990165710449
TrustMark P,18,70%,0,100,0.09,0.91,0,0,0,-1,-0.0071994466707110405,2.853518486022949
TrustMark P,18,70%,1,100,0.08,0.92,0,0,0,-1,0.10040708631277084,3.140507459640503
TrustMark P,18,70%,2,100,0.08,0.92,0,0,0,-1,0.02152576483786106,3.2084994316101074
TrustMark P,18,70%,3,100,0.05,0.95,1,1,1,1,0.04951124265789986,3.452270746231079
TrustMark P,18,70%,4,100,0.05,0.95,1,1,1,1,0.08846665173768997,3.780844211578369
TrustMark P,18,50%,0,100,0.16,0.84,0,0,0,-1,0.053569212555885315,2.1620306968688965
TrustMark P,18,50%,1,100,0.17,0.83,0,0,0,-1,0.06039445102214813,1.9425488710403442
TrustMark P,18,50%,2,100,0.13,0.87,0,0,0,-1,0.17040163278579712,1.6080058813095093
TrustMark P,18,50%,3,100,0.25,0.75,0,0,0,-1,-0.004879579413682222,1.6195825338363647
TrustMark P,18,50%,4,100,0.24,0.76,0,0,0,-1,-0.01105494238436222,1.7678532600402832
TrustMark P,18,40%,0,100,0.25,0.75,0,0,0,-1,0.08537478744983673,1.4168199300765991
TrustMark P,18,40%,1,100,0.19,0.81,0,0,0,-1,0.06850364804267883,1.4345488548278809
TrustMark P,18,40%,2,100,0.22,0.78,0,0,0,-1,0.008124119602143764,0.36753132939338684
TrustMark P,18,40%,3,100,0.2,0.8,0,0,0,-1,0.0753583163022995,1.131614327430725
TrustMark P,18,40%,4,100,0.14,0.86,0,0,0,-1,0.07163363695144653,1.3904321193695068
TrustMark P,18,30%,0,100,0.3,0.7,0,0,0,-1,0.019705509766936302,0.39108219742774963
TrustMark P,18,30%,1,100,0.37,0.63,0,0,0,-1,0.06806080788373947,0.5924023985862732
TrustMark P,18,30%,2,100,0.43,0.5700000000000001,0,0,0,-1,-0.0035934685729444027,0.06744251400232315
TrustMark P,18,30%,3,100,0.22,0.78,0,0,0,-1,-0.013835037127137184,1.0725393295288086
TrustMark P,18,30%,4,100,0.52,0.48,0,0,0,-1,-0.0032204068265855312,0.061559587717056274
TrustMark P,19,100%,0,100,0.02,0.98,1,1,1,1,-0.28181058168411255,5.546656608581543
TrustMark P,19,100%,1,100,0.02,0.98,1,1,1,1,-0.28181058168411255,5.546656608581543
TrustMark P,19,100%,2,100,0.02,0.98,1,1,1,1,-0.28181058168411255,5.546656608581543
TrustMark P,19,100%,3,100,0.02,0.98,1,1,1,1,-0.28181058168411255,5.546656608581543
TrustMark P,19,100%,4,100,0.02,0.98,1,1,1,1,-0.28181058168411255,5.546656608581543
TrustMark P,19,70%,0,100,0.17,0.83,0,0,0,-1,-0.22795513272285461,3.0378448963165283
TrustMark P,19,70%,1,100,0.15,0.85,0,0,0,-1,-0.17792536318302155,3.036590814590454
TrustMark P,19,70%,2,100,0.11,0.89,0,0,0,-1,-0.2754319906234741,3.36085844039917
TrustMark P,19,70%,3,100,0.1,0.9,0,0,0,-1,-0.2571682333946228,3.4082283973693848
TrustMark P,19,70%,4,100,0.08,0.92,0,0,0,-1,-0.21841083467006683,3.8461649417877197
TrustMark P,19,50%,0,100,0.17,0.83,0,0,0,-1,0.09553422033786774,2.0571129322052
TrustMark P,19,50%,1,100,0.13,0.87,0,0,0,-1,-0.07219366729259491,2.2302091121673584
TrustMark P,19,50%,2,100,0.17,0.83,0,0,0,-1,0.01692839153110981,2.357252836227417
TrustMark P,19,50%,3,100,0.17,0.83,0,0,0,-1,-0.021788043901324272,2.240530490875244
TrustMark P,19,50%,4,100,0.2,0.8,0,0,0,-1,-0.03713357076048851,1.9574007987976074
TrustMark P,19,40%,0,100,0.16,0.84,0,0,0,-1,-0.17017750442028046,1.8449978828430176
TrustMark P,19,40%,1,100,0.18,0.8200000000000001,0,0,0,-1,0.011736596003174782,1.7721742391586304
TrustMark P,19,40%,2,100,0.23,0.77,0,0,0,-1,-0.03373175114393234,0.8765267133712769
TrustMark P,19,40%,3,100,0.2,0.8,0,0,0,-1,0.06361602991819382,1.7332940101623535
TrustMark P,19,40%,4,100,0.17,0.83,0,0,0,-1,-0.0014190817018970847,1.9683136940002441
TrustMark P,19,30%,0,100,0.2,0.8,0,0,0,-1,0.03175341337919235,1.1579276323318481
TrustMark P,19,30%,1,100,0.25,0.75,0,0,0,-1,0.02774251252412796,1.2689265012741089
TrustMark P,19,30%,2,100,0.34,0.6599999999999999,0,0,0,-1,0.017539123073220253,0.29857638478279114
TrustMark P,19,30%,3,100,0.2,0.8,0,0,0,-1,-0.01645064353942871,1.2362830638885498
TrustMark P,19,30%,4,100,0.36,0.64,0,0,0,-1,-0.011177515611052513,0.14865519106388092
TrustMark P,20,100%,0,100,0.0,1.0,1,1,1,1,-0.732970654964447,11.007685661315918
TrustMark P,20,100%,1,100,0.0,1.0,1,1,1,1,-0.732970654964447,11.007685661315918
TrustMark P,20,100%,2,100,0.0,1.0,1,1,1,1,-0.732970654964447,11.007685661315918
TrustMark P,20,100%,3,100,0.0,1.0,1,1,1,1,-0.732970654964447,11.007685661315918
TrustMark P,20,100%,4,100,0.0,1.0,1,1,1,1,-0.732970654964447,11.007685661315918
TrustMark P,20,70%,0,100,0.0,1.0,1,1,1,1,-0.31346455216407776,9.501666069030762
TrustMark P,20,70%,1,100,0.0,1.0,1,1,1,1,-0.2489025890827179,9.637530326843262
TrustMark P,20,70%,2,100,0.0,1.0,1,1,1,1,-0.3277236223220825,9.581679344177246
TrustMark P,20,70%,3,100,0.0,1.0,1,1,1,1,-0.2963380515575409,9.82408618927002
TrustMark P,20,70%,4,100,0.0,1.0,1,1,1,1,-0.5353134870529175,9.780807495117188
TrustMark P,20,50%,0,100,0.01,0.99,1,1,1,1,-0.6354002952575684,6.2773118019104
TrustMark P,20,50%,1,100,0.0,1.0,1,1,1,1,-0.4328659474849701,6.219062328338623
TrustMark P,20,50%,2,100,0.04,0.96,1,1,1,1,-0.2033671736717224,6.010465145111084
TrustMark P,20,50%,3,100,0.07,0.9299999999999999,0,0,0,-1,-0.14416354894638062,6.019071102142334
TrustMark P,20,50%,4,100,0.04,0.96,1,1,1,1,-0.09540126472711563,5.673791408538818
TrustMark P,20,40%,0,100,0.13,0.87,0,0,0,-1,-0.5397825241088867,3.323073387145996
TrustMark P,20,40%,1,100,0.11,0.89,0,0,0,-1,-0.4801509976387024,3.8893980979919434
TrustMark P,20,40%,2,100,0.06,0.94,0,0,0,-1,0.0934082418680191,3.756862163543701
TrustMark P,20,40%,3,100,0.03,0.97,1,1,1,1,-0.2846280038356781,4.276468276977539
TrustMark P,20,40%,4,100,0.09,0.91,0,0,0,-1,-0.534218966960907,3.675811529159546
TrustMark P,20,30%,0,100,0.15,0.85,0,0,0,-1,-0.1721309870481491,2.504241466522217
TrustMark P,20,30%,1,100,0.16,0.84,0,0,0,-1,-0.18476347625255585,2.423213005065918
TrustMark P,20,30%,2,100,0.22,0.78,0,0,0,-1,-0.016759337857365608,0.6261071562767029
TrustMark P,20,30%,3,100,0.14,0.86,0,0,0,-1,-0.14097099006175995,2.2689619064331055
TrustMark P,20,30%,4,100,0.23,0.77,0,0,0,-1,0.014556572772562504,0.8178278207778931
TrustMark P,21,100%,0,100,0.0,1.0,1,1,1,1,-0.6983389258384705,8.42609977722168
TrustMark P,21,100%,1,100,0.0,1.0,1,1,1,1,-0.6983389258384705,8.42609977722168
TrustMark P,21,100%,2,100,0.0,1.0,1,1,1,1,-0.6983389258384705,8.42609977722168
TrustMark P,21,100%,3,100,0.0,1.0,1,1,1,1,-0.6983389258384705,8.42609977722168
TrustMark P,21,100%,4,100,0.0,1.0,1,1,1,1,-0.6983389258384705,8.42609977722168
TrustMark P,21,70%,0,100,0.04,0.96,1,1,1,1,-0.4726233184337616,5.265688419342041
TrustMark P,21,70%,1,100,0.06,0.94,0,0,0,-1,-0.5447505712509155,5.080543041229248
TrustMark P,21,70%,2,100,0.04,0.96,1,1,1,1,-0.43027129769325256,5.417445659637451
TrustMark P,21,70%,3,100,0.04,0.96,1,1,1,1,-0.5356345176696777,5.941826820373535
TrustMark P,21,70%,4,100,0.05,0.95,1,1,1,1,-0.6634119153022766,5.467830657958984
TrustMark P,21,50%,0,100,0.09,0.91,0,0,0,-1,-0.6701445579528809,3.2531473636627197
TrustMark P,21,50%,1,100,0.08,0.92,0,0,0,-1,-0.6341652274131775,3.5085527896881104
TrustMark P,21,50%,2,100,0.09,0.91,0,0,0,-1,-0.33944931626319885,3.221135139465332
TrustMark P,21,50%,3,100,0.15,0.85,0,0,0,-1,-0.09445135295391083,2.910139799118042
TrustMark P,21,50%,4,100,0.14,0.86,0,0,0,-1,-0.16185438632965088,3.236532211303711
TrustMark P,21,40%,0,100,0.14,0.86,0,0,0,-1,-0.359121173620224,1.9384232759475708
TrustMark P,21,40%,1,100,0.16,0.84,0,0,0,-1,-0.6743982434272766,2.622527837753296
TrustMark P,21,40%,2,100,0.16,0.84,0,0,0,-1,-0.12967005372047424,2.5244088172912598
TrustMark P,21,40%,3,100,0.15,0.85,0,0,0,-1,-0.48768070340156555,2.6042182445526123
TrustMark P,21,40%,4,100,0.19,0.81,0,0,0,-1,-0.3148239254951477,1.9595770835876465
TrustMark P,21,30%,0,100,0.22,0.78,0,0,0,-1,-0.19133947789669037,1.7141096591949463
TrustMark P,21,30%,1,100,0.25,0.75,0,0,0,-1,-0.02242833562195301,1.3777415752410889
TrustMark P,21,30%,2,100,0.29,0.71,0,0,0,-1,-0.025881944224238396,0.6020267605781555
TrustMark P,21,30%,3,100,0.19,0.81,0,0,0,-1,-0.5089093446731567,1.7684766054153442
TrustMark P,21,30%,4,100,0.32,0.6799999999999999,0,0,0,-1,0.02636214718222618,0.7157928943634033
TrustMark P,22,100%,0,100,0.0,1.0,1,1,1,1,0.19130119681358337,9.770118713378906
TrustMark P,22,100%,1,100,0.0,1.0,1,1,1,1,0.19130119681358337,9.770118713378906
TrustMark P,22,100%,2,100,0.0,1.0,1,1,1,1,0.19130119681358337,9.770118713378906
TrustMark P,22,100%,3,100,0.0,1.0,1,1,1,1,0.19130119681358337,9.770118713378906
TrustMark P,22,100%,4,100,0.0,1.0,1,1,1,1,0.19130119681358337,9.770118713378906
TrustMark P,22,70%,0,100,0.01,0.99,1,1,1,1,0.20548784732818604,6.241838455200195
TrustMark P,22,70%,1,100,0.01,0.99,1,1,1,1,0.06154046952724457,6.406247615814209
TrustMark P,22,70%,2,100,0.0,1.0,1,1,1,1,0.15697824954986572,7.114264488220215
TrustMark P,22,70%,3,100,0.0,1.0,1,1,1,1,0.14956322312355042,7.2017903327941895
TrustMark P,22,70%,4,100,0.0,1.0,1,1,1,1,0.11533723026514053,7.817103862762451
TrustMark P,22,50%,0,100,0.1,0.9,0,0,0,-1,0.06377077102661133,3.306065559387207
TrustMark P,22,50%,1,100,0.06,0.94,0,0,0,-1,0.3932287096977234,3.5279242992401123
TrustMark P,22,50%,2,100,0.04,0.96,1,1,1,1,-0.09031959623098373,3.840524673461914
TrustMark P,22,50%,3,100,0.08,0.92,0,0,0,-1,-0.07274719327688217,3.518338918685913
TrustMark P,22,50%,4,100,0.07,0.9299999999999999,0,0,0,-1,-0.06497710943222046,3.3546972274780273
TrustMark P,22,40%,0,100,0.19,0.81,0,0,0,-1,-0.020494841039180756,1.80995512008667
TrustMark P,22,40%,1,100,0.18,0.8200000000000001,0,0,0,-1,0.048931654542684555,2.12514066696167
TrustMark P,22,40%,2,100,0.13,0.87,0,0,0,-1,-0.1091371551156044,2.1065354347229004
TrustMark P,22,40%,3,100,0.15,0.85,0,0,0,-1,-0.004220657516270876,2.2718875408172607
TrustMark P,22,40%,4,100,0.19,0.81,0,0,0,-1,-0.05057019740343094,2.0653202533721924
TrustMark P,22,30%,0,100,0.22,0.78,0,0,0,-1,0.041264358907938004,1.4958876371383667
TrustMark P,22,30%,1,100,0.25,0.75,0,0,0,-1,0.16722163558006287,1.6206960678100586
TrustMark P,22,30%,2,100,0.28,0.72,0,0,0,-1,-0.06768537312746048,0.4978494942188263
TrustMark P,22,30%,3,100,0.24,0.76,0,0,0,-1,-0.050450097769498825,1.590691089630127
TrustMark P,22,30%,4,100,0.24,0.76,0,0,0,-1,-0.0011106866877526045,0.45509642362594604
TrustMark P,23,100%,0,100,0.0,1.0,1,1,1,1,0.9477149844169617,10.523619651794434
TrustMark P,23,100%,1,100,0.0,1.0,1,1,1,1,0.9477149844169617,10.523619651794434
TrustMark P,23,100%,2,100,0.0,1.0,1,1,1,1,0.9477149844169617,10.523619651794434
TrustMark P,23,100%,3,100,0.0,1.0,1,1,1,1,0.9477149844169617,10.523619651794434
TrustMark P,23,100%,4,100,0.0,1.0,1,1,1,1,0.9477149844169617,10.523619651794434
TrustMark P,23,70%,0,100,0.0,1.0,1,1,1,1,1.0268733501434326,7.595184803009033
TrustMark P,23,70%,1,100,0.01,0.99,1,1,1,1,0.9301847815513611,7.5216498374938965
TrustMark P,23,70%,2,100,0.0,1.0,1,1,1,1,1.392747163772583,7.4956841468811035
TrustMark P,23,70%,3,100,0.0,1.0,1,1,1,1,1.1564230918884277,7.9354634284973145
TrustMark P,23,70%,4,100,0.0,1.0,1,1,1,1,1.1971145868301392,7.979092597961426
TrustMark P,23,50%,0,100,0.04,0.96,1,1,1,1,0.522550642490387,5.128580093383789
TrustMark P,23,50%,1,100,0.08,0.92,0,0,0,-1,0.6001691818237305,3.814335346221924
TrustMark P,23,50%,2,100,0.1,0.9,0,0,0,-1,0.976423978805542,4.030500888824463
TrustMark P,23,50%,3,100,0.07,0.9299999999999999,0,0,0,-1,0.6028656959533691,3.8422863483428955
TrustMark P,23,50%,4,100,0.04,0.96,1,1,1,1,0.49505242705345154,3.7064037322998047
TrustMark P,23,40%,0,100,0.14,0.86,0,0,0,-1,0.5430141091346741,2.8798699378967285
TrustMark P,23,40%,1,100,0.14,0.86,0,0,0,-1,0.45009297132492065,2.6083250045776367
TrustMark P,23,40%,2,100,0.18,0.8200000000000001,0,0,0,-1,0.509391725063324,1.7135571241378784
TrustMark P,23,40%,3,100,0.09,0.91,0,0,0,-1,0.5230942368507385,2.809699296951294
TrustMark P,23,40%,4,100,0.11,0.89,0,0,0,-1,0.47043129801750183,3.249232530593872
TrustMark P,23,30%,0,100,0.19,0.81,0,0,0,-1,0.3319988548755646,1.8038041591644287
TrustMark P,23,30%,1,100,0.16,0.84,0,0,0,-1,0.23125271499156952,2.282923698425293
TrustMark P,23,30%,2,100,0.34,0.6599999999999999,0,0,0,-1,0.0213175006210804,0.10911688953638077
TrustMark P,23,30%,3,100,0.22,0.78,0,0,0,-1,0.36872315406799316,1.8127468824386597
TrustMark P,23,30%,4,100,0.38,0.62,0,0,0,-1,0.06891968846321106,0.3039192855358124
TrustMark P,24,100%,0,100,0.0,1.0,1,1,1,1,-0.29157179594039917,10.695781707763672
TrustMark P,24,100%,1,100,0.0,1.0,1,1,1,1,-0.29157179594039917,10.695781707763672
TrustMark P,24,100%,2,100,0.0,1.0,1,1,1,1,-0.29157179594039917,10.695781707763672
TrustMark P,24,100%,3,100,0.0,1.0,1,1,1,1,-0.29157179594039917,10.695781707763672
TrustMark P,24,100%,4,100,0.0,1.0,1,1,1,1,-0.29157179594039917,10.695781707763672
TrustMark P,24,70%,0,100,0.0,1.0,1,1,1,1,-0.2666650414466858,7.706751823425293
TrustMark P,24,70%,1,100,0.0,1.0,1,1,1,1,-0.36286407709121704,7.613584041595459
TrustMark P,24,70%,2,100,0.0,1.0,1,1,1,1,-0.08726393431425095,8.126041412353516
TrustMark P,24,70%,3,100,0.0,1.0,1,1,1,1,-0.3108866810798645,8.782247543334961
TrustMark P,24,70%,4,100,0.0,1.0,1,1,1,1,-0.06651592999696732,8.85688304901123
TrustMark P,24,50%,0,100,0.04,0.96,1,1,1,1,-0.2998602092266083,5.707301139831543
TrustMark P,24,50%,1,100,0.03,0.97,1,1,1,1,0.06243168190121651,5.207684516906738
TrustMark P,24,50%,2,100,0.05,0.95,1,1,1,1,-0.18861503899097443,4.698305130004883
TrustMark P,24,50%,3,100,0.03,0.97,1,1,1,1,-0.08372020721435547,5.09300422668457
TrustMark P,24,50%,4,100,0.02,0.98,1,1,1,1,-0.11273748427629471,4.693130016326904
TrustMark P,24,40%,0,100,0.09,0.91,0,0,0,-1,-0.0038425468374043703,3.1578097343444824
TrustMark P,24,40%,1,100,0.06,0.94,0,0,0,-1,-0.04092502221465111,3.791231632232666
TrustMark P,24,40%,2,100,0.11,0.89,0,0,0,-1,0.0015277981292456388,1.5707229375839233
TrustMark P,24,40%,3,100,0.06,0.94,0,0,0,-1,-0.19413518905639648,3.863938808441162
TrustMark P,24,40%,4,100,0.11,0.89,0,0,0,-1,0.033131733536720276,3.354898691177368
TrustMark P,24,30%,0,100,0.09,0.91,0,0,0,-1,-0.09418903291225433,2.3529207706451416
TrustMark P,24,30%,1,100,0.14,0.86,0,0,0,-1,-0.09216031432151794,2.7727882862091064
TrustMark P,24,30%,2,100,0.38,0.62,0,0,0,-1,0.10975997895002365,0.7092647552490234
TrustMark P,24,30%,3,100,0.2,0.8,0,0,0,-1,0.07222577929496765,2.286046266555786
TrustMark P,24,30%,4,100,0.24,0.76,0,0,0,-1,0.10279884189367294,0.6315158009529114
TrustMark P,25,100%,0,100,0.0,1.0,1,1,1,1,-0.9690450429916382,8.534160614013672
TrustMark P,25,100%,1,100,0.0,1.0,1,1,1,1,-0.9690450429916382,8.534160614013672
TrustMark P,25,100%,2,100,0.0,1.0,1,1,1,1,-0.9690450429916382,8.534160614013672
TrustMark P,25,100%,3,100,0.0,1.0,1,1,1,1,-0.9690450429916382,8.534160614013672
TrustMark P,25,100%,4,100,0.0,1.0,1,1,1,1,-0.9690450429916382,8.534160614013672
TrustMark P,25,70%,0,100,0.02,0.98,0,0,0,-1,-0.5404084920883179,5.268090724945068
TrustMark P,25,70%,1,100,0.02,0.98,0,0,0,-1,-0.48966488242149353,5.159492015838623
TrustMark P,25,70%,2,100,0.02,0.98,0,0,0,-1,-0.4846615195274353,5.81386661529541
TrustMark P,25,70%,3,100,0.01,0.99,1,0,0,3,-0.44658446311950684,5.945552825927734
TrustMark P,25,70%,4,100,0.02,0.98,0,0,0,-1,-0.8006128668785095,6.915429592132568
TrustMark P,25,50%,0,100,0.07,0.9299999999999999,0,0,0,-1,-0.32947131991386414,3.857217788696289
TrustMark P,25,50%,1,100,0.06,0.94,1,0,0,3,-0.4983071982860565,3.6888697147369385
TrustMark P,25,50%,2,100,0.09,0.91,0,0,0,-1,-0.3635933995246887,3.6348180770874023
TrustMark P,25,50%,3,100,0.09,0.91,0,0,0,-1,-0.45547032356262207,3.3363866806030273
TrustMark P,25,50%,4,100,0.13,0.87,0,0,0,-1,-0.420378714799881,3.1134140491485596
TrustMark P,25,40%,0,100,0.15,0.85,0,0,0,-1,-0.13645459711551666,2.2368950843811035
TrustMark P,25,40%,1,100,0.14,0.86,0,0,0,-1,-0.1562557816505432,2.3617184162139893
TrustMark P,25,40%,2,100,0.19,0.81,0,0,0,-1,-0.18426573276519775,2.2488105297088623
TrustMark P,25,40%,3,100,0.11,0.89,0,0,0,-1,-0.4372774362564087,3.151686191558838
TrustMark P,25,40%,4,100,0.17,0.83,0,0,0,-1,-0.004297196865081787,2.419128656387329
TrustMark P,25,30%,0,100,0.17,0.83,0,0,0,-1,-0.3099764883518219,1.9972163438796997
TrustMark P,25,30%,1,100,0.28,0.72,0,0,0,-1,-0.17433106899261475,1.386144757270813
TrustMark P,25,30%,2,100,0.26,0.74,0,0,0,-1,0.024197323247790337,0.6583033204078674
TrustMark P,25,30%,3,100,0.2,0.8,0,0,0,-1,-0.1572876274585724,1.6573351621627808
TrustMark P,25,30%,4,100,0.24,0.76,0,0,0,-1,-0.09943826496601105,0.6655744314193726
TrustMark P,26,100%,0,100,0.01,0.99,0,0,0,-1,1.450660228729248,9.05844497680664
TrustMark P,26,100%,1,100,0.01,0.99,0,0,0,-1,1.450660228729248,9.05844497680664
TrustMark P,26,100%,2,100,0.01,0.99,0,0,0,-1,1.450660228729248,9.05844497680664
TrustMark P,26,100%,3,100,0.01,0.99,0,0,0,-1,1.450660228729248,9.05844497680664
TrustMark P,26,100%,4,100,0.01,0.99,0,0,0,-1,1.450660228729248,9.05844497680664
TrustMark P,26,70%,0,100,0.01,0.99,0,0,0,-1,0.9993640780448914,5.698359489440918
TrustMark P,26,70%,1,100,0.01,0.99,0,0,0,-1,0.9544410109519958,5.5847392082214355
TrustMark P,26,70%,2,100,0.01,0.99,0,0,0,-1,1.1068832874298096,6.058332443237305
TrustMark P,26,70%,3,100,0.01,0.99,0,0,0,-1,0.9991578459739685,6.319202423095703
TrustMark P,26,70%,4,100,0.02,0.98,0,0,0,-1,1.079699993133545,6.614861011505127
TrustMark P,26,50%,0,100,0.08,0.92,1,0,0,3,0.7445551156997681,3.1636035442352295
TrustMark P,26,50%,1,100,0.07,0.9299999999999999,0,0,0,-1,0.551947832107544,3.3313260078430176
TrustMark P,26,50%,2,100,0.09,0.91,0,0,0,-1,0.6958187818527222,3.0878772735595703
TrustMark P,26,50%,3,100,0.12,0.88,1,0,0,3,0.6990711092948914,3.1774404048919678
TrustMark P,26,50%,4,100,0.11,0.89,0,0,0,-1,0.6972737312316895,3.1685564517974854
TrustMark P,26,40%,0,100,0.2,0.8,0,0,0,-1,0.4852454662322998,1.8938523530960083
TrustMark P,26,40%,1,100,0.12,0.88,0,0,0,-1,0.5289877653121948,2.2845520973205566
TrustMark P,26,40%,2,100,0.15,0.85,0,0,0,-1,0.5199686884880066,1.8797448873519897
TrustMark P,26,40%,3,100,0.11,0.89,0,0,0,-1,0.7389387488365173,2.2417168617248535
TrustMark P,26,40%,4,100,0.17,0.83,0,0,0,-1,0.7016773223876953,2.0155768394470215
TrustMark P,26,30%,0,100,0.2,0.8,0,0,0,-1,0.4961068332195282,1.6227339506149292
TrustMark P,26,30%,1,100,0.23,0.77,0,0,0,-1,0.21602670848369598,1.7591112852096558
TrustMark P,26,30%,2,100,0.29,0.71,0,0,0,-1,0.046949077397584915,0.5078777074813843
TrustMark P,26,30%,3,100,0.26,0.74,0,0,0,-1,0.45761650800704956,1.603715181350708
TrustMark P,26,30%,4,100,0.32,0.6799999999999999,0,0,0,-1,0.053413648158311844,0.25288042426109314
TrustMark P,27,100%,0,100,0.0,1.0,1,1,1,1,0.6892457008361816,11.884970664978027
TrustMark P,27,100%,1,100,0.0,1.0,1,1,1,1,0.6892457008361816,11.884970664978027
TrustMark P,27,100%,2,100,0.0,1.0,1,1,1,1,0.6892457008361816,11.884970664978027
TrustMark P,27,100%,3,100,0.0,1.0,1,1,1,1,0.6892457008361816,11.884970664978027
TrustMark P,27,100%,4,100,0.0,1.0,1,1,1,1,0.6892457008361816,11.884970664978027
TrustMark P,27,70%,0,100,0.0,1.0,1,1,1,1,0.5981895923614502,9.191385269165039
TrustMark P,27,70%,1,100,0.0,1.0,1,1,1,1,0.7830651998519897,9.324939727783203
TrustMark P,27,70%,2,100,0.0,1.0,1,1,1,1,0.4145767092704773,9.583035469055176
TrustMark P,27,70%,3,100,0.0,1.0,1,1,1,1,0.5657739043235779,9.865614891052246
TrustMark P,27,70%,4,100,0.0,1.0,1,1,1,1,0.2182961404323578,10.205806732177734
TrustMark P,27,50%,0,100,0.01,0.99,1,1,1,1,0.6199104189872742,7.487518787384033
TrustMark P,27,50%,1,100,0.04,0.96,0,0,0,-1,0.3599664568901062,4.1011271476745605
TrustMark P,27,50%,2,100,0.08,0.92,0,0,0,-1,0.5616737604141235,6.104595184326172
TrustMark P,27,50%,3,100,0.09,0.91,0,0,0,-1,0.8822711110115051,5.396479606628418
TrustMark P,27,50%,4,100,0.09,0.91,0,0,0,-1,0.5909477472305298,5.207597255706787
TrustMark P,27,40%,0,100,0.07,0.9299999999999999,0,0,0,-1,0.29674917459487915,4.408211708068848
TrustMark P,27,40%,1,100,0.08,0.92,0,0,0,-1,0.3787461221218109,4.123645782470703
TrustMark P,27,40%,2,100,0.18,0.8200000000000001,0,0,0,-1,0.2220105677843094,2.9898288249969482
TrustMark P,27,40%,3,100,0.1,0.9,0,0,0,-1,0.24814683198928833,3.60237979888916
TrustMark P,27,40%,4,100,0.04,0.96,1,1,1,1,0.3876934349536896,4.841456890106201
TrustMark P,27,30%,0,100,0.16,0.84,0,0,0,-1,0.12351280450820923,2.2990643978118896
TrustMark P,27,30%,1,100,0.16,0.84,0,0,0,-1,0.5843708515167236,2.9373044967651367
TrustMark P,27,30%,2,100,0.46,0.54,0,0,0,-1,0.04997626692056656,0.49911999702453613
TrustMark P,27,30%,3,100,0.22,0.78,0,0,0,-1,0.21899598836898804,1.9901189804077148
TrustMark P,27,30%,4,100,0.31,0.69,0,0,0,-1,-0.00295015936717391,0.48076415061950684
TrustMark P,28,100%,0,100,0.0,1.0,1,1,1,1,-0.8679656982421875,10.581865310668945
TrustMark P,28,100%,1,100,0.0,1.0,1,1,1,1,-0.8679656982421875,10.581865310668945
TrustMark P,28,100%,2,100,0.0,1.0,1,1,1,1,-0.8679656982421875,10.581865310668945
TrustMark P,28,100%,3,100,0.0,1.0,1,1,1,1,-0.8679656982421875,10.581865310668945
TrustMark P,28,100%,4,100,0.0,1.0,1,1,1,1,-0.8679656982421875,10.581865310668945
TrustMark P,28,70%,0,100,0.0,1.0,1,1,1,1,-0.4138553738594055,7.533685684204102
TrustMark P,28,70%,1,100,0.0,1.0,1,1,1,1,-0.6323466300964355,7.604142665863037
TrustMark P,28,70%,2,100,0.0,1.0,1,1,1,1,-0.10917604714632034,7.863003730773926
TrustMark P,28,70%,3,100,0.0,1.0,1,1,1,1,-0.40786466002464294,8.101606369018555
TrustMark P,28,70%,4,100,0.0,1.0,1,1,1,1,-0.42471083998680115,8.626842498779297
TrustMark P,28,50%,0,100,0.05,0.95,1,1,1,1,-0.18031065165996552,5.049449920654297
TrustMark P,28,50%,1,100,0.05,0.95,1,1,1,1,0.0688302144408226,4.782398223876953
TrustMark P,28,50%,2,100,0.03,0.97,1,1,1,1,-0.09241285920143127,4.521495819091797
TrustMark P,28,50%,3,100,0.05,0.95,1,1,1,1,-0.2521793842315674,4.529551982879639
TrustMark P,28,50%,4,100,0.05,0.95,1,1,1,1,-0.11288032680749893,3.973731279373169
TrustMark P,28,40%,0,100,0.11,0.89,0,0,0,-1,-0.43569573760032654,2.984910011291504
TrustMark P,28,40%,1,100,0.11,0.89,0,0,0,-1,0.0778113529086113,3.494316816329956
TrustMark P,28,40%,2,100,0.14,0.86,0,0,0,-1,-0.022406818345189095,1.2555794715881348
TrustMark P,28,40%,3,100,0.11,0.89,0,0,0,-1,-0.04945026710629463,2.9439990520477295
TrustMark P,28,40%,4,100,0.08,0.92,0,0,0,-1,-0.2175610214471817,3.265655755996704
TrustMark P,28,30%,0,100,0.14,0.86,0,0,0,-1,0.11889082193374634,1.8034878969192505
TrustMark P,28,30%,1,100,0.21,0.79,0,0,0,-1,0.022973058745265007,2.300611972808838
TrustMark P,28,30%,2,100,0.37,0.63,0,0,0,-1,-0.10950085520744324,0.477681040763855
TrustMark P,28,30%,3,100,0.16,0.84,0,0,0,-1,0.0674024373292923,2.3149876594543457
TrustMark P,28,30%,4,100,0.33,0.6699999999999999,0,0,0,-1,-0.07055782526731491,0.42698436975479126
TrustMark P,29,100%,0,100,0.0,1.0,1,1,1,1,0.6938281059265137,11.052281379699707
TrustMark P,29,100%,1,100,0.0,1.0,1,1,1,1,0.6938281059265137,11.052281379699707
TrustMark P,29,100%,2,100,0.0,1.0,1,1,1,1,0.6938281059265137,11.052281379699707
TrustMark P,29,100%,3,100,0.0,1.0,1,1,1,1,0.6938281059265137,11.052281379699707
TrustMark P,29,100%,4,100,0.0,1.0,1,1,1,1,0.6938281059265137,11.052281379699707
TrustMark P,29,70%,0,100,0.0,1.0,1,1,1,1,0.640506386756897,9.341292381286621
TrustMark P,29,70%,1,100,0.0,1.0,1,1,1,1,0.500351071357727,9.114765167236328
TrustMark P,29,70%,2,100,0.0,1.0,1,1,1,1,0.4633258581161499,9.317010879516602
TrustMark P,29,70%,3,100,0.0,1.0,1,1,1,1,0.673098623752594,9.532217979431152
TrustMark P,29,70%,4,100,0.0,1.0,1,1,1,1,0.4996824562549591,9.87994384765625
TrustMark P,29,50%,0,100,0.01,0.99,1,1,1,1,0.39378517866134644,6.5979437828063965
TrustMark P,29,50%,1,100,0.02,0.98,1,1,1,1,0.4326307773590088,5.654684543609619
TrustMark P,29,50%,2,100,0.02,0.98,1,1,1,1,0.05893941968679428,6.054220199584961
TrustMark P,29,50%,3,100,0.04,0.96,1,1,1,1,0.18436682224273682,5.928669452667236
TrustMark P,29,50%,4,100,0.04,0.96,1,1,1,1,0.0845630094408989,5.51328182220459
TrustMark P,29,40%,0,100,0.17,0.83,0,0,0,-1,-0.0054113054648041725,2.689647912979126
TrustMark P,29,40%,1,100,0.14,0.86,0,0,0,-1,0.29874008893966675,3.6020264625549316
TrustMark P,29,40%,2,100,0.05,0.95,1,1,1,1,-0.05424296855926514,3.291079044342041
TrustMark P,29,40%,3,100,0.07,0.9299999999999999,0,0,0,-1,0.19617092609405518,4.7145771980285645
TrustMark P,29,40%,4,100,0.15,0.85,0,0,0,-1,0.20144788920879364,3.420039176940918
TrustMark P,29,30%,0,100,0.11,0.89,0,0,0,-1,0.01989012211561203,2.7911314964294434
TrustMark P,29,30%,1,100,0.22,0.78,0,0,0,-1,0.3072669506072998,2.3058130741119385
TrustMark P,29,30%,2,100,0.28,0.72,0,0,0,-1,-0.04269738122820854,0.6812086701393127
TrustMark P,29,30%,3,100,0.2,0.8,0,0,0,-1,0.21783487498760223,1.9666002988815308
TrustMark P,29,30%,4,100,0.35,0.65,0,0,0,-1,-0.19194138050079346,0.6224631667137146
TrustMark P,30,100%,0,100,0.0,1.0,1,1,1,1,-0.2867145240306854,11.145881652832031
TrustMark P,30,100%,1,100,0.0,1.0,1,1,1,1,-0.2867145240306854,11.145881652832031
TrustMark P,30,100%,2,100,0.0,1.0,1,1,1,1,-0.2867145240306854,11.145881652832031
TrustMark P,30,100%,3,100,0.0,1.0,1,1,1,1,-0.2867145240306854,11.145881652832031
TrustMark P,30,100%,4,100,0.0,1.0,1,1,1,1,-0.2867145240306854,11.145881652832031
TrustMark P,30,70%,0,100,0.0,1.0,1,1,1,1,-0.17746561765670776,9.268608093261719
TrustMark P,30,70%,1,100,0.0,1.0,1,1,1,1,-0.27973049879074097,9.227386474609375
TrustMark P,30,70%,2,100,0.0,1.0,1,1,1,1,-0.17893749475479126,9.392433166503906
TrustMark P,30,70%,3,100,0.0,1.0,1,1,1,1,-0.30184710025787354,9.619415283203125
TrustMark P,30,70%,4,100,0.0,1.0,1,1,1,1,-0.40358421206474304,10.114673614501953
TrustMark P,30,50%,0,100,0.0,1.0,1,1,1,1,-0.310523122549057,6.708378791809082
TrustMark P,30,50%,1,100,0.01,0.99,1,1,1,1,-0.4509590268135071,6.5941572189331055
TrustMark P,30,50%,2,100,0.0,1.0,1,1,1,1,-0.11180584132671356,6.7904052734375
TrustMark P,30,50%,3,100,0.03,0.97,1,1,1,1,0.35904160141944885,6.303986072540283
TrustMark P,30,50%,4,100,0.03,0.97,1,1,1,1,0.18060992658138275,5.617810249328613
TrustMark P,30,40%,0,100,0.08,0.92,0,0,0,-1,-0.027010686695575714,3.743922710418701
TrustMark P,30,40%,1,100,0.1,0.9,0,0,0,-1,-0.3271200954914093,3.873095750808716
TrustMark P,30,40%,2,100,0.04,0.96,1,1,1,1,0.04490164667367935,3.569075345993042
TrustMark P,30,40%,3,100,0.05,0.95,0,0,0,-1,-0.24206364154815674,5.0279951095581055
TrustMark P,30,40%,4,100,0.07,0.9299999999999999,0,0,0,-1,0.11073959618806839,4.165578842163086
TrustMark P,30,30%,0,100,0.09,0.91,0,0,0,-1,0.17096620798110962,2.7792158126831055
TrustMark P,30,30%,1,100,0.14,0.86,0,0,0,-1,0.08984052389860153,2.7019827365875244
TrustMark P,30,30%,2,100,0.28,0.72,0,0,0,-1,-0.01587006263434887,0.8742867112159729
TrustMark P,30,30%,3,100,0.21,0.79,0,0,0,-1,-0.06285014003515244,2.3154149055480957
TrustMark P,30,30%,4,100,0.28,0.72,0,0,0,-1,0.0033963185269385576,0.7207701802253723
TrustMark P,31,100%,0,100,0.0,1.0,1,1,1,1,0.07235372811555862,8.984607696533203
TrustMark P,31,100%,1,100,0.0,1.0,1,1,1,1,0.07235372811555862,8.984607696533203
TrustMark P,31,100%,2,100,0.0,1.0,1,1,1,1,0.07235372811555862,8.984607696533203
TrustMark P,31,100%,3,100,0.0,1.0,1,1,1,1,0.07235372811555862,8.984607696533203
TrustMark P,31,100%,4,100,0.0,1.0,1,1,1,1,0.07235372811555862,8.984607696533203
TrustMark P,31,70%,0,100,0.0,1.0,1,1,1,1,0.3292495012283325,5.2171149253845215
TrustMark P,31,70%,1,100,0.02,0.98,0,0,0,-1,0.31045466661453247,5.033680438995361
TrustMark P,31,70%,2,100,0.0,1.0,1,1,1,1,0.07554955035448074,5.813714027404785
TrustMark P,31,70%,3,100,0.01,0.99,1,1,1,1,0.2596743702888489,6.004438400268555
TrustMark P,31,70%,4,100,0.02,0.98,0,0,0,-1,0.10952970385551453,6.144250869750977
TrustMark P,31,50%,0,100,0.08,0.92,0,0,0,-1,0.09527228027582169,3.318922758102417
TrustMark P,31,50%,1,100,0.15,0.85,0,0,0,-1,-0.07107076793909073,2.9735043048858643
TrustMark P,31,50%,2,100,0.09,0.91,0,0,0,-1,0.2199571430683136,2.8747949600219727
TrustMark P,31,50%,3,100,0.11,0.89,0,0,0,-1,0.23270975053310394,2.9013335704803467
TrustMark P,31,50%,4,100,0.12,0.88,0,0,0,-1,0.2515164017677307,2.4813027381896973
TrustMark P,31,40%,0,100,0.15,0.85,0,0,0,-1,0.003259400138631463,1.954646110534668
TrustMark P,31,40%,1,100,0.19,0.81,0,0,0,-1,0.09267143160104752,2.260002851486206
TrustMark P,31,40%,2,100,0.17,0.83,0,0,0,-1,0.1619197279214859,1.6909513473510742
TrustMark P,31,40%,3,100,0.18,0.8200000000000001,0,0,0,-1,0.1219114363193512,2.164095163345337
TrustMark P,31,40%,4,100,0.17,0.83,0,0,0,-1,-0.012228386476635933,2.235506057739258
TrustMark P,31,30%,0,100,0.35,0.65,0,0,0,-1,-0.04080026596784592,0.6327410340309143
TrustMark P,31,30%,1,100,0.19,0.81,0,0,0,-1,0.021674638614058495,1.7019712924957275
TrustMark P,31,30%,2,100,0.36,0.64,0,0,0,-1,0.03588445857167244,0.2266691029071808
TrustMark P,31,30%,3,100,0.24,0.76,0,0,0,-1,-0.017143703997135162,1.3980436325073242
TrustMark P,31,30%,4,100,0.39,0.61,0,0,0,-1,0.010214018635451794,0.21307724714279175
TrustMark P,32,100%,0,100,0.0,1.0,1,1,1,1,-0.8781176209449768,11.11793327331543
TrustMark P,32,100%,1,100,0.0,1.0,1,1,1,1,-0.8781176209449768,11.11793327331543
TrustMark P,32,100%,2,100,0.0,1.0,1,1,1,1,-0.8781176209449768,11.11793327331543
TrustMark P,32,100%,3,100,0.0,1.0,1,1,1,1,-0.8781176209449768,11.11793327331543
TrustMark P,32,100%,4,100,0.0,1.0,1,1,1,1,-0.8781176209449768,11.11793327331543
TrustMark P,32,70%,0,100,0.0,1.0,1,1,1,1,-0.5172228217124939,8.73869800567627
TrustMark P,32,70%,1,100,0.0,1.0,1,1,1,1,-0.8060319423675537,9.246816635131836
TrustMark P,32,70%,2,100,0.0,1.0,1,1,1,1,-0.47939980030059814,9.811152458190918
TrustMark P,32,70%,3,100,0.0,1.0,1,1,1,1,-0.7915086150169373,9.730533599853516
TrustMark P,32,70%,4,100,0.0,1.0,1,1,1,1,-0.47939980030059814,9.811152458190918
TrustMark P,32,50%,0,100,0.02,0.98,1,1,1,1,-0.15573354065418243,6.160518646240234
TrustMark P,32,50%,1,100,0.05,0.95,1,1,1,1,-0.31734994053840637,5.4997663497924805
TrustMark P,32,50%,2,100,0.03,0.97,1,1,1,1,-0.3425796627998352,5.553146839141846
TrustMark P,32,50%,3,100,0.02,0.98,1,1,1,1,-0.07669143378734589,5.887765884399414
TrustMark P,32,50%,4,100,0.04,0.96,1,1,1,1,-0.21830299496650696,6.042849540710449
TrustMark P,32,40%,0,100,0.1,0.9,0,0,0,-1,0.10079706460237503,3.9356415271759033
TrustMark P,32,40%,1,100,0.12,0.88,0,0,0,-1,0.0665598213672638,2.9400463104248047
TrustMark P,32,40%,2,100,0.08,0.92,0,0,0,-1,-0.2790966331958771,4.18208122253418
TrustMark P,32,40%,3,100,0.29,0.71,0,0,0,-1,-0.10000214725732803,1.1446629762649536
TrustMark P,32,40%,4,100,0.14,0.86,0,0,0,-1,-0.12166145443916321,1.4938290119171143
TrustMark P,32,30%,0,100,0.26,0.74,0,0,0,-1,-0.005313777830451727,1.4439488649368286
TrustMark P,32,30%,1,100,0.27,0.73,0,0,0,-1,0.06426581740379333,0.6067906618118286
TrustMark P,32,30%,2,100,0.23,0.77,0,0,0,-1,-0.13068994879722595,2.010157585144043
TrustMark P,32,30%,3,100,0.15,0.85,0,0,0,-1,-0.183828204870224,2.601609706878662
TrustMark P,32,30%,4,100,0.13,0.87,0,0,0,-1,0.28354573249816895,2.351430892944336
TrustMark P,33,100%,0,100,0.0,1.0,1,1,1,1,-1.3462135791778564,10.029356002807617
TrustMark P,33,100%,1,100,0.0,1.0,1,1,1,1,-1.3462135791778564,10.029356002807617
TrustMark P,33,100%,2,100,0.0,1.0,1,1,1,1,-1.3462135791778564,10.029356002807617
TrustMark P,33,100%,3,100,0.0,1.0,1,1,1,1,-1.3462135791778564,10.029356002807617
TrustMark P,33,100%,4,100,0.0,1.0,1,1,1,1,-1.3462135791778564,10.029356002807617
TrustMark P,33,70%,0,100,0.04,0.96,1,1,1,1,-0.15588653087615967,5.918111801147461
TrustMark P,33,70%,1,100,0.01,0.99,1,1,1,1,-0.22945819795131683,6.927767753601074
TrustMark P,33,70%,2,100,0.01,0.99,1,1,1,1,-0.9985665082931519,7.899207592010498
TrustMark P,33,70%,3,100,0.01,0.99,1,1,1,1,-0.6077032685279846,7.8246750831604
TrustMark P,33,70%,4,100,0.01,0.99,1,1,1,1,-0.9985665082931519,7.899207592010498
TrustMark P,33,50%,0,100,0.06,0.94,0,0,0,-1,-0.6144885420799255,4.137727737426758
TrustMark P,33,50%,1,100,0.08,0.92,0,0,0,-1,-0.2241002470254898,3.9980435371398926
TrustMark P,33,50%,2,100,0.06,0.94,0,0,0,-1,-0.36753425002098083,4.215109348297119
TrustMark P,33,50%,3,100,0.06,0.94,0,0,0,-1,-0.8218894004821777,4.476511001586914
TrustMark P,33,50%,4,100,0.1,0.9,0,0,0,-1,-0.3982119858264923,4.764019012451172
TrustMark P,33,40%,0,100,0.11,0.89,0,0,0,-1,-0.3245050013065338,2.6692709922790527
TrustMark P,33,40%,1,100,0.15,0.85,0,0,0,-1,-0.3907788097858429,2.7848012447357178
TrustMark P,33,40%,2,100,0.15,0.85,0,0,0,-1,-0.1877571940422058,2.8796472549438477
TrustMark P,33,40%,3,100,0.5,0.5,0,0,0,-1,0.3109966814517975,1.0919718742370605
TrustMark P,33,40%,4,100,0.35,0.65,0,0,0,-1,0.14433163404464722,0.7874112129211426
TrustMark P,33,30%,0,100,0.32,0.6799999999999999,0,0,0,-1,0.15850214660167694,0.6736541986465454
TrustMark P,33,30%,1,100,0.39,0.61,0,0,0,-1,-0.005865158978849649,0.425563782453537
TrustMark P,33,30%,2,100,0.21,0.79,0,0,0,-1,-0.0005350583815015852,1.5657522678375244
TrustMark P,33,30%,3,100,0.19,0.81,0,0,0,-1,-0.2213500440120697,2.3337490558624268
TrustMark P,33,30%,4,100,0.26,0.74,0,0,0,-1,-0.18241649866104126,1.3154581785202026
TrustMark P,34,100%,0,100,0.0,1.0,1,1,1,1,-0.7672345042228699,9.367286682128906
TrustMark P,34,100%,1,100,0.0,1.0,1,1,1,1,-0.7672345042228699,9.367286682128906
TrustMark P,34,100%,2,100,0.0,1.0,1,1,1,1,-0.7672345042228699,9.367286682128906
TrustMark P,34,100%,3,100,0.0,1.0,1,1,1,1,-0.7672345042228699,9.367286682128906
TrustMark P,34,100%,4,100,0.0,1.0,1,1,1,1,-0.7672345042228699,9.367286682128906
TrustMark P,34,70%,0,100,0.0,1.0,1,1,1,1,-0.41750675439834595,6.246079921722412
TrustMark P,34,70%,1,100,0.0,1.0,1,1,1,1,-0.4836222529411316,6.499844551086426
TrustMark P,34,70%,2,100,0.0,1.0,1,1,1,1,-0.5803420543670654,7.051860332489014
TrustMark P,34,70%,3,100,0.0,1.0,1,1,1,1,-0.717816948890686,7.484623908996582
TrustMark P,34,70%,4,100,0.0,1.0,1,1,1,1,-0.5803420543670654,7.051860332489014
TrustMark P,34,50%,0,100,0.09,0.91,0,0,0,-1,-0.0585012324154377,3.383929967880249
TrustMark P,34,50%,1,100,0.13,0.87,0,0,0,-1,-0.1848917156457901,2.868379592895508
TrustMark P,34,50%,2,100,0.11,0.89,0,0,0,-1,-0.12028980255126953,3.044419050216675
TrustMark P,34,50%,3,100,0.12,0.88,0,0,0,-1,0.009568147361278534,3.4105377197265625
TrustMark P,34,50%,4,100,0.13,0.87,0,0,0,-1,-0.07042492181062698,3.076620578765869
TrustMark P,34,40%,0,100,0.11,0.89,0,0,0,-1,0.11352276057004929,2.3931756019592285
TrustMark P,34,40%,1,100,0.21,0.79,0,0,0,-1,-0.018125835806131363,1.891756296157837
TrustMark P,34,40%,2,100,0.17,0.83,0,0,0,-1,-0.03354412689805031,2.075089931488037
TrustMark P,34,40%,3,100,0.22,0.78,0,0,0,-1,0.22197791934013367,1.8787508010864258
TrustMark P,34,40%,4,100,0.21,0.79,0,0,0,-1,0.03791189566254616,2.134260654449463
TrustMark P,34,30%,0,100,0.28,0.72,0,0,0,-1,0.1782130002975464,1.342047095298767
TrustMark P,34,30%,1,100,0.4,0.6,0,0,0,-1,-0.024714622646570206,0.29387110471725464
TrustMark P,34,30%,2,100,0.3,0.7,0,0,0,-1,0.003764769993722439,1.4606847763061523
TrustMark P,34,30%,3,100,0.21,0.79,0,0,0,-1,0.14867593348026276,1.5690674781799316
TrustMark P,34,30%,4,100,0.2,0.8,0,0,0,-1,0.15008100867271423,1.9747146368026733
TrustMark P,35,100%,0,100,0.0,1.0,1,1,1,1,1.353969931602478,10.027789115905762
TrustMark P,35,100%,1,100,0.0,1.0,1,1,1,1,1.353969931602478,10.027789115905762
TrustMark P,35,100%,2,100,0.0,1.0,1,1,1,1,1.353969931602478,10.027789115905762
TrustMark P,35,100%,3,100,0.0,1.0,1,1,1,1,1.353969931602478,10.027789115905762
TrustMark P,35,100%,4,100,0.0,1.0,1,1,1,1,1.353969931602478,10.027789115905762
TrustMark P,35,70%,0,100,0.02,0.98,1,1,1,1,1.0215034484863281,6.752221584320068
TrustMark P,35,70%,1,100,0.02,0.98,1,1,1,1,0.7758734226226807,7.207587718963623
TrustMark P,35,70%,2,100,0.04,0.96,0,0,0,-1,1.1191281080245972,7.563478469848633
TrustMark P,35,70%,3,100,0.01,0.99,1,1,1,1,0.898160994052887,8.219983100891113
TrustMark P,35,70%,4,100,0.04,0.96,0,0,0,-1,1.1191281080245972,7.563478469848633
TrustMark P,35,50%,0,100,0.07,0.9299999999999999,0,0,0,-1,0.5244414806365967,4.787309646606445
TrustMark P,35,50%,1,100,0.14,0.86,0,0,0,-1,0.7781737446784973,4.088707447052002
TrustMark P,35,50%,2,100,0.14,0.86,0,0,0,-1,0.5906020998954773,4.212489128112793
TrustMark P,35,50%,3,100,0.08,0.92,0,0,0,-1,0.4341977834701538,4.777523517608643
TrustMark P,35,50%,4,100,0.14,0.86,0,0,0,-1,0.5100715756416321,4.265033721923828
TrustMark P,35,40%,0,100,0.18,0.8200000000000001,0,0,0,-1,0.3811846077442169,3.0975141525268555
TrustMark P,35,40%,1,100,0.18,0.8200000000000001,0,0,0,-1,0.3764398694038391,2.41506028175354
TrustMark P,35,40%,2,100,0.19,0.81,0,0,0,-1,0.34279167652130127,3.042335271835327
TrustMark P,35,40%,3,100,0.16,0.84,0,0,0,-1,0.30200469493865967,2.1346864700317383
TrustMark P,35,40%,4,100,0.12,0.88,0,0,0,-1,0.3301007151603699,2.3542227745056152
TrustMark P,35,30%,0,100,0.24,0.76,0,0,0,-1,0.17064999043941498,1.798681616783142
TrustMark P,35,30%,1,100,0.33,0.6699999999999999,0,0,0,-1,0.07719261944293976,0.23224042356014252
TrustMark P,35,30%,2,100,0.27,0.73,0,0,0,-1,0.377986878156662,1.819126009941101
TrustMark P,35,30%,3,100,0.2,0.8,0,0,0,-1,0.08065322786569595,2.03749942779541
TrustMark P,35,30%,4,100,0.24,0.76,0,0,0,-1,-0.042797308415174484,1.7086997032165527
TrustMark P,36,100%,0,100,0.0,1.0,1,1,1,1,-1.5065077543258667,9.484347343444824
TrustMark P,36,100%,1,100,0.0,1.0,1,1,1,1,-1.5065077543258667,9.484347343444824
TrustMark P,36,100%,2,100,0.0,1.0,1,1,1,1,-1.5065077543258667,9.484347343444824
TrustMark P,36,100%,3,100,0.0,1.0,1,1,1,1,-1.5065077543258667,9.484347343444824
TrustMark P,36,100%,4,100,0.0,1.0,1,1,1,1,-1.5065077543258667,9.484347343444824
TrustMark P,36,70%,0,100,0.01,0.99,1,1,1,1,-0.6736284494400024,5.861142635345459
TrustMark P,36,70%,1,100,0.02,0.98,1,1,1,1,-0.6989858150482178,6.48095703125
TrustMark P,36,70%,2,100,0.0,1.0,1,1,1,1,-0.8006675839424133,7.1799163818359375
TrustMark P,36,70%,3,100,0.0,1.0,1,1,1,1,-0.7470505237579346,7.439466953277588
TrustMark P,36,70%,4,100,0.0,1.0,1,1,1,1,-0.8006675839424133,7.1799163818359375
TrustMark P,36,50%,0,100,0.1,0.9,0,0,0,-1,-0.41471192240715027,3.420664072036743
TrustMark P,36,50%,1,100,0.12,0.88,0,0,0,-1,-0.5715851783752441,3.5110244750976562
TrustMark P,36,50%,2,100,0.08,0.92,0,0,0,-1,-0.5834007859230042,3.542397975921631
TrustMark P,36,50%,3,100,0.07,0.9299999999999999,0,0,0,-1,-0.5009353160858154,3.6709303855895996
TrustMark P,36,50%,4,100,0.13,0.87,0,0,0,-1,-0.47457045316696167,3.677035331726074
TrustMark P,36,40%,0,100,0.14,0.86,0,0,0,-1,-0.19173608720302582,2.6242120265960693
TrustMark P,36,40%,1,100,0.23,0.77,0,0,0,-1,-0.36897268891334534,2.43867826461792
TrustMark P,36,40%,2,100,0.15,0.85,0,0,0,-1,-0.30398067831993103,2.5781850814819336
TrustMark P,36,40%,3,100,0.46,0.54,0,0,0,-1,0.07840416580438614,1.4777250289916992
TrustMark P,36,40%,4,100,0.5,0.5,0,0,0,-1,0.02436363510787487,1.6341897249221802
TrustMark P,36,30%,0,100,0.44,0.56,0,0,0,-1,-0.09432608634233475,0.7286890149116516
TrustMark P,36,30%,1,100,0.35,0.65,0,0,0,-1,0.0034940792247653008,0.16334368288516998
TrustMark P,36,30%,2,100,0.22,0.78,0,0,0,-1,-0.24575485289096832,1.5643494129180908
TrustMark P,36,30%,3,100,0.23,0.77,0,0,0,-1,-0.1273432821035385,1.8700752258300781
TrustMark P,36,30%,4,100,0.45,0.55,0,0,0,-1,0.11433345079421997,1.0371193885803223
TrustMark P,37,100%,0,100,0.0,1.0,1,1,1,1,-0.21182236075401306,10.274195671081543
TrustMark P,37,100%,1,100,0.0,1.0,1,1,1,1,-0.21182236075401306,10.274195671081543
TrustMark P,37,100%,2,100,0.0,1.0,1,1,1,1,-0.21182236075401306,10.274195671081543
TrustMark P,37,100%,3,100,0.0,1.0,1,1,1,1,-0.21182236075401306,10.274195671081543
TrustMark P,37,100%,4,100,0.0,1.0,1,1,1,1,-0.21182236075401306,10.274195671081543
TrustMark P,37,70%,0,100,0.02,0.98,1,1,1,1,-0.4190613031387329,5.568820953369141
TrustMark P,37,70%,1,100,0.02,0.98,1,1,1,1,-0.29830145835876465,6.65572452545166
TrustMark P,37,70%,2,100,0.01,0.99,1,1,1,1,-0.22628776729106903,7.907254219055176
TrustMark P,37,70%,3,100,0.0,1.0,1,1,1,1,-0.5817800164222717,7.494412422180176
TrustMark P,37,70%,4,100,0.01,0.99,1,1,1,1,-0.22628776729106903,7.907254219055176
TrustMark P,37,50%,0,100,0.07,0.9299999999999999,0,0,0,-1,-0.2603357136249542,3.788384437561035
TrustMark P,37,50%,1,100,0.11,0.89,0,0,0,-1,-0.49094635248184204,4.322857856750488
TrustMark P,37,50%,2,100,0.09,0.91,0,0,0,-1,-0.4290817379951477,4.2000412940979
TrustMark P,37,50%,3,100,0.05,0.95,1,1,1,1,-0.21154184639453888,4.131524562835693
TrustMark P,37,50%,4,100,0.06,0.94,0,0,0,-1,-0.5683187246322632,4.326831340789795
TrustMark P,37,40%,0,100,0.16,0.84,0,0,0,-1,-0.10073364526033401,2.5613925457000732
TrustMark P,37,40%,1,100,0.2,0.8,0,0,0,-1,0.22399230301380157,2.1549317836761475
TrustMark P,37,40%,2,100,0.11,0.89,0,0,0,-1,-0.5100007057189941,3.1151540279388428
TrustMark P,37,40%,3,100,0.18,0.8200000000000001,0,0,0,-1,-0.12587536871433258,1.0010679960250854
TrustMark P,37,40%,4,100,0.33,0.6699999999999999,0,0,0,-1,-0.16347581148147583,1.0475449562072754
TrustMark P,37,30%,0,100,0.14,0.86,0,0,0,-1,-0.29112744331359863,1.4018604755401611
TrustMark P,37,30%,1,100,0.32,0.6799999999999999,0,0,0,-1,-0.07313929498195648,0.42192113399505615
TrustMark P,37,30%,2,100,0.18,0.8200000000000001,0,0,0,-1,-0.5075078010559082,2.264390468597412
TrustMark P,37,30%,3,100,0.24,0.76,0,0,0,-1,-0.03188372775912285,1.689091444015503
TrustMark P,37,30%,4,100,0.22,0.78,0,0,0,-1,-0.0961136743426323,1.335636854171753
TrustMark P,38,100%,0,100,0.01,0.99,1,1,1,1,-1.0133758783340454,6.532411098480225
TrustMark P,38,100%,1,100,0.01,0.99,1,1,1,1,-1.0133758783340454,6.532411098480225
TrustMark P,38,100%,2,100,0.01,0.99,1,1,1,1,-1.0133758783340454,6.532411098480225
TrustMark P,38,100%,3,100,0.01,0.99,1,1,1,1,-1.0133758783340454,6.532411098480225
TrustMark P,38,100%,4,100,0.01,0.99,1,1,1,1,-1.0133758783340454,6.532411098480225
TrustMark P,38,70%,0,100,0.06,0.94,0,0,0,-1,-0.5956318378448486,4.076406955718994
TrustMark P,38,70%,1,100,0.07,0.9299999999999999,0,0,0,-1,-0.34955933690071106,4.667520999908447
TrustMark P,38,70%,2,100,0.09,0.91,0,0,0,-1,-0.18785645067691803,4.642141819000244
TrustMark P,38,70%,3,100,0.05,0.95,1,1,1,1,-0.5294411182403564,5.558332920074463
TrustMark P,38,70%,4,100,0.09,0.91,0,0,0,-1,-0.18785645067691803,4.642141819000244
TrustMark P,38,50%,0,100,0.1,0.9,0,0,0,-1,-0.11538143455982208,3.829848051071167
TrustMark P,38,50%,1,100,0.12,0.88,0,0,0,-1,-0.16681751608848572,3.429119825363159
TrustMark P,38,50%,2,100,0.09,0.91,0,0,0,-1,-0.24597801268100739,3.4309041500091553
TrustMark P,38,50%,3,100,0.12,0.88,0,0,0,-1,-0.06419836729764938,3.5427615642547607
TrustMark P,38,50%,4,100,0.11,0.89,0,0,0,-1,-0.08376829326152802,3.083930253982544
TrustMark P,38,40%,0,100,0.19,0.81,0,0,0,-1,0.14025898277759552,2.3444364070892334
TrustMark P,38,40%,1,100,0.16,0.84,0,0,0,-1,-0.21347752213478088,2.0484540462493896
TrustMark P,38,40%,2,100,0.15,0.85,0,0,0,-1,0.12261974066495895,2.3042774200439453
TrustMark P,38,40%,3,100,0.24,0.76,0,0,0,-1,-0.1509086638689041,1.8544111251831055
TrustMark P,38,40%,4,100,0.16,0.84,0,0,0,-1,-0.1442217230796814,2.0184948444366455
TrustMark P,38,30%,0,100,0.26,0.74,0,0,0,-1,-0.007203214336186647,1.5415328741073608
TrustMark P,38,30%,1,100,0.28,0.72,1,0,0,3,-0.02787860669195652,0.48722705245018005
TrustMark P,38,30%,2,100,0.23,0.77,0,0,0,-1,-0.022210149094462395,1.2590160369873047
TrustMark P,38,30%,3,100,0.14,0.86,0,0,0,-1,-0.05708800256252289,1.7596099376678467
TrustMark P,38,30%,4,100,0.18,0.8200000000000001,0,0,0,-1,0.045109786093235016,1.7676504850387573
TrustMark P,39,100%,0,100,0.0,1.0,1,1,1,1,-0.260403037071228,8.345000267028809
TrustMark P,39,100%,1,100,0.0,1.0,1,1,1,1,-0.260403037071228,8.345000267028809
TrustMark P,39,100%,2,100,0.0,1.0,1,1,1,1,-0.260403037071228,8.345000267028809
TrustMark P,39,100%,3,100,0.0,1.0,1,1,1,1,-0.260403037071228,8.345000267028809
TrustMark P,39,100%,4,100,0.0,1.0,1,1,1,1,-0.260403037071228,8.345000267028809
TrustMark P,39,70%,0,100,0.02,0.98,1,1,1,1,0.02050437033176422,5.407281875610352
TrustMark P,39,70%,1,100,0.02,0.98,1,1,1,1,-0.13100098073482513,6.268693923950195
TrustMark P,39,70%,2,100,0.0,1.0,1,1,1,1,-0.3710605502128601,6.247857570648193
TrustMark P,39,70%,3,100,0.0,1.0,1,1,1,1,-0.45890578627586365,7.1683349609375
TrustMark P,39,70%,4,100,0.0,1.0,1,1,1,1,-0.3710605502128601,6.247857570648193
TrustMark P,39,50%,0,100,0.08,0.92,0,0,0,-1,0.016599519178271294,3.5506653785705566
TrustMark P,39,50%,1,100,0.08,0.92,0,0,0,-1,0.057486239820718765,3.4994966983795166
TrustMark P,39,50%,2,100,0.06,0.94,0,0,0,-1,-0.05843121185898781,3.5695884227752686
TrustMark P,39,50%,3,100,0.05,0.95,0,0,0,-1,-0.038114357739686966,3.839031934738159
TrustMark P,39,50%,4,100,0.04,0.96,0,0,0,-1,-0.020914526656270027,3.824436902999878
TrustMark P,39,40%,0,100,0.15,0.85,0,0,0,-1,0.044979315251111984,2.7779381275177
TrustMark P,39,40%,1,100,0.18,0.8200000000000001,0,0,0,-1,0.006854883395135403,2.196145534515381
TrustMark P,39,40%,2,100,0.16,0.84,0,0,0,-1,-0.005798523314297199,2.4368929862976074
TrustMark P,39,40%,3,100,0.21,0.79,0,0,0,-1,0.06155475601553917,1.4396545886993408
TrustMark P,39,40%,4,100,0.18,0.8200000000000001,0,0,0,-1,0.03448466956615448,1.7366514205932617
TrustMark P,39,30%,0,100,0.23,0.77,0,0,0,-1,0.1420750617980957,1.166702389717102
TrustMark P,39,30%,1,100,0.38,0.62,0,0,0,-1,-0.05044884234666824,0.2426462024450302
TrustMark P,39,30%,2,100,0.16,0.84,0,0,0,-1,0.17551898956298828,1.7439194917678833
TrustMark P,39,30%,3,100,0.15,0.85,0,0,0,-1,0.07851938903331757,1.9824427366256714
TrustMark P,39,30%,4,100,0.2,0.8,0,0,0,-1,0.12026854604482651,1.7331643104553223
TrustMark P,40,100%,0,100,0.06,0.94,0,0,0,-1,0.006950255483388901,5.7184157371521
TrustMark P,40,100%,1,100,0.06,0.94,0,0,0,-1,0.006950255483388901,5.7184157371521
TrustMark P,40,100%,2,100,0.06,0.94,0,0,0,-1,0.006950255483388901,5.7184157371521
TrustMark P,40,100%,3,100,0.06,0.94,0,0,0,-1,0.006950255483388901,5.7184157371521
TrustMark P,40,100%,4,100,0.06,0.94,0,0,0,-1,0.006950255483388901,5.7184157371521
TrustMark P,40,70%,0,100,0.11,0.89,0,0,0,-1,0.10608220100402832,3.0369231700897217
TrustMark P,40,70%,1,100,0.09,0.91,0,0,0,-1,0.35280677676200867,3.3133695125579834
TrustMark P,40,70%,2,100,0.06,0.94,0,0,0,-1,0.10172771662473679,3.4769933223724365
TrustMark P,40,70%,3,100,0.05,0.95,1,1,1,1,0.04906448721885681,3.719846487045288
TrustMark P,40,70%,4,100,0.06,0.94,0,0,0,-1,0.10172771662473679,3.4769933223724365
TrustMark P,40,50%,0,100,0.19,0.81,0,0,0,-1,0.17675258219242096,1.9320720434188843
TrustMark P,40,50%,1,100,0.17,0.83,0,0,0,-1,0.16205701231956482,2.1089229583740234
TrustMark P,40,50%,2,100,0.16,0.84,0,0,0,-1,0.15552951395511627,2.177639961242676
TrustMark P,40,50%,3,100,0.22,0.78,0,0,0,-1,0.2475176453590393,1.947142481803894
TrustMark P,40,50%,4,100,0.22,0.78,0,0,0,-1,0.21269021928310394,1.7961905002593994
TrustMark P,40,40%,0,100,0.26,0.74,0,0,0,-1,0.22222653031349182,1.2963382005691528
TrustMark P,40,40%,1,100,0.26,0.74,0,0,0,-1,0.14867980778217316,1.6613678932189941
TrustMark P,40,40%,2,100,0.27,0.73,0,0,0,-1,0.14896860718727112,1.2412034273147583
TrustMark P,40,40%,3,100,0.3,0.7,0,0,0,-1,0.20158971846103668,0.8032964468002319
TrustMark P,40,40%,4,100,0.25,0.75,0,0,0,-1,0.1365787386894226,0.8625136613845825
TrustMark P,40,30%,0,100,0.34,0.6599999999999999,0,0,0,-1,0.061287131160497665,0.49723896384239197
TrustMark P,40,30%,1,100,0.46,0.54,0,0,0,-1,-0.008792642503976822,0.13162288069725037
TrustMark P,40,30%,2,100,0.35,0.65,0,0,0,-1,0.03448387235403061,0.9855886697769165
TrustMark P,40,30%,3,100,0.22,0.78,0,0,0,-1,0.17865411937236786,1.1732971668243408
TrustMark P,40,30%,4,100,0.27,0.73,0,0,0,-1,0.2676297426223755,1.0143331289291382
TrustMark P,41,100%,0,100,0.0,1.0,1,1,1,1,0.2652137279510498,11.700248718261719
TrustMark P,41,100%,1,100,0.0,1.0,1,1,1,1,0.2652137279510498,11.700248718261719
TrustMark P,41,100%,2,100,0.0,1.0,1,1,1,1,0.2652137279510498,11.700248718261719
TrustMark P,41,100%,3,100,0.0,1.0,1,1,1,1,0.2652137279510498,11.700248718261719
TrustMark P,41,100%,4,100,0.0,1.0,1,1,1,1,0.2652137279510498,11.700248718261719
TrustMark P,41,70%,0,100,0.01,0.99,1,1,1,1,0.4272911846637726,9.494577407836914
TrustMark P,41,70%,1,100,0.0,1.0,1,1,1,1,0.5088443160057068,9.80935287475586
TrustMark P,41,70%,2,100,0.02,0.98,1,1,1,1,0.7533751130104065,9.992201805114746
TrustMark P,41,70%,3,100,0.0,1.0,1,1,1,1,0.647106409072876,10.5093412399292
TrustMark P,41,70%,4,100,0.02,0.98,1,1,1,1,0.7533751130104065,9.992201805114746
TrustMark P,41,50%,0,100,0.07,0.9299999999999999,0,0,0,-1,0.25149163603782654,6.0290985107421875
TrustMark P,41,50%,1,100,0.07,0.9299999999999999,0,0,0,-1,0.060363031923770905,5.666177272796631
TrustMark P,41,50%,2,100,0.08,0.92,0,0,0,-1,0.03530722111463547,5.665117263793945
TrustMark P,41,50%,3,100,0.05,0.95,1,1,1,1,0.5014285445213318,6.515376567840576
TrustMark P,41,50%,4,100,0.07,0.9299999999999999,0,0,0,-1,0.41711661219596863,6.4053955078125
TrustMark P,41,40%,0,100,0.15,0.85,0,0,0,-1,0.2176612913608551,4.489747524261475
TrustMark P,41,40%,1,100,0.16,0.84,0,0,0,-1,-0.18084457516670227,3.4479432106018066
TrustMark P,41,40%,2,100,0.11,0.89,0,0,0,-1,0.10849417001008987,3.9028735160827637
TrustMark P,41,40%,3,100,0.29,0.71,0,0,0,-1,0.1424596607685089,1.2390414476394653
TrustMark P,41,40%,4,100,0.17,0.83,0,0,0,-1,0.31084173917770386,1.6488924026489258
TrustMark P,41,30%,0,100,0.46,0.54,0,0,0,-1,0.05065876990556717,1.2319504022598267
TrustMark P,41,30%,1,100,0.33,0.6699999999999999,0,0,0,-1,0.12143172323703766,0.6269354224205017
TrustMark P,41,30%,2,100,0.24,0.76,0,0,0,-1,0.02629871852695942,2.4635255336761475
TrustMark P,41,30%,3,100,0.15,0.85,0,0,0,-1,0.027407441288232803,2.6428561210632324
TrustMark P,41,30%,4,100,0.21,0.79,1,0,0,3,0.17768670618534088,2.918187141418457
TrustMark P,42,100%,0,100,0.0,1.0,1,1,1,1,0.4174354076385498,10.794195175170898
TrustMark P,42,100%,1,100,0.0,1.0,1,1,1,1,0.4174354076385498,10.794195175170898
TrustMark P,42,100%,2,100,0.0,1.0,1,1,1,1,0.4174354076385498,10.794195175170898
TrustMark P,42,100%,3,100,0.0,1.0,1,1,1,1,0.4174354076385498,10.794195175170898
TrustMark P,42,100%,4,100,0.0,1.0,1,1,1,1,0.4174354076385498,10.794195175170898
TrustMark P,42,70%,0,100,0.0,1.0,1,1,1,1,0.3540973663330078,9.552736282348633
TrustMark P,42,70%,1,100,0.0,1.0,1,1,1,1,0.4653179943561554,9.678216934204102
TrustMark P,42,70%,2,100,0.0,1.0,1,1,1,1,0.3515458405017853,9.594854354858398
TrustMark P,42,70%,3,100,0.0,1.0,1,1,1,1,0.5202751755714417,9.984940528869629
TrustMark P,42,70%,4,100,0.0,1.0,1,1,1,1,0.3515458405017853,9.594854354858398
TrustMark P,42,50%,0,100,0.02,0.98,1,1,1,1,0.19379746913909912,6.823321342468262
TrustMark P,42,50%,1,100,0.05,0.95,1,1,1,1,0.0008406114648096263,6.144662857055664
TrustMark P,42,50%,2,100,0.04,0.96,1,1,1,1,-0.06628131866455078,6.360794544219971
TrustMark P,42,50%,3,100,0.01,0.99,1,1,1,1,0.09780168533325195,6.6973347663879395
TrustMark P,42,50%,4,100,0.02,0.98,1,1,1,1,-0.14226210117340088,6.641574859619141
TrustMark P,42,40%,0,100,0.05,0.95,1,1,1,1,0.03243507072329521,4.805884838104248
TrustMark P,42,40%,1,100,0.13,0.87,0,0,0,-1,0.38317230343818665,3.3482825756073
TrustMark P,42,40%,2,100,0.07,0.9299999999999999,0,0,0,-1,-0.2768370509147644,4.730393886566162
TrustMark P,42,40%,3,100,0.06,0.94,0,0,0,-1,0.3253096044063568,2.3950154781341553
TrustMark P,42,40%,4,100,0.08,0.92,0,0,0,-1,0.3812467157840729,3.8639321327209473
TrustMark P,42,30%,0,100,0.15,0.85,0,0,0,-1,0.35071274638175964,1.9837679862976074
TrustMark P,42,30%,1,100,0.26,0.74,0,0,0,-1,0.005111268721520901,0.7367047071456909
TrustMark P,42,30%,2,100,0.21,0.79,0,0,0,-1,0.014741381630301476,2.4251179695129395
TrustMark P,42,30%,3,100,0.11,0.89,0,0,0,-1,0.14427579939365387,3.073800563812256
TrustMark P,42,30%,4,100,0.1,0.9,0,0,0,-1,0.017127253115177155,3.758181571960449
TrustMark P,43,100%,0,100,0.0,1.0,1,1,1,1,-0.01105965580791235,11.630314826965332
TrustMark P,43,100%,1,100,0.0,1.0,1,1,1,1,-0.01105965580791235,11.630314826965332
TrustMark P,43,100%,2,100,0.0,1.0,1,1,1,1,-0.01105965580791235,11.630314826965332
TrustMark P,43,100%,3,100,0.0,1.0,1,1,1,1,-0.01105965580791235,11.630314826965332
TrustMark P,43,100%,4,100,0.0,1.0,1,1,1,1,-0.01105965580791235,11.630314826965332
TrustMark P,43,70%,0,100,0.0,1.0,1,1,1,1,0.23511859774589539,10.109105110168457
TrustMark P,43,70%,1,100,0.0,1.0,1,1,1,1,0.24308468401432037,10.338671684265137
TrustMark P,43,70%,2,100,0.0,1.0,1,1,1,1,0.6609717607498169,10.484418869018555
TrustMark P,43,70%,3,100,0.0,1.0,1,1,1,1,0.3118463456630707,10.711199760437012
TrustMark P,43,70%,4,100,0.0,1.0,1,1,1,1,0.6609717607498169,10.484418869018555
TrustMark P,43,50%,0,100,0.0,1.0,1,1,1,1,0.2957952320575714,8.297731399536133
TrustMark P,43,50%,1,100,0.05,0.95,1,1,1,1,-0.030762391164898872,6.3590087890625
TrustMark P,43,50%,2,100,0.03,0.97,1,1,1,1,-0.09104754775762558,6.898198127746582
TrustMark P,43,50%,3,100,0.0,1.0,1,1,1,1,0.6993280053138733,8.150012969970703
TrustMark P,43,50%,4,100,0.04,0.96,1,1,1,1,0.08987616747617722,6.921539783477783
TrustMark P,43,40%,0,100,0.06,0.94,0,0,0,-1,0.518293023109436,5.559772968292236
TrustMark P,43,40%,1,100,0.12,0.88,0,0,0,-1,0.2459339201450348,3.472452402114868
TrustMark P,43,40%,2,100,0.07,0.9299999999999999,0,0,0,-1,0.18070219457149506,5.5633697509765625
TrustMark P,43,40%,3,100,0.19,0.81,0,0,0,-1,-0.04210998862981796,2.7814769744873047
TrustMark P,43,40%,4,100,0.13,0.87,0,0,0,-1,0.05083088576793671,3.350238084793091
TrustMark P,43,30%,0,100,0.16,0.84,0,0,0,-1,-0.07470954209566116,1.3875198364257812
TrustMark P,43,30%,1,100,0.29,0.71,0,0,0,-1,0.03353715315461159,0.5738021731376648
TrustMark P,43,30%,2,100,0.14,0.86,0,0,0,-1,-0.14201620221138,2.388291120529175
TrustMark P,43,30%,3,100,0.16,0.84,0,0,0,-1,0.1316906362771988,3.213904619216919
TrustMark P,43,30%,4,100,0.16,0.84,0,0,0,-1,0.3784749209880829,3.415417432785034
TrustMark P,44,100%,0,100,0.0,1.0,1,1,1,1,-0.3716524839401245,11.539305686950684
TrustMark P,44,100%,1,100,0.0,1.0,1,1,1,1,-0.3716524839401245,11.539305686950684
TrustMark P,44,100%,2,100,0.0,1.0,1,1,1,1,-0.3716524839401245,11.539305686950684
TrustMark P,44,100%,3,100,0.0,1.0,1,1,1,1,-0.3716524839401245,11.539305686950684
TrustMark P,44,100%,4,100,0.0,1.0,1,1,1,1,-0.3716524839401245,11.539305686950684
TrustMark P,44,70%,0,100,0.0,1.0,1,1,1,1,-0.37782639265060425,8.705313682556152
TrustMark P,44,70%,1,100,0.01,0.99,1,1,1,1,-0.34669750928878784,10.226892471313477
TrustMark P,44,70%,2,100,0.0,1.0,1,1,1,1,0.05009012296795845,9.998173713684082
TrustMark P,44,70%,3,100,0.0,1.0,1,1,1,1,-0.07166855037212372,10.383995056152344
TrustMark P,44,70%,4,100,0.0,1.0,1,1,1,1,0.05009012296795845,9.998173713684082
TrustMark P,44,50%,0,100,0.0,1.0,1,1,1,1,0.2466678023338318,7.221559047698975
TrustMark P,44,50%,1,100,0.03,0.97,1,1,1,1,-0.618013322353363,6.057356357574463
TrustMark P,44,50%,2,100,0.05,0.95,1,1,1,1,-0.6013899445533752,6.603109359741211
TrustMark P,44,50%,3,100,0.03,0.97,1,1,1,1,0.10807520151138306,6.767981052398682
TrustMark P,44,50%,4,100,0.05,0.95,1,1,1,1,-0.42941439151763916,6.443535327911377
TrustMark P,44,40%,0,100,0.1,0.9,0,0,0,-1,0.19502504169940948,4.261447906494141
TrustMark P,44,40%,1,100,0.13,0.87,0,0,0,-1,0.43218937516212463,2.926931381225586
TrustMark P,44,40%,2,100,0.08,0.92,0,0,0,-1,-0.22431142628192902,4.426313400268555
TrustMark P,44,40%,3,100,0.16,0.84,0,0,0,-1,-0.06906353682279587,1.9319334030151367
TrustMark P,44,40%,4,100,0.18,0.8200000000000001,0,0,0,-1,-0.15333619713783264,2.1098015308380127
TrustMark P,44,30%,0,100,0.16,0.84,0,0,0,-1,-0.1587517112493515,1.501064419746399
TrustMark P,44,30%,1,100,0.36,0.64,1,0,0,3,-0.01158908475190401,0.4382936358451843
TrustMark P,44,30%,2,100,0.15,0.85,0,0,0,-1,-0.06269073486328125,2.3023300170898438
TrustMark P,44,30%,3,100,0.12,0.88,0,0,0,-1,0.3519408106803894,2.5607874393463135
TrustMark P,44,30%,4,100,0.19,0.81,1,0,0,3,-0.02504480630159378,1.347672939300537
TrustMark P,45,100%,0,100,0.0,1.0,1,1,1,1,0.9999653697013855,11.112142562866211
TrustMark P,45,100%,1,100,0.0,1.0,1,1,1,1,0.9999653697013855,11.112142562866211
TrustMark P,45,100%,2,100,0.0,1.0,1,1,1,1,0.9999653697013855,11.112142562866211
TrustMark P,45,100%,3,100,0.0,1.0,1,1,1,1,0.9999653697013855,11.112142562866211
TrustMark P,45,100%,4,100,0.0,1.0,1,1,1,1,0.9999653697013855,11.112142562866211
TrustMark P,45,70%,0,100,0.0,1.0,1,1,1,1,0.5147611498832703,9.424736022949219
TrustMark P,45,70%,1,100,0.0,1.0,1,1,1,1,0.6544873714447021,9.492101669311523
TrustMark P,45,70%,2,100,0.0,1.0,1,1,1,1,0.43575775623321533,9.283940315246582
TrustMark P,45,70%,3,100,0.0,1.0,1,1,1,1,0.5575668811798096,9.929908752441406
TrustMark P,45,70%,4,100,0.0,1.0,1,1,1,1,0.43575775623321533,9.283940315246582
TrustMark P,45,50%,0,100,0.06,0.94,0,0,0,-1,0.5365288257598877,6.437990188598633
TrustMark P,45,50%,1,100,0.04,0.96,1,1,1,1,0.7035771012306213,4.922849655151367
TrustMark P,45,50%,2,100,0.02,0.98,1,1,1,1,0.6756738424301147,4.872433662414551
TrustMark P,45,50%,3,100,0.05,0.95,1,1,1,1,0.2782527804374695,6.102869987487793
TrustMark P,45,50%,4,100,0.04,0.96,1,1,1,1,0.5433657765388489,5.061707973480225
TrustMark P,45,40%,0,100,0.09,0.91,0,0,0,-1,0.0953458622097969,3.9145662784576416
TrustMark P,45,40%,1,100,0.13,0.87,0,0,0,-1,0.5587499737739563,3.5155692100524902
TrustMark P,45,40%,2,100,0.08,0.92,0,0,0,-1,0.34753286838531494,3.4059479236602783
TrustMark P,45,40%,3,100,0.46,0.54,0,0,0,-1,0.40745657682418823,2.273983955383301
TrustMark P,45,40%,4,100,0.46,0.54,0,0,0,-1,0.18558330833911896,1.3543215990066528
TrustMark P,45,30%,0,100,0.49,0.51,0,0,0,-1,0.32338419556617737,1.7082171440124512
TrustMark P,45,30%,1,100,0.36,0.64,0,0,0,-1,0.04672585055232048,0.5374026298522949
TrustMark P,45,30%,2,100,0.22,0.78,0,0,0,-1,0.40363070368766785,2.497258186340332
TrustMark P,45,30%,3,100,0.16,0.84,0,0,0,-1,0.35575079917907715,2.7775189876556396
TrustMark P,45,30%,4,100,0.18,0.8200000000000001,0,0,0,-1,0.036747630685567856,2.6240248680114746
TrustMark P,46,100%,0,100,0.0,1.0,1,1,1,1,-1.0792269706726074,9.983044624328613
TrustMark P,46,100%,1,100,0.0,1.0,1,1,1,1,-1.0792269706726074,9.983044624328613
TrustMark P,46,100%,2,100,0.0,1.0,1,1,1,1,-1.0792269706726074,9.983044624328613
TrustMark P,46,100%,3,100,0.0,1.0,1,1,1,1,-1.0792269706726074,9.983044624328613
TrustMark P,46,100%,4,100,0.0,1.0,1,1,1,1,-1.0792269706726074,9.983044624328613
TrustMark P,46,70%,0,100,0.01,0.99,1,1,1,1,-0.7691351175308228,6.611161708831787
TrustMark P,46,70%,1,100,0.02,0.98,1,1,1,1,-0.9026573300361633,7.045950889587402
TrustMark P,46,70%,2,100,0.04,0.96,1,1,1,1,-0.8868525624275208,7.226464748382568
TrustMark P,46,70%,3,100,0.03,0.97,1,1,1,1,-1.0363003015518188,7.821129322052002
TrustMark P,46,70%,4,100,0.04,0.96,1,1,1,1,-0.8868525624275208,7.226464748382568
TrustMark P,46,50%,0,100,0.08,0.92,0,0,0,-1,-0.846648097038269,4.0658369064331055
TrustMark P,46,50%,1,100,0.09,0.91,0,0,0,-1,-0.744975745677948,4.150360584259033
TrustMark P,46,50%,2,100,0.1,0.9,0,0,0,-1,-0.9028549194335938,4.07216215133667
TrustMark P,46,50%,3,100,0.07,0.9299999999999999,0,0,0,-1,-0.9504699110984802,4.023343563079834
TrustMark P,46,50%,4,100,0.09,0.91,0,0,0,-1,-0.8700408935546875,4.226800441741943
TrustMark P,46,40%,0,100,0.13,0.87,0,0,0,-1,-0.7238827347755432,2.6987228393554688
TrustMark P,46,40%,1,100,0.2,0.8,0,0,0,-1,-0.29167070984840393,2.3718764781951904
TrustMark P,46,40%,2,100,0.14,0.86,0,0,0,-1,-0.626895010471344,2.755584955215454
TrustMark P,46,40%,3,100,0.44,0.56,0,0,0,-1,0.2749280631542206,1.4413096904754639
TrustMark P,46,40%,4,100,0.39,0.61,0,0,0,-1,0.1451292634010315,1.3222320079803467
TrustMark P,46,30%,0,100,0.4,0.6,0,0,0,-1,0.11647272109985352,0.9365890622138977
TrustMark P,46,30%,1,100,0.26,0.74,0,0,0,-1,-8.988141780719161e-05,0.447454571723938
TrustMark P,46,30%,2,100,0.16,0.84,0,0,0,-1,-0.263306587934494,1.7994716167449951
TrustMark P,46,30%,3,100,0.2,0.8,0,0,0,-1,-0.2717350423336029,1.6101115942001343
TrustMark P,46,30%,4,100,0.25,0.75,0,0,0,-1,-0.40964755415916443,1.546737790107727
TrustMark P,47,100%,0,100,0.0,1.0,1,1,1,1,1.70673406124115,10.63640022277832
TrustMark P,47,100%,1,100,0.0,1.0,1,1,1,1,1.70673406124115,10.63640022277832
TrustMark P,47,100%,2,100,0.0,1.0,1,1,1,1,1.70673406124115,10.63640022277832
TrustMark P,47,100%,3,100,0.0,1.0,1,1,1,1,1.70673406124115,10.63640022277832
TrustMark P,47,100%,4,100,0.0,1.0,1,1,1,1,1.70673406124115,10.63640022277832
TrustMark P,47,70%,0,100,0.0,1.0,1,1,1,1,1.1093629598617554,8.101982116699219
TrustMark P,47,70%,1,100,0.0,1.0,1,1,1,1,1.0181725025177002,8.963825225830078
TrustMark P,47,70%,2,100,0.0,1.0,1,1,1,1,1.3478264808654785,8.821677207946777
TrustMark P,47,70%,3,100,0.0,1.0,1,1,1,1,1.2113769054412842,9.479761123657227
TrustMark P,47,70%,4,100,0.0,1.0,1,1,1,1,1.3478264808654785,8.821677207946777
TrustMark P,47,50%,0,100,0.04,0.96,1,1,1,1,0.736728847026825,4.902346611022949
TrustMark P,47,50%,1,100,0.05,0.95,1,1,1,1,0.39108264446258545,4.776047229766846
TrustMark P,47,50%,2,100,0.02,0.98,1,1,1,1,0.46114733815193176,4.547884941101074
TrustMark P,47,50%,3,100,0.06,0.94,0,0,0,-1,0.7874981760978699,4.870800495147705
TrustMark P,47,50%,4,100,0.02,0.98,1,1,1,1,0.3554888069629669,4.378860950469971
TrustMark P,47,40%,0,100,0.12,0.88,0,0,0,-1,0.6114988923072815,3.501688241958618
TrustMark P,47,40%,1,100,0.14,0.86,0,0,0,-1,0.6734036207199097,3.1689465045928955
TrustMark P,47,40%,2,100,0.12,0.88,0,0,0,-1,0.2222113013267517,2.9238977432250977
TrustMark P,47,40%,3,100,0.45,0.55,0,0,0,-1,0.588123619556427,2.3754546642303467
TrustMark P,47,40%,4,100,0.04,0.96,1,1,1,1,0.5574795007705688,2.6970293521881104
TrustMark P,47,30%,0,100,0.15,0.85,0,0,0,-1,0.4214329421520233,1.3590173721313477
TrustMark P,47,30%,1,100,0.33,0.6699999999999999,0,0,0,-1,0.20847837626934052,0.7064773440361023
TrustMark P,47,30%,2,100,0.18,0.8200000000000001,0,0,0,-1,0.24528464674949646,2.1359643936157227
TrustMark P,47,30%,3,100,0.16,0.84,0,0,0,-1,0.48320484161376953,2.6311874389648438
TrustMark P,47,30%,4,100,0.13,0.87,0,0,0,-1,0.4134739935398102,2.3949766159057617
TrustMark P,48,100%,0,100,0.0,1.0,1,1,1,1,-0.32546982169151306,7.529170989990234
TrustMark P,48,100%,1,100,0.0,1.0,1,1,1,1,-0.32546982169151306,7.529170989990234
TrustMark P,48,100%,2,100,0.0,1.0,1,1,1,1,-0.32546982169151306,7.529170989990234
TrustMark P,48,100%,3,100,0.0,1.0,1,1,1,1,-0.32546982169151306,7.529170989990234
TrustMark P,48,100%,4,100,0.0,1.0,1,1,1,1,-0.32546982169151306,7.529170989990234
TrustMark P,48,70%,0,100,0.06,0.94,0,0,0,-1,-0.31940901279449463,4.466419696807861
TrustMark P,48,70%,1,100,0.05,0.95,1,1,1,1,-0.014473309740424156,4.063343048095703
TrustMark P,48,70%,2,100,0.06,0.94,0,0,0,-1,-0.23542465269565582,4.321306228637695
TrustMark P,48,70%,3,100,0.04,0.96,1,1,1,1,-0.1038886234164238,4.195836067199707
TrustMark P,48,70%,4,100,0.03,0.97,1,1,1,1,-0.08814729750156403,4.146800994873047
TrustMark P,48,50%,0,100,0.11,0.89,0,0,0,-1,-0.07268137484788895,2.6570043563842773
TrustMark P,48,50%,1,100,0.14,0.86,0,0,0,-1,-0.2659766972064972,2.141787528991699
TrustMark P,48,50%,2,100,0.11,0.89,0,0,0,-1,-0.06933385878801346,2.228410243988037
TrustMark P,48,50%,3,100,0.16,0.84,0,0,0,-1,-0.15197540819644928,1.6776200532913208
TrustMark P,48,50%,4,100,0.16,0.84,0,0,0,-1,-0.006776729598641396,2.3013710975646973
TrustMark P,48,40%,0,100,0.35,0.65,0,0,0,-1,-0.041096992790699005,0.3717394173145294
TrustMark P,48,40%,1,100,0.2,0.8,0,0,0,-1,-0.2946590781211853,2.1580231189727783
TrustMark P,48,40%,2,100,0.15,0.85,0,0,0,-1,-0.146847665309906,1.4449336528778076
TrustMark P,48,40%,3,100,0.19,0.81,0,0,0,-1,-0.12798146903514862,1.8593510389328003
TrustMark P,48,40%,4,100,0.23,0.77,0,0,0,-1,0.1016269400715828,0.5941548943519592
TrustMark P,48,30%,0,100,0.32,0.6799999999999999,0,0,0,-1,-0.032736264169216156,0.4223489463329315
TrustMark P,48,30%,1,100,0.27,0.73,0,0,0,-1,-0.061712846159935,1.166372299194336
TrustMark P,48,30%,2,100,0.38,0.62,0,0,0,-1,-0.051899876445531845,0.3452160954475403
TrustMark P,48,30%,3,100,0.27,0.73,0,0,0,-1,0.13794417679309845,1.0604660511016846
TrustMark P,48,30%,4,100,0.22,0.78,0,0,0,-1,-0.03858404979109764,1.223525047302246
TrustMark P,49,100%,0,100,0.0,1.0,1,1,1,1,-0.01696467399597168,9.961092948913574
TrustMark P,49,100%,1,100,0.0,1.0,1,1,1,1,-0.01696467399597168,9.961092948913574
TrustMark P,49,100%,2,100,0.0,1.0,1,1,1,1,-0.01696467399597168,9.961092948913574
TrustMark P,49,100%,3,100,0.0,1.0,1,1,1,1,-0.01696467399597168,9.961092948913574
TrustMark P,49,100%,4,100,0.0,1.0,1,1,1,1,-0.01696467399597168,9.961092948913574
TrustMark P,49,70%,0,100,0.0,1.0,1,1,1,1,0.12840980291366577,7.794500827789307
TrustMark P,49,70%,1,100,0.02,0.98,1,1,1,1,-0.05832281708717346,6.8763580322265625
TrustMark P,49,70%,2,100,0.0,1.0,1,1,1,1,0.3486618101596832,7.740276336669922
TrustMark P,49,70%,3,100,0.03,0.97,1,1,1,1,-0.020178312435746193,5.076673984527588
TrustMark P,49,70%,4,100,0.01,0.99,1,1,1,1,0.09152759611606598,6.02003288269043
TrustMark P,49,50%,0,100,0.07,0.9299999999999999,0,0,0,-1,0.12503372132778168,3.7932703495025635
TrustMark P,49,50%,1,100,0.07,0.9299999999999999,0,0,0,-1,-0.05666835233569145,2.9584524631500244
TrustMark P,49,50%,2,100,0.08,0.92,0,0,0,-1,0.1539754718542099,3.675421953201294
TrustMark P,49,50%,3,100,0.11,0.89,0,0,0,-1,-0.13790667057037354,2.708333969116211
TrustMark P,49,50%,4,100,0.05,0.95,1,1,1,1,0.009451830759644508,3.7381551265716553
TrustMark P,49,40%,0,100,0.4,0.6,0,0,0,-1,0.0414014533162117,0.651833176612854
TrustMark P,49,40%,1,100,0.14,0.86,0,0,0,-1,-0.14820577204227448,2.3337085247039795
TrustMark P,49,40%,2,100,0.17,0.83,0,0,0,-1,-0.019966671243309975,2.472313165664673
TrustMark P,49,40%,3,100,0.1,0.9,0,0,0,-1,0.06408819556236267,2.5380420684814453
TrustMark P,49,40%,4,100,0.25,0.75,0,0,0,-1,-0.10989411175251007,0.7121702432632446
TrustMark P,49,30%,0,100,0.43,0.5700000000000001,0,0,0,-1,-0.008329998701810837,0.4969511926174164
TrustMark P,49,30%,1,100,0.17,0.83,0,0,0,-1,-0.14606879651546478,1.9163894653320312
TrustMark P,49,30%,2,100,0.19,0.81,0,0,0,-1,0.16133350133895874,1.4211838245391846
TrustMark P,49,30%,3,100,0.26,0.74,0,0,0,-1,-0.08472128212451935,0.865557849407196
TrustMark P,49,30%,4,100,0.18,0.8200000000000001,0,0,0,-1,0.02533460222184658,1.8689656257629395
